#VRML V2.0 utf8
# 3D model generated by easyeda2kicad.py (https://github.com/uPesy/easyeda2kicad.py)

Shape{
    appearance Appearance {
        material  Material 	{
            diffuseColor 0.7686274509803922 0.7686274509803922 0.7686274509803922
            specularColor 0.615686274509804 0.615686274509804 0.615686274509804
            ambientIntensity 0.2
            transparency 0
            shininess 0.5
        }
    }
    geometry IndexedFaceSet {
        ccw TRUE
        solid FALSE
        coord DEF co Coordinate {
            point [
                0.7579 0.4331 0.9843, 0.7579 -0.2362 0.9843, 0.935 -0.2362 0.9843, 1.012 0.396 0.9843, 0.9964 0.4116 0.9843, 0.9777 0.4233 0.9843, 0.9777 -0.2265 0.9843, 0.9964 -0.2147 0.9843, 1.012 -0.1992 0.9843, 1.0237 -0.1805 0.9843, 1.031 -0.1597 0.9843, 1.0335 -0.1378 0.9843, 1.0335 0.3346 0.9843, 0.935 0.4331 0.9843, 1.031 0.3565 0.9843, 1.0237 0.3774 0.9843, 0.9569 0.4306 0.9843, 0.9569 -0.2338 0.9843, 0.731 0.4331 0.9816, 0.731 -0.2362 0.9816, 0.7051 0.4331 0.9738, 0.7051 -0.2362 0.9738, 0.6813 0.4331 0.961, 0.6813 -0.2362 0.961, 0.6604 0.4331 0.9439, 0.6604 -0.2362 0.9439, 0.6433 0.4331 0.923, 0.6433 -0.2362 0.923, 0.6306 0.4331 0.8992, 0.6306 -0.2362 0.8992, 0.6227 0.4331 0.8733, 0.6227 -0.2362 0.8733, 0.6201 0.4331 0.8465, 0.6201 -0.2362 0.8465, 0.6201 -0.2362 0.1378, 0.6201 0.4331 0.1378, 0.6227 0.4331 0.1109, 0.6227 -0.2362 0.1109, 0.6306 0.4331 0.0851, 0.6306 -0.2362 0.0851, 0.6433 0.4331 0.0612, 0.6433 -0.2362 0.0612, 0.6604 0.4331 0.0404, 0.6604 -0.2362 0.0404, 0.6813 0.4331 0.0232, 0.6813 -0.2362 0.0232, 0.7051 0.4331 0.0105, 0.7051 -0.2362 0.0105, 0.731 0.4331 0.0026, 0.731 -0.2362 0.0026, 0.7579 0.4331 0.0, 0.7579 -0.2362 0.0, 1.0925 -0.2362 0.0, 1.1909 0.3346 0.0, 1.1909 -0.1378 0.0, 1.0925 0.4331 0.0, 1.1695 0.396 0.0, 1.1812 0.3774 0.0, 1.1144 0.4306 0.0, 1.1352 0.4233 0.0, 1.1539 0.4116 0.0, 1.1885 0.3565 0.0, 1.1885 -0.1597 0.0, 1.1812 -0.1805 0.0, 1.1695 -0.1992 0.0, 1.1539 -0.2147 0.0, 1.1352 -0.2265 0.0, 1.1144 -0.2338 0.0, 1.1909 -0.1378 0.0984, 1.1909 0.3346 0.0984, 1.1885 -0.1597 0.0984, 1.0925 -0.2362 0.0984, 0.7579 -0.2362 0.0984, 1.1695 0.396 0.0984, 1.1539 0.4116 0.0984, 1.1352 0.4233 0.0984, 1.1885 0.3565 0.0984, 1.0925 0.4331 0.0984, 0.7579 0.4331 0.0984, 1.1812 0.3774 0.0984, 1.1144 0.4306 0.0984, 1.1539 -0.2147 0.0984, 1.1695 -0.1992 0.0984, 1.1352 -0.2265 0.0984, 1.1144 -0.2338 0.0984, 1.1812 -0.1805 0.0984, 0.7491 -0.2362 0.0994, 0.7491 0.4331 0.0994, 0.7408 -0.2362 0.1023, 0.7408 0.4331 0.1023, 0.7333 -0.2362 0.107, 0.7333 0.4331 0.107, 0.7271 -0.2362 0.1132, 0.7271 0.4331 0.1132, 0.7224 -0.2362 0.1207, 0.7224 0.4331 0.1207, 0.7195 -0.2362 0.129, 0.7195 0.4331 0.129, 0.7185 -0.2362 0.1378, 0.7185 0.4331 0.1378, 0.7185 -0.2362 0.8465, 0.7185 0.4331 0.8465, 0.7198 -0.2362 0.8566, 0.7198 0.4331 0.8566, 0.7238 -0.2362 0.8661, 0.7238 0.4331 0.8661, 0.73 -0.2362 0.8743, 0.73 0.4331 0.8743, 0.7382 -0.2362 0.8806, 0.7382 0.4331 0.8806, 0.7477 -0.2362 0.8845, 0.7477 0.4331 0.8845, 0.7579 -0.2362 0.8858, 0.7579 0.4331 0.8858, 1.0335 0.3346 0.8858, 1.0335 -0.1378 0.8858, 0.935 -0.2362 0.8858, 0.9777 0.4233 0.8858, 0.9964 0.4116 0.8858, 1.012 0.396 0.8858, 1.031 0.3565 0.8858, 0.935 0.4331 0.8858, 0.9569 0.4306 0.8858, 1.031 -0.1597 0.8858, 1.0237 -0.1805 0.8858, 1.012 -0.1992 0.8858, 1.0237 0.3774 0.8858, 0.9964 -0.2147 0.8858, 0.9777 -0.2265 0.8858, 0.9569 -0.2338 0.8858, -1.25 -0.2362 0.9843, -1.25 0.4331 0.9843, -1.4272 -0.2362 0.9843, -1.4272 0.4331 0.9843, -1.5256 -0.1378 0.9843, -1.5231 -0.1597 0.9843, -1.5256 0.3346 0.9843, -1.4491 0.4306 0.9843, -1.4885 0.4116 0.9843, -1.5041 0.396 0.9843, -1.5158 0.3774 0.9843, -1.5158 -0.1805 0.9843, -1.5041 -0.1992 0.9843, -1.4491 -0.2338 0.9843, -1.4885 -0.2147 0.9843, -1.4699 -0.2265 0.9843, -1.4699 0.4233 0.9843, -1.5231 0.3565 0.9843, -1.1122 -0.2362 0.8465, -1.1122 0.4331 0.8465, -1.1149 0.4331 0.8733, -1.1149 -0.2362 0.8733, -1.1227 0.4331 0.8992, -1.1227 -0.2362 0.8992, -1.1354 0.4331 0.923, -1.1354 -0.2362 0.923, -1.1526 0.4331 0.9439, -1.1526 -0.2362 0.9439, -1.1734 0.4331 0.961, -1.1734 -0.2362 0.961, -1.1973 0.4331 0.9738, -1.1973 -0.2362 0.9738, -1.2231 0.4331 0.9816, -1.2231 -0.2362 0.9816, -1.1122 -0.2362 0.1378, -1.1122 0.4331 0.1378, -1.25 -0.2362 0.0, -1.25 0.4331 0.0, -1.2231 0.4331 0.0026, -1.2231 -0.2362 0.0026, -1.1973 0.4331 0.0105, -1.1973 -0.2362 0.0105, -1.1734 0.4331 0.0232, -1.1734 -0.2362 0.0232, -1.1526 0.4331 0.0404, -1.1526 -0.2362 0.0404, -1.1354 0.4331 0.0612, -1.1354 -0.2362 0.0612, -1.1227 0.4331 0.0851, -1.1227 -0.2362 0.0851, -1.1149 0.4331 0.1109, -1.1149 -0.2362 0.1109, -1.5846 0.4331 0.0, -1.5846 -0.2362 0.0, -1.6065 -0.2338 0.0, -1.6274 -0.2265 0.0, -1.646 -0.2147 0.0, -1.6733 -0.1805 0.0, -1.6806 -0.1597 0.0, -1.6831 -0.1378 0.0, -1.6831 0.3346 0.0, -1.6616 -0.1992 0.0, -1.6806 0.3565 0.0, -1.6733 0.3774 0.0, -1.6616 0.396 0.0, -1.646 0.4116 0.0, -1.6274 0.4233 0.0, -1.6065 0.4306 0.0, -1.6831 0.3346 0.0984, -1.6831 -0.1378 0.0984, -1.25 -0.2362 0.0984, -1.25 0.4331 0.0984, -1.5846 -0.2362 0.0984, -1.5846 0.4331 0.0984, -1.6806 -0.1597 0.0984, -1.6733 -0.1805 0.0984, -1.6616 -0.1992 0.0984, -1.646 -0.2147 0.0984, -1.6065 -0.2338 0.0984, -1.6274 -0.2265 0.0984, -1.6065 0.4306 0.0984, -1.6274 0.4233 0.0984, -1.646 0.4116 0.0984, -1.6616 0.396 0.0984, -1.6733 0.3774 0.0984, -1.6806 0.3565 0.0984, -1.2106 -0.2362 0.1378, -1.2106 0.4331 0.1378, -1.2116 -0.2362 0.129, -1.2116 0.4331 0.129, -1.2145 -0.2362 0.1207, -1.2145 0.4331 0.1207, -1.2192 -0.2362 0.1132, -1.2192 0.4331 0.1132, -1.2255 -0.2362 0.107, -1.2255 0.4331 0.107, -1.2329 -0.2362 0.1023, -1.2329 0.4331 0.1023, -1.2412 -0.2362 0.0994, -1.2412 0.4331 0.0994, -1.2106 -0.2362 0.8465, -1.2106 0.4331 0.8465, -1.25 -0.2362 0.8858, -1.25 0.4331 0.8858, -1.2398 -0.2362 0.8845, -1.2398 0.4331 0.8845, -1.2303 -0.2362 0.8806, -1.2303 0.4331 0.8806, -1.2222 -0.2362 0.8743, -1.2222 0.4331 0.8743, -1.2159 -0.2362 0.8661, -1.2159 0.4331 0.8661, -1.212 -0.2362 0.8566, -1.212 0.4331 0.8566, -1.4272 0.4331 0.8858, -1.4272 -0.2362 0.8858, -1.5256 0.3346 0.8858, -1.5256 -0.1378 0.8858, -1.5231 -0.1597 0.8858, -1.4699 -0.2265 0.8858, -1.4885 -0.2147 0.8858, -1.4491 -0.2338 0.8858, -1.5041 -0.1992 0.8858, -1.5158 -0.1805 0.8858, -1.5231 0.3565 0.8858, -1.5158 0.3774 0.8858, -1.5041 0.396 0.8858, -1.4885 0.4116 0.8858, -1.4699 0.4233 0.8858, -1.4491 0.4306 0.8858, -1.4491 0.4306 0.8858
            ]
        }
        coordIndex [
            0,1,2,-1,3,4,5,-1,6,7,8,-1,9,10,2,-1,2,10,11,-1,2,11,0,-1,0,11,12,-1,0,12,13,-1,13,12,14,-1,14,15,13,-1,13,15,3,-1,13,3,16,-1,16,3,5,-1,9,2,8,-1,8,2,17,-1,8,17,6,-1,1,0,18,-1,1,18,19,-1,19,18,20,-1,19,20,21,-1,21,20,22,-1,21,22,23,-1,23,22,24,-1,23,24,25,-1,25,24,26,-1,25,26,27,-1,27,26,28,-1,27,28,29,-1,29,28,30,-1,29,30,31,-1,31,30,32,-1,31,32,33,-1,34,33,35,-1,35,33,32,-1,34,35,36,-1,34,36,37,-1,37,36,38,-1,37,38,39,-1,39,38,40,-1,39,40,41,-1,41,40,42,-1,41,42,43,-1,43,42,44,-1,43,44,45,-1,45,44,46,-1,45,46,47,-1,47,46,48,-1,47,48,49,-1,49,48,50,-1,49,50,51,-1,52,53,54,-1,55,56,57,-1,55,58,56,-1,56,58,59,-1,56,59,60,-1,57,61,55,-1,55,61,53,-1,55,53,50,-1,50,53,52,-1,50,52,51,-1,54,62,52,-1,52,62,63,-1,52,63,64,-1,65,66,64,-1,64,66,67,-1,64,67,52,-1,54,53,68,-1,68,53,69,-1,70,68,71,-1,71,68,69,-1,71,69,72,-1,73,74,75,-1,76,77,69,-1,69,77,78,-1,69,78,72,-1,76,79,77,-1,77,79,73,-1,77,73,80,-1,80,73,75,-1,81,82,83,-1,83,82,84,-1,84,82,71,-1,71,82,85,-1,71,85,70,-1,72,78,86,-1,86,78,87,-1,86,87,88,-1,88,87,89,-1,88,89,90,-1,90,89,91,-1,90,91,92,-1,92,91,93,-1,92,93,94,-1,94,93,95,-1,94,95,96,-1,96,95,97,-1,96,97,98,-1,98,97,99,-1,100,98,101,-1,101,98,99,-1,100,101,102,-1,102,101,103,-1,102,103,104,-1,104,103,105,-1,104,105,106,-1,106,105,107,-1,106,107,108,-1,108,107,109,-1,108,109,110,-1,110,109,111,-1,110,111,112,-1,112,111,113,-1,114,115,116,-1,117,118,119,-1,120,114,121,-1,121,114,116,-1,121,116,113,-1,113,116,112,-1,117,119,122,-1,115,123,116,-1,116,123,124,-1,116,124,125,-1,122,119,121,-1,121,119,126,-1,121,126,120,-1,125,127,116,-1,116,127,128,-1,116,128,129,-1,12,11,114,-1,114,11,115,-1,110,21,108,-1,108,21,23,-1,108,23,106,-1,106,23,25,-1,106,25,104,-1,116,2,112,-1,112,2,1,-1,112,1,110,-1,110,1,19,-1,110,19,21,-1,52,71,51,-1,51,71,72,-1,51,72,49,-1,49,72,86,-1,49,86,47,-1,47,86,88,-1,47,88,45,-1,45,88,90,-1,45,90,43,-1,43,90,92,-1,25,27,104,-1,104,27,29,-1,104,29,102,-1,102,29,31,-1,102,31,100,-1,100,31,33,-1,100,33,98,-1,98,33,34,-1,98,34,96,-1,96,34,37,-1,96,37,94,-1,94,37,39,-1,94,39,92,-1,92,39,41,-1,92,41,43,-1,13,121,0,-1,0,121,113,-1,0,113,18,-1,18,113,111,-1,18,111,20,-1,20,111,109,-1,103,28,105,-1,105,28,26,-1,105,26,107,-1,107,26,24,-1,107,24,109,-1,109,24,22,-1,109,22,20,-1,77,55,78,-1,78,55,50,-1,78,50,87,-1,87,50,48,-1,87,48,89,-1,89,48,46,-1,89,46,91,-1,46,44,91,-1,91,44,42,-1,91,42,93,-1,93,42,40,-1,93,40,95,-1,95,40,38,-1,95,38,97,-1,97,38,36,-1,97,36,99,-1,99,36,35,-1,99,35,101,-1,101,35,32,-1,101,32,103,-1,103,32,30,-1,103,30,28,-1,121,13,16,-1,121,16,122,-1,122,16,5,-1,122,5,117,-1,117,5,4,-1,117,4,118,-1,118,4,3,-1,118,3,119,-1,119,3,15,-1,119,15,126,-1,126,15,14,-1,126,14,120,-1,120,14,12,-1,120,12,114,-1,2,116,129,-1,2,129,17,-1,17,129,128,-1,17,128,6,-1,6,128,127,-1,6,127,7,-1,7,127,125,-1,7,125,8,-1,8,125,124,-1,8,124,9,-1,9,124,123,-1,9,123,10,-1,10,123,115,-1,10,115,11,-1,71,52,67,-1,71,67,84,-1,84,67,66,-1,84,66,83,-1,83,66,65,-1,83,65,81,-1,81,65,64,-1,81,64,82,-1,82,64,63,-1,82,63,85,-1,85,63,62,-1,85,62,70,-1,70,62,54,-1,70,54,68,-1,55,77,80,-1,55,80,58,-1,58,80,75,-1,58,75,59,-1,59,75,74,-1,59,74,60,-1,60,74,73,-1,60,73,56,-1,56,73,79,-1,56,79,57,-1,57,79,76,-1,57,76,61,-1,61,76,69,-1,61,69,53,-1,130,131,132,-1,132,131,133,-1,132,134,135,-1,134,132,136,-1,136,132,133,-1,136,133,137,-1,138,139,140,-1,135,141,132,-1,132,141,142,-1,132,142,143,-1,143,142,144,-1,143,144,145,-1,137,146,136,-1,136,146,138,-1,136,138,147,-1,147,138,140,-1,148,149,150,-1,148,150,151,-1,151,150,152,-1,151,152,153,-1,153,152,154,-1,153,154,155,-1,155,154,156,-1,155,156,157,-1,157,156,158,-1,157,158,159,-1,159,158,160,-1,159,160,161,-1,161,160,162,-1,161,162,163,-1,163,162,131,-1,163,131,130,-1,148,164,149,-1,149,164,165,-1,166,167,168,-1,166,168,169,-1,169,168,170,-1,169,170,171,-1,171,170,172,-1,171,172,173,-1,173,172,174,-1,173,174,175,-1,175,174,176,-1,175,176,177,-1,177,176,178,-1,177,178,179,-1,179,178,180,-1,179,180,181,-1,181,180,165,-1,181,165,164,-1,167,166,182,-1,182,166,183,-1,184,185,186,-1,187,188,183,-1,183,188,189,-1,183,189,182,-1,182,189,190,-1,184,186,183,-1,183,186,191,-1,183,191,187,-1,190,192,182,-1,182,192,193,-1,182,193,194,-1,194,195,182,-1,182,195,196,-1,182,196,197,-1,190,189,198,-1,198,189,199,-1,200,201,202,-1,202,201,203,-1,202,203,198,-1,198,199,202,-1,202,199,204,-1,202,204,205,-1,205,206,202,-1,202,206,207,-1,202,207,208,-1,208,207,209,-1,210,211,203,-1,203,211,212,-1,203,212,213,-1,213,214,203,-1,203,214,215,-1,203,215,198,-1,216,217,218,-1,218,217,219,-1,218,219,220,-1,220,219,221,-1,220,221,222,-1,222,221,223,-1,222,223,224,-1,224,223,225,-1,224,225,226,-1,226,225,227,-1,226,227,228,-1,228,227,229,-1,228,229,200,-1,200,229,201,-1,216,230,217,-1,217,230,231,-1,232,233,234,-1,234,233,235,-1,234,235,236,-1,236,235,237,-1,236,237,238,-1,238,237,239,-1,238,239,240,-1,240,239,241,-1,240,241,242,-1,242,241,243,-1,242,243,230,-1,230,243,231,-1,233,232,244,-1,244,232,245,-1,246,244,247,-1,247,244,245,-1,247,245,248,-1,249,250,251,-1,251,250,252,-1,251,252,245,-1,245,252,253,-1,245,253,248,-1,254,255,256,-1,256,257,254,-1,254,257,258,-1,254,258,246,-1,246,258,259,-1,246,259,244,-1,134,136,247,-1,247,136,246,-1,132,245,130,-1,130,245,232,-1,130,232,163,-1,163,232,234,-1,163,234,161,-1,161,234,236,-1,242,153,240,-1,240,153,155,-1,240,155,238,-1,238,155,157,-1,238,157,236,-1,236,157,159,-1,236,159,161,-1,202,183,200,-1,200,183,166,-1,200,166,228,-1,228,166,169,-1,228,169,226,-1,226,169,171,-1,226,171,224,-1,171,173,224,-1,224,173,175,-1,224,175,222,-1,222,175,177,-1,222,177,220,-1,220,177,179,-1,220,179,218,-1,218,179,181,-1,218,181,216,-1,216,181,164,-1,216,164,230,-1,230,164,148,-1,230,148,242,-1,242,148,151,-1,242,151,153,-1,235,160,237,-1,237,160,158,-1,237,158,239,-1,239,158,156,-1,239,156,241,-1,244,133,233,-1,233,133,131,-1,233,131,235,-1,235,131,162,-1,235,162,160,-1,182,203,167,-1,167,203,201,-1,167,201,168,-1,168,201,229,-1,168,229,170,-1,170,229,227,-1,170,227,172,-1,172,227,225,-1,172,225,174,-1,174,225,223,-1,156,154,241,-1,241,154,152,-1,241,152,243,-1,243,152,150,-1,243,150,231,-1,231,150,149,-1,231,149,217,-1,217,149,165,-1,217,165,219,-1,219,165,180,-1,219,180,221,-1,221,180,178,-1,221,178,223,-1,223,178,176,-1,223,176,174,-1,246,136,147,-1,246,147,254,-1,254,147,140,-1,254,140,255,-1,255,140,139,-1,255,139,256,-1,256,139,138,-1,256,138,257,-1,257,138,146,-1,257,146,258,-1,258,146,137,-1,258,137,259,-1,259,137,133,-1,259,133,244,-1,134,247,248,-1,134,248,135,-1,135,248,253,-1,135,253,141,-1,141,253,252,-1,141,252,142,-1,142,252,250,-1,142,250,144,-1,144,250,249,-1,144,249,145,-1,145,249,251,-1,145,251,143,-1,143,251,245,-1,143,245,132,-1,199,189,188,-1,199,188,204,-1,204,188,187,-1,204,187,205,-1,205,187,191,-1,205,191,206,-1,206,191,186,-1,206,186,207,-1,207,186,185,-1,207,185,209,-1,209,185,184,-1,209,184,208,-1,208,184,183,-1,208,183,202,-1,190,198,215,-1,190,215,192,-1,192,215,214,-1,192,214,193,-1,193,214,213,-1,193,213,194,-1,194,213,212,-1,194,212,195,-1,195,212,211,-1,195,211,196,-1,196,211,210,-1,196,210,197,-1,197,210,203,-1,197,203,182,-1,
        ]
    }
}
Shape{
    appearance Appearance {
        material  Material 	{
            diffuseColor 1.0 0.9411764705882353 0.8549019607843137
            specularColor 0.30196078431372547 0.2823529411764706 0.2549019607843137
            ambientIntensity 0.2
            transparency 0
            shininess 0.5
        }
    }
    geometry IndexedFaceSet {
        ccw TRUE
        solid FALSE
        coord DEF co Coordinate {
            point [
                0.3642 0.4331 0.8661, 0.3642 0.4331 1.1811, -0.8563 0.4331 1.1811, 0.3642 0.4331 0.5512, 0.4823 0.4331 0.5512, 0.4823 0.4331 0.8661, -0.9744 0.4331 0.8661, -0.9744 0.4331 0.5512, -0.8563 0.4331 0.8661, -0.8563 0.4331 0.5512, -0.5315 0.4331 0.4808, -0.5359 0.4331 0.4813, -0.8563 0.4331 0.2362, -0.54 0.4331 0.4828, 0.0492 0.4331 0.6976, 0.0445 0.4331 0.6996, -0.5438 0.4331 0.4851, -0.5469 0.4331 0.4882, -0.0445 0.4331 0.6996, -0.0394 0.4331 0.7003, 0.0394 0.4331 0.7003, 0.0564 0.4331 0.4907, 0.0533 0.4331 0.4866, 0.3642 0.4331 0.2362, 0.0492 0.4331 0.4835, 0.0445 0.4331 0.4815, -0.0445 0.4331 0.4815, -0.4357 0.4331 0.4907, -0.4388 0.4331 0.4866, -0.4477 0.4331 0.4815, -0.4502 0.4331 0.481, -0.4528 0.4331 0.4808, -0.0564 0.4331 0.6904, -0.0533 0.4331 0.6945, -0.0492 0.4331 0.6976, -0.4484 0.4331 0.6998, -0.4442 0.4331 0.6983, -0.0584 0.4331 0.4954, -0.0591 0.4331 0.5005, 0.0533 0.4331 0.6945, 0.0564 0.4331 0.6904, 0.0584 0.4331 0.6857, -0.4405 0.4331 0.696, -0.4374 0.4331 0.6929, -0.0492 0.4331 0.4835, -0.435 0.4331 0.6891, -0.4336 0.4331 0.685, -0.5507 0.4331 0.4961, -0.5512 0.4331 0.5005, -0.5512 0.4331 0.6806, -0.5505 0.4331 0.6857, -0.0533 0.4331 0.4866, -0.0564 0.4331 0.4907, 0.0394 0.4331 0.4808, -0.0394 0.4331 0.4808, -0.4452 0.4331 0.4823, -0.5492 0.4331 0.492, -0.0591 0.4331 0.6806, -0.0584 0.4331 0.6857, 0.0591 0.4331 0.6806, 0.0591 0.4331 0.5005, 0.0584 0.4331 0.4954, -0.4331 0.4331 0.6806, -0.4331 0.4331 0.5005, -0.4337 0.4331 0.4954, -0.4408 0.4331 0.4849, -0.4429 0.4331 0.4835, -0.5413 0.4331 0.6976, -0.539 0.4331 0.6988, -0.5366 0.4331 0.6996, -0.5341 0.4331 0.7001, -0.5315 0.4331 0.7003, -0.4528 0.4331 0.7003, -0.5485 0.4331 0.6904, -0.5454 0.4331 0.6945, -0.5435 0.4331 0.6962, -0.5353 0.6693 0.4241, -0.5327 0.6693 0.4235, -0.561 0.6693 0.0787, -0.4528 0.6693 0.4234, -0.4501 0.6693 0.4238, -0.4232 0.6693 0.0787, -0.4489 0.6693 0.4241, -0.4477 0.6693 0.4247, -0.4457 0.6693 0.4257, -0.4447 0.6693 0.4265, -0.443 0.6693 0.4283, -0.4407 0.6693 0.4307, -0.4396 0.6693 0.4321, -0.439 0.6693 0.4335, -0.5315 0.6693 0.4234, -0.5503 0.6693 0.4471, -0.55 0.6693 0.4446, -0.5488 0.6693 0.4406, -0.5454 0.6693 0.4334, -0.5452 0.6693 0.4329, -0.5437 0.6693 0.4308, -0.4356 0.6693 0.4402, -0.4346 0.6693 0.4433, -0.434 0.6693 0.4471, -0.4331 0.6693 0.4531, -0.4331 0.6693 0.4546, -0.4232 0.6693 1.3386, -0.4331 0.6693 0.7577, -0.561 0.6693 1.3386, -0.5512 0.6693 0.7577, -0.5512 0.6693 0.4546, -0.5413 0.6693 0.4282, -0.54 0.6693 0.4269, -0.5394 0.6693 0.4264, -0.5366 0.6693 0.4247, -0.5364 0.6693 0.4246, -0.4232 0.748 0.0787, -0.4232 0.748 1.3386, -0.1841 0.748 0.0787, -0.0689 0.748 1.3386, -0.0689 0.748 0.0787, -0.0432 0.6693 0.4241, -0.0405 0.6693 0.4235, -0.0689 0.6693 0.0787, 0.0394 0.6693 0.4234, 0.0421 0.6693 0.4238, 0.0689 0.6693 0.0787, 0.0432 0.6693 0.4241, 0.0444 0.6693 0.4247, 0.0464 0.6693 0.4257, 0.0475 0.6693 0.4265, 0.0491 0.6693 0.4283, 0.0514 0.6693 0.4307, 0.0525 0.6693 0.4321, 0.0532 0.6693 0.4335, -0.0394 0.6693 0.4234, -0.0582 0.6693 0.4471, -0.0578 0.6693 0.4446, -0.0567 0.6693 0.4406, -0.0532 0.6693 0.4334, -0.053 0.6693 0.4329, -0.0516 0.6693 0.4308, 0.0565 0.6693 0.4402, 0.0575 0.6693 0.4433, 0.0581 0.6693 0.4471, 0.059 0.6693 0.4531, 0.0591 0.6693 0.4546, 0.0689 0.6693 1.3386, 0.0591 0.6693 0.7577, -0.0689 0.6693 1.3386, -0.0591 0.6693 0.7577, -0.0591 0.6693 0.4546, -0.0492 0.6693 0.4282, -0.0479 0.6693 0.4269, -0.0473 0.6693 0.4264, -0.0445 0.6693 0.4247, -0.0443 0.6693 0.4246, -0.187 -0.8071 0.0787, -0.187 -0.2559 0.0787, -0.1841 -0.2559 0.0787, -0.1449 0.5728 0.0787, -0.1333 0.5715 0.0787, -0.1705 0.4841 0.0787, -0.1726 0.4853 0.0787, -0.1726 0.4723 0.0787, -0.1841 0.4655 0.0787, -0.16 0.4672 0.0787, 0.2264 0.8268 0.0787, 0.3445 0.8268 0.0787, 0.2264 0.748 0.0787, 0.3445 0.4655 0.0787, 0.0689 0.748 0.0787, -0.1256 0.4663 0.0787, -0.1141 0.4702 0.0787, -0.0747 0.4662 0.0787, -0.1245 0.5683 0.0787, -0.1163 0.5628 0.0787, -0.1092 0.555 0.0787, -0.1006 0.524 0.0787, -0.1018 0.5112 0.0787, -0.105 0.5011 0.0787, -0.1313 0.479 0.0787, -0.1423 0.4777 0.0787, -0.1227 0.4821 0.0787, -0.1154 0.487 0.0787, -0.1099 0.4929 0.0787, -0.158 0.4795 0.0787, -0.1332 0.4655 0.0787, -0.0142 0.4662 0.0787, -0.1043 0.5458 0.0787, -0.1011 0.5332 0.0787, -0.0142 0.5843 0.0787, -0.03 0.5843 0.0787, -0.1593 0.5709 0.0787, -0.1726 0.5652 0.0787, -0.1726 0.5811 0.0787, -0.1046 0.4763 0.0787, -0.0957 0.4856 0.0787, -0.0747 0.4792 0.0787, -0.0894 0.4969 0.0787, -0.03 0.4792 0.0787, -0.091 0.5532 0.0787, -0.0979 0.5643 0.0787, -0.1086 0.5745 0.0787, -0.1198 0.581 0.0787, -0.1329 0.5848 0.0787, -0.0859 0.5094 0.0787, -0.0847 0.523 0.0787, -0.0864 0.5398 0.0787, -0.1448 0.5858 0.0787, -0.1589 0.5848 0.0787, -0.1481 0.4655 0.0787, -0.1433 0.4648 0.0787, -0.1841 0.1969 0.0787, -0.3858 0.4662 0.0787, -0.3712 0.4986 0.0787, -0.3645 0.488 0.0787, -0.259 0.4662 0.0787, -0.1956 0.4662 0.0787, -0.1956 0.5843 0.0787, -0.8366 0.4655 0.0787, -0.8366 0.8268 0.0787, -0.7185 0.8268 0.0787, -0.2561 0.5714 0.0787, -0.2115 0.5714 0.0787, -0.2115 0.5325 0.0787, -0.3547 0.4787 0.0787, -0.3424 0.4716 0.0787, -0.3288 0.4675 0.0787, -0.7185 0.748 0.0787, -0.561 0.748 0.0787, -0.2821 0.5843 0.0787, -0.2533 0.5325 0.0787, -0.2533 0.5195 0.0787, -0.2115 0.5195 0.0787, -0.2115 0.4792 0.0787, -0.259 0.4792 0.0787, -0.2821 0.4662 0.0787, -0.3142 0.4662 0.0787, -0.2561 0.5843 0.0787, -0.4751 0.4662 0.0787, -0.4924 0.4662 0.0787, -0.4463 0.5843 0.0787, -0.4304 0.5843 0.0787, -0.3325 0.5825 0.0787, -0.3154 0.5843 0.0787, -0.4631 0.4993 0.0787, -0.4143 0.4993 0.0787, -0.4031 0.4662 0.0787, -0.3676 0.5597 0.0787, -0.3731 0.5495 0.0787, -0.3763 0.5379 0.0787, -0.3771 0.5268 0.0787, -0.3755 0.511 0.0787, -0.3463 0.5777 0.0787, -0.3591 0.569 0.0787, -0.3593 0.5689 0.0787, -0.3051 -0.2559 0.0787, -0.3051 -0.8071 0.0787, -0.4429 -0.2559 0.0787, -0.8366 -0.8071 0.0787, -0.4429 0.1969 0.0787, -0.1401 0.4648 0.0787, -0.0492 0.1969 0.0787, -0.0492 -0.2559 0.0787, 0.3445 -0.8071 0.0787, -0.1841 -0.8071 0.0787, 0.2264 0.748 1.2598, 0.0689 0.748 1.3386, 0.3445 0.748 1.2598, 0.3445 0.748 1.3386, -0.8366 0.8268 0.0, -1.0335 0.8268 0.0, -1.0335 0.8268 0.0787, -1.1122 0.8268 0.0787, -1.1122 0.8268 0.126, -0.8366 0.8268 1.2598, -1.1008 0.8268 0.9728, -1.092 0.8268 0.9843, -1.3173 0.8268 0.9567, -1.1398 0.8268 0.9567, -1.1255 0.8268 0.9586, -1.3173 0.8268 0.126, -1.0846 0.8268 1.3189, -0.8366 0.8268 1.3189, -1.0846 0.8268 1.0118, -1.0865 0.8268 0.9975, -0.7185 0.8268 1.2598, -1.1122 0.8268 0.9641, -0.7185 0.748 1.2598, -0.8366 0.748 1.2598, -1.0335 -0.8268 0.0, -0.8366 -0.8268 0.0, -0.4429 -0.2559 0.2362, -0.3051 -0.2559 0.2362, -0.3051 -0.748 0.2362, -0.3051 -0.8268 0.1575, -0.3051 -0.8169 0.0814, -0.3051 -0.8261 0.0933, -0.3051 -0.821 0.0845, -0.3051 -0.8241 0.0886, -0.3051 -0.8268 0.0984, -0.3051 -0.8122 0.0794, -0.187 -0.2559 0.2362, -0.187 -0.748 0.2362, -0.187 -0.8268 0.1575, -0.187 -0.8268 0.0984, -0.187 -0.8261 0.0933, -0.187 -0.8122 0.0794, -0.187 -0.8169 0.0814, -0.187 -0.821 0.0845, -0.187 -0.8241 0.0886, -0.0492 -0.2559 0.2362, -0.0492 0.1969 0.2362, -0.4429 0.1969 0.2362, 0.6201 0.8268 0.126, 0.6201 0.8258 0.1189, 0.6201 0.8268 0.0787, 0.6201 0.8231 0.1122, 0.6201 0.8187 0.1065, 0.6201 0.813 0.1021, 0.6201 0.8063 0.0994, 0.6201 0.7992 0.0984, 0.6201 0.4055 0.0984, 0.6201 -0.8071 0.0787, 0.6201 -0.3937 1.1614, 0.6201 -0.8071 1.1614, 0.6201 0.4055 0.9567, 0.6201 0.4074 0.971, 0.6201 -0.3937 1.3189, 0.6201 0.4129 0.9843, 0.6201 0.4217 0.9957, 0.6201 0.4331 1.0044, 0.6201 0.4464 1.0099, 0.6201 0.7992 1.3189, 0.6201 0.4606 1.0118, 0.6201 0.7992 1.0118, 0.5413 0.8268 0.0787, 0.2264 0.8268 1.2598, 0.3445 0.8268 1.3189, 0.5925 0.8268 1.3189, 0.3445 0.8268 1.2598, 0.5925 0.8268 1.0118, 0.5944 0.8268 0.9975, 0.8252 0.8268 0.9567, 0.8252 0.8268 0.126, 0.6476 0.8268 0.9567, 0.6334 0.8268 0.9586, 0.3445 0.8268 0.0, 0.5413 0.8268 0.0, 0.5999 0.8268 0.9843, 0.6087 0.8268 0.9728, 0.6201 0.8268 0.9641, 0.3445 -0.8268 0.0, 0.5413 -0.8268 0.0, -1.7224 -0.248 0.9567, -1.7224 0.4217 0.9567, -1.7224 -0.248 0.126, -1.7224 0.4217 0.126, -1.565 -0.2756 0.9567, -1.6949 -0.2756 0.9567, -1.565 -0.2756 0.8465, -1.6949 -0.2756 0.126, -1.25 -0.2756 0.8465, -1.25 -0.2756 0.126, -1.1122 0.8258 0.1189, -1.1122 0.4055 0.9567, -1.1122 0.4055 0.0984, -1.1122 -0.374 1.1614, -1.1122 0.8231 0.1122, -1.1122 -0.8071 1.1614, -1.1122 0.4464 1.0099, -1.1122 0.4331 1.0044, -1.1122 -0.374 1.3189, -1.1122 0.7992 0.0984, -1.1122 0.8063 0.0994, -1.1122 0.813 0.1021, -1.1122 0.8187 0.1065, -1.1122 0.4217 0.9957, -1.1122 0.4129 0.9843, -1.1122 0.4074 0.971, -1.1122 -0.8071 0.0787, -1.1122 0.4606 1.0118, -1.1122 0.7992 1.3189, -1.1122 0.7992 1.0118, 1.2028 -0.2756 0.9567, 1.0728 -0.2756 0.9567, 1.0728 -0.2756 0.8465, 0.7579 -0.2756 0.8465, 0.7579 -0.2756 0.126, 1.2028 -0.2756 0.126, 1.2028 0.4217 0.9843, 1.0536 0.4331 0.9843, 1.0591 0.4198 0.9843, 0.6476 0.7992 0.9843, 0.6476 0.4606 0.9843, 0.8252 0.7992 0.9843, 1.0059 0.4606 0.9843, 1.0202 0.4588 0.9843, 1.0335 0.4532 0.9843, 1.0449 0.4445 0.9843, 1.0843 -0.248 0.9843, 1.2028 -0.248 0.9843, 1.061 -0.2248 0.9843, 1.061 0.4055 0.9843, 0.621 0.4126 0.0984, 0.8252 0.7992 0.0984, 1.2028 0.4217 0.0984, 0.7579 0.4331 0.0984, 1.2028 -0.248 0.0984, 0.7579 -0.248 0.0984, 0.6405 0.4321 0.0984, 0.6339 0.4294 0.0984, 0.6476 0.4331 0.0984, 0.6282 0.425 0.0984, 0.6238 0.4193 0.0984, -1.0335 -0.8268 0.0984, -0.8366 -0.8268 0.0984, -0.9744 -0.8268 0.1575, -1.0925 -0.8268 0.0984, -0.9744 -0.8268 0.5512, -1.0925 -0.8268 1.1614, -0.9744 -0.8268 0.8661, -0.9744 -0.8268 1.1614, -0.8661 -0.3937 1.1785, -0.8621 -0.3937 1.1753, -0.8563 -0.3937 1.2598, -0.7185 -0.3937 1.2598, -0.7185 -0.3937 1.3189, -1.0925 -0.3937 1.3189, -0.8709 -0.3937 1.1804, -0.8589 -0.3937 1.1713, -0.857 -0.3937 1.1665, -0.8563 -0.3937 1.1614, -1.0925 -0.3937 1.1811, -0.876 -0.3937 1.1811, 0.6004 -0.374 1.3386, 0.6004 0.7992 1.3386, 0.3445 0.8071 1.3386, -1.0925 -0.374 1.3386, -0.7382 -0.374 1.3386, -0.7382 -0.1772 1.3386, -0.8366 0.748 1.3386, -0.8366 0.8071 1.3386, -1.0846 0.8071 1.3386, 0.5965 0.806 1.3386, 0.5946 0.8068 1.3386, 0.5925 0.8071 1.3386, -0.561 0.748 1.3386, 0.2461 -0.1772 1.3386, 0.2461 -0.374 1.3386, 0.5981 0.8048 1.3386, 0.6001 0.8013 1.3386, 0.5993 0.8031 1.3386, -1.0925 0.7992 1.3386, -1.0867 0.8068 1.3386, -1.0923 0.8013 1.3386, -1.0886 0.806 1.3386, -1.0915 0.8031 1.3386, -1.0902 0.8048 1.3386, 0.3642 -0.315 1.1811, 0.2264 -0.315 1.1811, 0.2264 -0.1181 1.1811, -0.7185 -0.315 1.1811, -0.8563 -0.315 1.1811, -0.7185 -0.1181 1.1811, 0.4823 -0.8268 0.5512, 0.4823 -0.8268 0.1575, 0.5413 -0.8268 0.0984, 0.3445 -0.8268 0.0984, 0.4823 -0.8268 1.1614, 0.4823 -0.8268 0.8661, 0.6004 -0.8268 1.1614, 0.6004 -0.8268 0.0984, 0.3642 -0.7087 0.5512, 0.3642 -0.7087 0.2362, -0.8957 -0.748 0.2362, -0.8563 -0.7087 0.2362, 0.4035 -0.748 0.2362, -0.8563 -0.7087 0.5512, -0.8563 -0.7087 0.8661, -0.8563 -0.7087 1.1614, 0.3642 -0.3937 1.2598, 0.3642 -0.3937 1.1614, 0.3642 -0.7087 1.1614, 0.3642 -0.7087 0.8661, -1.0925 -0.8071 1.1811, -0.9826 -0.8071 1.1811, -0.876 -0.7005 1.1811, 0.3839 -0.3937 1.1811, 0.3839 -0.7005 1.1811, 0.6004 -0.3937 1.1811, 0.4904 -0.8071 1.1811, 0.6004 -0.8071 1.1811, 0.6194 -0.3937 1.1665, 0.2264 -0.3937 1.3189, 0.2264 -0.3937 1.2598, 0.6174 -0.3937 1.1713, 0.6055 -0.3937 1.1804, 0.6102 -0.3937 1.1785, 0.6143 -0.3937 1.1753, 0.3648 -0.3937 1.1665, 0.3668 -0.3937 1.1713, 0.3699 -0.3937 1.1753, 0.374 -0.3937 1.1785, 0.3788 -0.3937 1.1804, -0.7185 -0.1969 1.2598, -0.7185 -0.1969 1.3189, 0.2264 -0.1969 1.2598, 0.2264 -0.1969 1.3189, 1.2303 -0.248 0.126, 1.2303 0.4217 0.126, 1.2303 -0.248 0.9567, 1.2303 0.4217 0.9567, 1.0335 0.4055 0.9567, 1.0335 0.4055 0.8858, 1.0335 -0.2362 0.9567, 1.0335 -0.2362 0.8858, 1.013 0.4321 0.8858, 1.0059 0.4331 0.8858, 0.7579 0.4331 0.8858, 0.7579 -0.2362 0.8858, 1.0298 0.4193 0.8858, 1.0254 0.425 0.8858, 1.0197 0.4294 0.8858, 1.0325 0.4126 0.8858, 0.7185 -0.2362 0.1378, 0.7185 -0.2362 0.8465, 0.7185 0.4331 0.1378, 0.7185 0.4331 0.8465, 0.6476 0.4331 0.9567, 1.0059 0.4331 0.9567, 0.8447 0.8187 0.9567, 1.2222 0.4411 0.9567, 0.8447 0.8187 0.126, 1.2222 0.4411 0.126, 0.7382 -0.2559 0.8661, 0.7498 -0.2675 0.1065, 0.7522 -0.2699 0.1092, 0.7542 -0.2719 0.1122, 0.7558 -0.2735 0.1154, 0.7569 -0.2747 0.1189, 0.7576 -0.2754 0.1224, 0.7558 -0.2586 0.1005, 0.7542 -0.2618 0.1021, 0.7522 -0.2648 0.1041, 0.7576 -0.2516 0.0987, 0.7569 -0.2552 0.0994, 1.2099 0.4217 0.0994, 1.2099 -0.248 0.0994, 1.2165 0.4217 0.1021, 1.2165 -0.248 0.1021, 1.2222 0.4217 0.1065, 1.2222 -0.248 0.1065, 1.2266 0.4217 0.1122, 1.2266 -0.248 0.1122, 1.2294 0.4217 0.1189, 1.2294 -0.248 0.1189, 1.2028 -0.2719 0.1122, 1.2028 -0.2675 0.1065, 1.2028 -0.2747 0.1189, 1.2028 -0.2552 0.0994, 1.2028 -0.2618 0.1021, 1.2293 0.4288 0.126, 1.2298 0.427 0.126, 1.2289 0.4268 0.1189, 1.2265 0.4354 0.126, 1.2282 0.4322 0.126, 1.2273 0.4318 0.1189, 1.2257 0.437 0.126, 1.2216 0.4405 0.1189, 1.2249 0.4364 0.1189, 1.2196 0.4385 0.1122, 1.2226 0.4349 0.1122, 1.2165 0.4354 0.1065, 1.219 0.4325 0.1065, 1.2125 0.4314 0.1021, 1.2142 0.4293 0.1021, 1.2078 0.4267 0.0994, 1.2087 0.4256 0.0994, 1.2248 0.4308 0.1122, 1.2262 0.4263 0.1122, 1.2208 0.4291 0.1065, 1.2219 0.4255 0.1065, 1.2155 0.4269 0.1021, 1.2163 0.4243 0.1021, 1.2093 0.4244 0.0994, 1.2098 0.423 0.0994, 1.2294 -0.2552 0.126, 1.2266 -0.2618 0.126, 1.2285 -0.2549 0.1189, 1.2258 -0.2613 0.1189, 1.2258 -0.2542 0.1122, 1.2234 -0.26 0.1122, 1.2216 -0.2531 0.1065, 1.2196 -0.2578 0.1065, 1.2161 -0.2516 0.1021, 1.2147 -0.2549 0.1021, 1.2096 -0.2499 0.0994, 1.2089 -0.2516 0.0994, 1.2222 -0.2675 0.126, 1.2216 -0.2669 0.1189, 1.2196 -0.2649 0.1122, 1.2165 -0.2618 0.1065, 1.2125 -0.2578 0.1021, 1.2078 -0.2531 0.0994, 1.2165 -0.2719 0.126, 1.2099 -0.2747 0.126, 1.2161 -0.2711 0.1189, 1.2096 -0.2737 0.1189, 1.2147 -0.2687 0.1122, 1.2089 -0.2711 0.1122, 1.2125 -0.2649 0.1065, 1.2078 -0.2669 0.1065, 1.2096 -0.26 0.1021, 1.2063 -0.2613 0.1021, 1.2063 -0.2542 0.0994, 1.2046 -0.2549 0.0994, 0.8252 0.8258 0.1189, 0.8252 0.8231 0.1122, 0.8252 0.8187 0.1065, 0.8252 0.813 0.1021, 0.8252 0.8063 0.0994, 0.8302 0.8043 0.0994, 0.8349 0.809 0.1021, 0.839 0.813 0.1065, 0.8421 0.8161 0.1122, 0.844 0.818 0.1189, 1.2257 0.437 0.9567, 1.2265 0.4354 0.9567, 1.2282 0.4322 0.9567, 1.2293 0.4288 0.9567, 1.2298 0.427 0.9567, 1.2099 -0.248 0.9833, 1.2099 0.4217 0.9833, 1.2165 -0.248 0.9806, 1.2165 0.4217 0.9806, 1.2222 -0.248 0.9762, 1.2222 0.4217 0.9762, 1.2266 -0.248 0.9705, 1.2266 0.4217 0.9705, 1.2294 -0.248 0.9638, 1.2294 0.4217 0.9638, 1.2099 -0.2747 0.9567, 1.2165 -0.2719 0.9567, 1.2222 -0.2675 0.9567, 1.2266 -0.2618 0.9567, 1.2294 -0.2552 0.9567, 0.8404 0.822 0.126, 0.8357 0.8245 0.126, 0.839 0.8231 0.126, 0.8385 0.8223 0.1189, 0.8306 0.8261 0.126, 0.8323 0.8258 0.126, 0.8321 0.8249 0.1189, 0.8314 0.8223 0.1122, 0.8371 0.8199 0.1122, 0.8302 0.818 0.1065, 0.8349 0.8161 0.1065, 0.8288 0.8125 0.1021, 0.8321 0.8111 0.1021, 0.827 0.8061 0.0994, 0.8288 0.8054 0.0994, 1.2273 0.4318 0.9638, 1.2249 0.4364 0.9638, 1.2125 0.4314 0.9806, 1.2078 0.4267 0.9833, 1.2087 0.4256 0.9833, 1.2216 0.4405 0.9638, 1.2226 0.4349 0.9705, 1.2196 0.4385 0.9705, 1.219 0.4325 0.9762, 1.2165 0.4354 0.9762, 1.2142 0.4293 0.9806, 1.2248 0.4308 0.9705, 1.2208 0.4291 0.9762, 1.2155 0.4269 0.9806, 1.2093 0.4244 0.9833, 1.2289 0.4268 0.9638, 1.2262 0.4263 0.9705, 1.2219 0.4255 0.9762, 1.2163 0.4243 0.9806, 1.2098 0.423 0.9833, 1.2285 -0.2549 0.9638, 1.2147 -0.2549 0.9806, 1.2089 -0.2516 0.9833, 1.2078 -0.2531 0.9833, 1.2028 -0.2552 0.9833, 1.2046 -0.2549 0.9833, 1.2096 -0.2499 0.9833, 1.2161 -0.2516 0.9806, 1.2216 -0.2531 0.9762, 1.2125 -0.2578 0.9806, 1.2063 -0.2542 0.9833, 1.2096 -0.26 0.9806, 1.2063 -0.2613 0.9806, 1.2028 -0.2618 0.9806, 1.2196 -0.2578 0.9762, 1.2165 -0.2618 0.9762, 1.2125 -0.2649 0.9762, 1.2078 -0.2669 0.9762, 1.2028 -0.2675 0.9762, 1.2258 -0.2542 0.9705, 1.2234 -0.26 0.9705, 1.2196 -0.2649 0.9705, 1.2147 -0.2687 0.9705, 1.2089 -0.2711 0.9705, 1.2028 -0.2719 0.9705, 1.2258 -0.2613 0.9638, 1.2216 -0.2669 0.9638, 1.2161 -0.2711 0.9638, 1.2096 -0.2737 0.9638, 1.2028 -0.2747 0.9638, 0.8306 0.8261 0.9567, 0.8323 0.8258 0.9567, 0.8357 0.8245 0.9567, 0.839 0.8231 0.9567, 0.8404 0.822 0.9567, 0.844 0.818 0.9638, 0.8421 0.8161 0.9705, 0.839 0.813 0.9762, 0.8349 0.809 0.9806, 0.8302 0.8043 0.9833, 1.0731 -0.2749 0.9628, 1.0733 -0.2746 0.9638, 1.074 -0.2729 0.9687, 1.0744 -0.2718 0.9704, 1.0753 -0.2696 0.9739, 1.0762 -0.2674 0.9761, 1.0771 -0.2652 0.9782, 1.0786 -0.2617 0.9804, 1.0793 -0.26 0.9815, 1.0813 -0.2551 0.9832, 1.0817 -0.2542 0.9836, 0.8385 0.8223 0.9638, 0.8321 0.8249 0.9638, 0.8252 0.8258 0.9638, 0.8314 0.8223 0.9705, 0.8252 0.8231 0.9705, 0.8302 0.818 0.9762, 0.8252 0.8187 0.9762, 0.8288 0.8125 0.9806, 0.8252 0.813 0.9806, 0.827 0.8061 0.9833, 0.8252 0.8063 0.9833, 0.8371 0.8199 0.9705, 0.8349 0.8161 0.9762, 0.8321 0.8111 0.9806, 0.8288 0.8054 0.9833, 1.0342 -0.2359 0.9628, 1.0345 -0.2358 0.9638, 1.0362 -0.2351 0.9687, 1.0373 -0.2346 0.9704, 1.0395 -0.2337 0.9739, 1.0417 -0.2328 0.9761, 1.0438 -0.2319 0.9782, 1.0473 -0.2305 0.9804, 1.0491 -0.2298 0.9815, 1.0539 -0.2277 0.9832, 1.0549 -0.2273 0.9836, 0.6191 0.8063 1.0118, 0.6191 0.8063 1.3189, 0.6164 0.813 1.0118, 0.6164 0.813 1.3189, 0.612 0.8187 1.0118, 0.612 0.8187 1.3189, 0.6063 0.8231 1.0118, 0.6063 0.8231 1.3189, 0.5997 0.8258 1.0118, 0.5997 0.8258 1.3189, 0.6476 0.8258 0.9638, 0.6476 0.8231 0.9705, 0.6476 0.8187 0.9762, 0.6476 0.813 0.9806, 0.6476 0.8063 0.9833, 1.0539 0.4055 0.9833, 1.0472 0.4055 0.9806, 1.0415 0.4055 0.9762, 1.0372 0.4055 0.9705, 1.0344 0.4055 0.9638, 1.013 0.4321 0.9567, 1.0197 0.4294 0.9567, 1.0254 0.425 0.9567, 1.0298 0.4193 0.9567, 1.0325 0.4126 0.9567, 0.6352 0.8258 0.9655, 0.6369 0.8231 0.9719, 0.6384 0.8187 0.9774, 0.6395 0.813 0.9816, 0.6403 0.8063 0.9843, 0.6405 0.7992 0.9852, 0.6236 0.8258 0.9703, 0.627 0.8231 0.976, 0.6298 0.8187 0.981, 0.632 0.813 0.9847, 0.6334 0.8063 0.9871, 0.6339 0.7992 0.9879, 0.6137 0.8258 0.9779, 0.6184 0.8231 0.9826, 0.6224 0.8187 0.9866, 0.6255 0.813 0.9897, 0.6275 0.8063 0.9917, 0.6282 0.7992 0.9923, 0.6061 0.8258 0.9878, 0.6118 0.8231 0.9911, 0.6168 0.8187 0.994, 0.6206 0.813 0.9962, 0.623 0.8063 0.9976, 0.6238 0.7992 0.998, 0.6013 0.8258 0.9994, 0.6077 0.8231 1.0011, 0.6132 0.8187 1.0026, 0.6175 0.813 1.0037, 0.6201 0.8063 1.0044, 0.621 0.7992 1.0047, 1.0059 0.434 0.9638, 1.0133 0.433 0.9638, 1.0059 0.4368 0.9705, 1.014 0.4357 0.9705, 1.0059 0.4411 0.9762, 1.0151 0.4399 0.9762, 1.0059 0.4469 0.9806, 1.0166 0.4454 0.9806, 1.0059 0.4535 0.9833, 1.0183 0.4519 0.9833, 1.0202 0.4302 0.9638, 1.0215 0.4326 0.9705, 1.0237 0.4364 0.9762, 1.0266 0.4413 0.9806, 1.0299 0.4471 0.9833, 1.0261 0.4257 0.9638, 1.028 0.4276 0.9705, 1.0311 0.4307 0.9762, 1.0351 0.4347 0.9806, 1.0398 0.4394 0.9833, 1.0306 0.4198 0.9638, 1.033 0.4211 0.9705, 1.0368 0.4233 0.9762, 1.0417 0.4262 0.9806, 1.0475 0.4295 0.9833, 1.0334 0.4129 0.9638, 1.0361 0.4136 0.9705, 1.0403 0.4147 0.9762, 1.0458 0.4162 0.9806, 1.0523 0.4179 0.9833, 0.6405 0.4606 0.9852, 0.6339 0.4606 0.9879, 0.6282 0.4606 0.9923, 0.6238 0.4606 0.998, 0.621 0.4606 1.0047, 0.6476 0.4535 0.9833, 0.6476 0.4469 0.9806, 0.6476 0.4411 0.9762, 0.6476 0.4368 0.9705, 0.6476 0.434 0.9638, 0.621 0.4126 0.9567, 0.621 0.4143 0.9691, 0.621 0.4191 0.9807, 0.621 0.4267 0.9906, 0.621 0.4366 0.9982, 0.621 0.4482 1.003, 0.6238 0.4193 0.9567, 0.6238 0.4207 0.9674, 0.6238 0.4248 0.9774, 0.6238 0.4314 0.9859, 0.6238 0.44 0.9925, 0.6238 0.4499 0.9966, 0.6282 0.425 0.9567, 0.6282 0.4262 0.9659, 0.6282 0.4298 0.9745, 0.6282 0.4354 0.9819, 0.6282 0.4428 0.9875, 0.6282 0.4514 0.9911, 0.6339 0.4294 0.9567, 0.6339 0.4304 0.9648, 0.6339 0.4336 0.9723, 0.6339 0.4385 0.9788, 0.6339 0.445 0.9838, 0.6339 0.4525 0.9869, 0.6405 0.4321 0.9567, 0.6405 0.4331 0.9641, 0.6405 0.436 0.9709, 0.6405 0.4405 0.9768, 0.6405 0.4464 0.9814, 0.6405 0.4533 0.9842, -1.5531 0.4055 0.9843, -1.5513 0.4198 0.9843, -1.6949 0.4217 0.9843, -1.5256 0.4532 0.9843, -1.3173 0.7992 0.9843, -1.537 0.4445 0.9843, -1.5458 0.4331 0.9843, -1.5531 -0.2248 0.9843, -1.6949 -0.248 0.9843, -1.5764 -0.248 0.9843, -1.1398 0.4606 0.9843, -1.1398 0.7992 0.9843, -1.498 0.4606 0.9843, -1.5123 0.4588 0.9843, -1.25 0.4331 0.0984, -1.25 -0.248 0.0984, -1.6949 -0.248 0.0984, -1.1131 0.4126 0.0984, -1.1159 0.4193 0.0984, -1.1203 0.425 0.0984, -1.126 0.4294 0.0984, -1.6949 0.4217 0.0984, -1.3173 0.7992 0.0984, -1.1398 0.4331 0.0984, -1.1326 0.4321 0.0984, -1.2106 0.4331 0.1378, -1.2106 0.4331 0.8465, -1.2106 -0.2362 0.1378, -1.2106 -0.2362 0.8465, -1.25 -0.2362 0.8858, -1.25 0.4331 0.8858, -1.5256 -0.2362 0.8858, -1.498 0.4331 0.8858, -1.5256 0.4055 0.8858, -1.5118 0.4294 0.8858, -1.5175 0.425 0.8858, -1.5219 0.4193 0.8858, -1.5052 0.4321 0.8858, -1.5247 0.4126 0.8858, -1.5256 -0.2362 0.9567, -1.5256 0.4055 0.9567, -1.1398 0.4331 0.9567, -1.498 0.4331 0.9567, -1.7144 0.4411 0.9567, -1.3368 0.8187 0.9567, -1.7144 0.4411 0.126, -1.3368 0.8187 0.126, -1.2303 -0.2559 0.8661, -1.2443 -0.2699 0.1092, -1.2419 -0.2675 0.1065, -1.2491 -0.2747 0.1189, -1.2479 -0.2735 0.1154, -1.2463 -0.2719 0.1122, -1.2498 -0.2754 0.1224, -1.2443 -0.2648 0.1041, -1.2463 -0.2618 0.1021, -1.2479 -0.2586 0.1005, -1.2491 -0.2552 0.0994, -1.2498 -0.2516 0.0987, -1.6949 -0.2747 0.1189, -1.6949 -0.2719 0.1122, -1.6949 -0.2675 0.1065, -1.6949 -0.2618 0.1021, -1.6949 -0.2552 0.0994, -1.7018 -0.2496 0.0994, -1.702 -0.248 0.0994, -1.7013 -0.2511 0.0994, -1.7005 -0.2525 0.0994, -1.6993 -0.2536 0.0994, -1.698 -0.2545 0.0994, -1.6965 -0.255 0.0994, -1.6979 -0.2615 0.1021, -1.6992 -0.267 0.1065, -1.7002 -0.2713 0.1122, -1.7008 -0.274 0.1189, -1.701 -0.2749 0.126, -1.702 -0.2746 0.126, -1.7064 -0.272 0.1189, -1.7068 -0.2729 0.126, -1.7086 -0.2718 0.126, -1.7115 -0.2688 0.1189, -1.7121 -0.2696 0.126, -1.7142 -0.2674 0.126, -1.7157 -0.2646 0.1189, -1.7164 -0.2652 0.126, -1.7186 -0.2617 0.126, -1.7189 -0.2596 0.1189, -1.7197 -0.26 0.126, -1.7214 -0.2551 0.126, -1.7208 -0.254 0.1189, -1.7217 -0.2542 0.126, -1.7215 -0.248 0.1189, -1.7052 -0.2695 0.1122, -1.7098 -0.2667 0.1122, -1.7135 -0.2629 0.1122, -1.7164 -0.2584 0.1122, -1.7182 -0.2533 0.1122, -1.7187 -0.248 0.1122, -1.7033 -0.2656 0.1065, -1.707 -0.2633 0.1065, -1.7101 -0.2602 0.1065, -1.7124 -0.2565 0.1065, -1.7139 -0.2524 0.1065, -1.7144 -0.248 0.1065, -1.7009 -0.2604 0.1021, -1.7035 -0.2588 0.1021, -1.7057 -0.2566 0.1021, -1.7073 -0.254 0.1021, -1.7083 -0.2511 0.1021, -1.7087 -0.248 0.1021, -1.6949 -0.2552 0.9833, -1.5734 -0.2552 0.9833, -1.6949 -0.2618 0.9806, -1.5707 -0.2618 0.9806, -1.6949 -0.2675 0.9762, -1.5683 -0.2675 0.9762, -1.5673 -0.2699 0.9735, -1.6949 -0.2719 0.9705, -1.5665 -0.2719 0.9705, -1.5658 -0.2735 0.9672, -1.6949 -0.2747 0.9638, -1.5653 -0.2747 0.9638, -1.5651 -0.2754 0.9603, -1.7215 -0.2552 0.9567, -1.7187 -0.2618 0.9567, -1.7144 -0.2675 0.9567, -1.7087 -0.2719 0.9567, -1.702 -0.2747 0.9567, -1.702 0.4217 0.0994, -1.7087 0.4217 0.1021, -1.7144 0.4217 0.1065, -1.7187 0.4217 0.1122, -1.7215 0.4217 0.1189, -1.546 -0.2278 0.9833, -1.5394 -0.2305 0.9806, -1.5337 -0.2329 0.9762, -1.5313 -0.2339 0.9735, -1.5293 -0.2347 0.9705, -1.5277 -0.2354 0.9672, -1.5258 -0.2361 0.9603, -1.5265 -0.2358 0.9638, -1.7018 -0.2737 0.9638, -1.7018 -0.26 0.9806, -1.6984 -0.2542 0.9833, -1.6999 -0.2531 0.9833, -1.702 -0.248 0.9833, -1.7018 -0.2499 0.9833, -1.6967 -0.2549 0.9833, -1.6984 -0.2613 0.9806, -1.6999 -0.2669 0.9762, -1.7046 -0.2578 0.9806, -1.7011 -0.2516 0.9833, -1.7068 -0.2549 0.9806, -1.7082 -0.2516 0.9806, -1.7087 -0.248 0.9806, -1.7046 -0.2649 0.9762, -1.7087 -0.2618 0.9762, -1.7118 -0.2578 0.9762, -1.7137 -0.2531 0.9762, -1.7144 -0.248 0.9762, -1.7011 -0.2711 0.9705, -1.7068 -0.2687 0.9705, -1.7118 -0.2649 0.9705, -1.7156 -0.26 0.9705, -1.7179 -0.2542 0.9705, -1.7187 -0.248 0.9705, -1.7082 -0.2711 0.9638, -1.7137 -0.2669 0.9638, -1.7179 -0.2613 0.9638, -1.7206 -0.2549 0.9638, -1.7215 -0.248 0.9638, -1.7215 0.4288 0.126, -1.7187 0.4354 0.126, -1.7206 0.4285 0.1189, -1.7179 0.435 0.1189, -1.7179 0.4278 0.1122, -1.7156 0.4336 0.1122, -1.7137 0.4267 0.1065, -1.7118 0.4314 0.1065, -1.7082 0.4252 0.1021, -1.7068 0.4285 0.1021, -1.7018 0.4235 0.0994, -1.7011 0.4252 0.0994, -1.7137 0.4405 0.1189, -1.7118 0.4385 0.1122, -1.7087 0.4354 0.1065, -1.7046 0.4314 0.1021, -1.6999 0.4267 0.0994, -1.5052 0.4321 0.9567, -1.5118 0.4294 0.9567, -1.5175 0.425 0.9567, -1.5219 0.4193 0.9567, -1.5247 0.4126 0.9567, -1.5265 0.4055 0.9638, -1.5293 0.4055 0.9705, -1.5337 0.4055 0.9762, -1.5394 0.4055 0.9806, -1.546 0.4055 0.9833, -1.702 0.4217 0.9833, -1.7087 0.4217 0.9806, -1.7144 0.4217 0.9762, -1.7187 0.4217 0.9705, -1.7215 0.4217 0.9638, -1.7187 0.4354 0.9567, -1.7215 0.4288 0.9567, -1.3224 0.8043 0.0994, -1.3271 0.809 0.1021, -1.3311 0.813 0.1065, -1.3342 0.8161 0.1122, -1.3361 0.818 0.1189, -1.3173 0.8258 0.1189, -1.3173 0.8231 0.1122, -1.3173 0.8187 0.1065, -1.3173 0.813 0.1021, -1.3173 0.8063 0.0994, -1.5256 0.4129 0.9638, -1.5282 0.4136 0.9705, -1.5324 0.4147 0.9762, -1.538 0.4162 0.9806, -1.5444 0.4179 0.9833, -1.5227 0.4198 0.9638, -1.5251 0.4211 0.9705, -1.5289 0.4233 0.9762, -1.5338 0.4262 0.9806, -1.5396 0.4295 0.9833, -1.5182 0.4257 0.9638, -1.5201 0.4276 0.9705, -1.5232 0.4307 0.9762, -1.5273 0.4347 0.9806, -1.532 0.4394 0.9833, -1.5123 0.4302 0.9638, -1.5137 0.4326 0.9705, -1.5158 0.4364 0.9762, -1.5187 0.4413 0.9806, -1.522 0.4471 0.9833, -1.5054 0.433 0.9638, -1.5061 0.4357 0.9705, -1.5073 0.4399 0.9762, -1.5087 0.4454 0.9806, -1.5105 0.4519 0.9833, -1.498 0.434 0.9638, -1.498 0.4368 0.9705, -1.498 0.4411 0.9762, -1.498 0.4469 0.9806, -1.498 0.4535 0.9833, -1.7206 0.4285 0.9638, -1.7179 0.4278 0.9705, -1.7137 0.4267 0.9762, -1.7082 0.4252 0.9806, -1.7018 0.4235 0.9833, -1.7011 0.4252 0.9833, -1.7068 0.4285 0.9806, -1.7118 0.4314 0.9762, -1.7156 0.4336 0.9705, -1.7179 0.435 0.9638, -1.7137 0.4405 0.9638, -1.7118 0.4385 0.9705, -1.7087 0.4354 0.9762, -1.7046 0.4314 0.9806, -1.6999 0.4267 0.9833, -1.3326 0.8221 0.126, -1.3321 0.8213 0.1189, -1.3306 0.8191 0.1122, -1.3282 0.8154 0.1065, -1.325 0.8107 0.1021, -1.3213 0.8051 0.0994, -1.3279 0.8247 0.126, -1.3227 0.8262 0.126, -1.3275 0.8238 0.1189, -1.3225 0.8253 0.1189, -1.3265 0.8213 0.1122, -1.322 0.8226 0.1122, -1.3248 0.8172 0.1065, -1.3211 0.8183 0.1065, -1.3226 0.8119 0.1021, -1.32 0.8127 0.1021, -1.3201 0.8058 0.0994, -1.3187 0.8062 0.0994, -1.1326 0.4321 0.9567, -1.126 0.4294 0.9567, -1.1203 0.425 0.9567, -1.1159 0.4193 0.9567, -1.1131 0.4126 0.9567, -1.1398 0.434 0.9638, -1.1398 0.4368 0.9705, -1.1398 0.4411 0.9762, -1.1398 0.4469 0.9806, -1.1398 0.4535 0.9833, -1.3224 0.8043 0.9833, -1.3271 0.809 0.9806, -1.3311 0.813 0.9762, -1.3342 0.8161 0.9705, -1.3361 0.818 0.9638, -1.3326 0.8221 0.9567, -1.3279 0.8247 0.9567, -1.3227 0.8262 0.9567, -1.1131 0.4606 1.0047, -1.1131 0.4482 1.003, -1.1131 0.4366 0.9982, -1.1131 0.4267 0.9906, -1.1131 0.4191 0.9807, -1.1131 0.4143 0.9691, -1.1159 0.4606 0.998, -1.1159 0.4499 0.9966, -1.1159 0.44 0.9925, -1.1159 0.4314 0.9859, -1.1159 0.4248 0.9774, -1.1159 0.4207 0.9674, -1.1203 0.4606 0.9923, -1.1203 0.4514 0.9911, -1.1203 0.4428 0.9875, -1.1203 0.4354 0.9819, -1.1203 0.4298 0.9745, -1.1203 0.4262 0.9659, -1.126 0.4606 0.9879, -1.126 0.4525 0.9869, -1.126 0.445 0.9838, -1.126 0.4385 0.9788, -1.126 0.4336 0.9723, -1.126 0.4304 0.9648, -1.1326 0.4606 0.9852, -1.1326 0.4533 0.9842, -1.1326 0.4464 0.9814, -1.1326 0.4405 0.9768, -1.1326 0.436 0.9709, -1.1326 0.4331 0.9641, -1.3213 0.8051 0.9833, -1.3321 0.8213 0.9638, -1.3306 0.8191 0.9705, -1.3282 0.8154 0.9762, -1.325 0.8107 0.9806, -1.3275 0.8238 0.9638, -1.3265 0.8213 0.9705, -1.3248 0.8172 0.9762, -1.3226 0.8119 0.9806, -1.3201 0.8058 0.9833, -1.3187 0.8062 0.9833, -1.32 0.8127 0.9806, -1.3211 0.8183 0.9762, -1.322 0.8226 0.9705, -1.3225 0.8253 0.9638, -1.3173 0.8258 0.9638, -1.3173 0.8231 0.9705, -1.3173 0.8187 0.9762, -1.3173 0.813 0.9806, -1.3173 0.8063 0.9833, -1.1131 0.7992 1.0047, -1.1159 0.7992 0.998, -1.1203 0.7992 0.9923, -1.126 0.7992 0.9879, -1.1326 0.7992 0.9852, -1.1398 0.8053 0.9836, -1.1398 0.8063 0.9832, -1.1398 0.8112 0.9815, -1.1398 0.8129 0.9804, -1.1398 0.8164 0.9782, -1.1398 0.8186 0.9761, -1.1398 0.8208 0.9739, -1.1398 0.8229 0.9704, -1.1398 0.824 0.9687, -1.1398 0.8261 0.9628, -1.1398 0.8257 0.9638, -1.1271 0.8261 0.9645, -1.0908 0.8261 1.0118, -1.0924 0.8261 0.9991, -1.0917 0.8257 1.0118, -1.0981 0.824 1.0006, -1.1286 0.824 0.9701, -1.1031 0.8208 1.002, -1.0983 0.8229 1.0118, -1.0966 0.824 1.0118, -1.1299 0.8208 0.9752, -1.1073 0.8164 1.0031, -1.104 0.8186 1.0118, -1.1018 0.8208 1.0118, -1.1311 0.8164 0.9794, -1.1112 0.8063 1.0118, -1.1095 0.8112 1.0118, -1.1105 0.8112 1.004, -1.1084 0.8129 1.0118, -1.1062 0.8164 1.0118, -1.0973 0.8261 0.9873, -1.1024 0.824 0.9902, -1.1069 0.8208 0.9928, -1.1107 0.8164 0.995, -1.1135 0.8112 0.9967, -1.1051 0.8261 0.9772, -1.1092 0.824 0.9813, -1.1129 0.8208 0.985, -1.116 0.8164 0.9881, -1.1183 0.8112 0.9904, -1.1153 0.8261 0.9694, -1.1182 0.824 0.9744, -1.1208 0.8208 0.979, -1.123 0.8164 0.9827, -1.1246 0.8112 0.9856, -1.1319 0.8112 0.9826, -1.1115 0.8053 1.0118, -1.1125 0.8053 1.0045, -1.1153 0.8053 0.9977, -1.1198 0.8053 0.9918, -1.1256 0.8053 0.9873, -1.1325 0.8053 0.9845, -1.0918 0.8258 1.3189, -1.0984 0.8231 1.3189, -1.1041 0.8187 1.3189, -1.1085 0.813 1.3189, -1.1113 0.8063 1.3189, 0.5413 -0.8261 0.0933, 0.5413 -0.8122 0.0794, 0.5413 -0.8169 0.0814, 0.5413 -0.8071 0.0787, 0.5413 -0.821 0.0845, 0.5413 -0.8241 0.0886, -0.8366 -0.8122 0.0794, -0.8366 -0.8261 0.0933, -0.8366 -0.8241 0.0886, -0.8366 -0.8169 0.0814, -0.8366 -0.821 0.0845, 0.3445 -0.8241 0.0886, 0.3445 -0.8261 0.0933, 0.3445 -0.821 0.0845, 0.3445 -0.8169 0.0814, 0.3445 -0.8122 0.0794, -1.0335 -0.8261 0.0933, -1.0335 -0.8241 0.0886, -1.0335 -0.821 0.0845, -1.0335 -0.8169 0.0814, -1.0335 -0.8071 0.0787, -1.0335 -0.8122 0.0794, 0.3445 0.8122 1.3379, 0.3445 0.8261 1.324, 0.3445 0.8169 1.3359, 0.3445 0.8241 1.3287, 0.3445 0.821 1.3328, -0.8366 0.8261 1.324, -0.8366 0.8122 1.3379, -0.8366 0.8241 1.3287, -0.8366 0.8169 1.3359, -0.8366 0.821 1.3328, 0.5925 0.8122 1.3379, 0.5925 0.8169 1.3359, 0.5925 0.821 1.3328, 0.5925 0.8241 1.3287, 0.5925 0.8261 1.324, 0.5959 0.8117 1.3379, 0.5971 0.8163 1.3359, 0.5982 0.8203 1.3328, 0.599 0.8233 1.3287, 0.5995 0.8252 1.324, 0.599 0.8104 1.3379, 0.6014 0.8146 1.3359, 0.6034 0.8181 1.3328, 0.605 0.8208 1.3287, 0.606 0.8225 1.324, 0.6017 0.8084 1.3379, 0.605 0.8117 1.3359, 0.6079 0.8146 1.3328, 0.6101 0.8168 1.3287, 0.6115 0.8182 1.324, 0.6038 0.8057 1.3379, 0.6079 0.8081 1.3359, 0.6114 0.8101 1.3328, 0.6141 0.8117 1.3287, 0.6158 0.8127 1.324, 0.605 0.8026 1.3379, 0.6096 0.8038 1.3359, 0.6136 0.8049 1.3328, 0.6166 0.8057 1.3287, 0.6185 0.8062 1.324, 0.6055 0.7992 1.3379, 0.6102 0.7992 1.3359, 0.6143 0.7992 1.3328, 0.6174 0.7992 1.3287, 0.6194 0.7992 1.324, 0.6199 -0.3935 1.3215, 0.6186 -0.3922 1.3264, 0.6194 -0.393 1.324, 0.6143 -0.3879 1.3328, 0.616 -0.3896 1.3309, 0.6174 -0.3911 1.3287, 0.6102 -0.3839 1.3359, 0.6055 -0.3791 1.3379, -0.8565 -0.7086 1.164, -0.857 -0.7084 1.1665, -0.8578 -0.708 1.169, -0.8589 -0.7076 1.1713, -0.8604 -0.707 1.1734, -0.8621 -0.7063 1.1753, -0.8661 -0.7046 1.1785, -0.8709 -0.7026 1.1804, 0.2321 -0.3879 1.3328, 0.2304 -0.3896 1.3309, 0.229 -0.3911 1.3287, 0.2279 -0.3922 1.3264, 0.227 -0.393 1.324, 0.2265 -0.3935 1.3215, 0.2362 -0.3839 1.3359, 0.241 -0.3791 1.3379, -0.9745 -0.8266 1.164, -0.9747 -0.8261 1.1665, -0.975 -0.8253 1.169, -0.9755 -0.8241 1.1713, -0.9761 -0.8227 1.1734, -0.9768 -0.821 1.1753, -0.9785 -0.8169 1.1785, -0.9805 -0.8122 1.1804, -1.112 -0.8097 0.0789, -1.1107 -0.8146 0.0802, -1.1115 -0.8122 0.0794, -1.1064 -0.821 0.0845, -1.1081 -0.8191 0.0828, -1.1096 -0.8169 0.0814, -1.1024 -0.8241 0.0886, -1.0976 -0.8261 0.0933, 0.2265 -0.1967 1.3215, 0.227 -0.1962 1.324, 0.2279 -0.1954 1.3264, 0.229 -0.1942 1.3287, 0.2304 -0.1928 1.3309, 0.2321 -0.1911 1.3328, 0.2362 -0.187 1.3359, 0.241 -0.1823 1.3379, -1.0925 -0.8122 1.1804, -1.0925 -0.8169 1.1785, -1.0925 -0.821 1.1753, -1.0925 -0.8241 1.1713, -1.0925 -0.8261 1.1665, -1.0976 -0.8261 1.1614, -1.1024 -0.8241 1.1614, -1.1064 -0.821 1.1614, -1.1096 -0.8169 1.1614, -1.1115 -0.8122 1.1614, -0.7187 -0.1967 1.3215, -0.7192 -0.1962 1.324, -0.72 -0.1954 1.3264, -0.7211 -0.1942 1.3287, -0.7243 -0.1911 1.3328, -0.7226 -0.1928 1.3309, -0.7283 -0.187 1.3359, -0.7331 -0.1823 1.3379, -1.0974 -0.8255 1.1665, -1.0974 -0.8156 1.1785, -1.0951 -0.8115 1.1804, -1.0961 -0.8107 1.1804, -1.0976 -0.8071 1.1804, -1.0974 -0.8084 1.1804, -1.0938 -0.812 1.1804, -1.0951 -0.8166 1.1785, -1.0961 -0.8205 1.1753, -1.0995 -0.814 1.1785, -1.0969 -0.8096 1.1804, -1.101 -0.812 1.1785, -1.102 -0.8096 1.1785, -1.1024 -0.8071 1.1785, -1.0995 -0.8191 1.1753, -1.1024 -0.8169 1.1753, -1.1046 -0.814 1.1753, -1.106 -0.8107 1.1753, -1.1064 -0.8071 1.1753, -1.0969 -0.8236 1.1713, -1.101 -0.8219 1.1713, -1.1046 -0.8191 1.1713, -1.1073 -0.8156 1.1713, -1.109 -0.8115 1.1713, -1.1096 -0.8071 1.1713, -1.102 -0.8236 1.1665, -1.106 -0.8205 1.1665, -1.109 -0.8166 1.1665, -1.1109 -0.812 1.1665, -1.1115 -0.8071 1.1665, -0.7243 -0.3879 1.3328, -0.7187 -0.3935 1.3215, -0.7192 -0.393 1.324, -0.72 -0.3922 1.3264, -0.7211 -0.3911 1.3287, -0.7226 -0.3896 1.3309, -0.7283 -0.3839 1.3359, -0.7331 -0.3791 1.3379, -1.1115 -0.3791 1.1665, -1.1096 -0.3839 1.1713, -1.1064 -0.3879 1.1753, -1.1024 -0.3911 1.1785, -1.1045 -0.3896 1.177, -1.0951 -0.3935 1.1809, -1.0976 -0.393 1.1804, -1.1001 -0.3922 1.1796, -1.0846 0.8122 1.3379, -1.0846 0.8169 1.3359, -1.0846 0.821 1.3328, -1.0846 0.8241 1.3287, -1.0846 0.8261 1.324, -1.0925 -0.3791 1.3379, -1.0925 -0.3839 1.3359, -1.0925 -0.3879 1.3328, -1.0925 -0.3911 1.3287, -1.0925 -0.393 1.324, -1.0976 -0.393 1.3189, -1.1024 -0.3911 1.3189, -1.1064 -0.3879 1.3189, -1.1096 -0.3839 1.3189, -1.1115 -0.3791 1.3189, -1.0976 0.7992 1.3379, -1.0972 0.8026 1.3379, -1.1024 0.7992 1.3359, -1.1018 0.8038 1.3359, -1.1064 0.7992 1.3328, -1.1057 0.8049 1.3328, -1.1096 0.7992 1.3287, -1.1087 0.8057 1.3287, -1.1115 0.7992 1.324, -1.1106 0.8062 1.324, -1.0959 0.8057 1.3379, -1.1 0.8081 1.3359, -1.1035 0.8101 1.3328, -1.1062 0.8117 1.3287, -1.1079 0.8127 1.324, -1.0938 0.8084 1.3379, -1.0972 0.8117 1.3359, -1.1001 0.8146 1.3328, -1.1023 0.8168 1.3287, -1.1037 0.8182 1.324, -1.0911 0.8104 1.3379, -1.0935 0.8146 1.3359, -1.0955 0.8181 1.3328, -1.0971 0.8208 1.3287, -1.0981 0.8225 1.324, -1.088 0.8117 1.3379, -1.0892 0.8163 1.3359, -1.0903 0.8203 1.3328, -1.0911 0.8233 1.3287, -1.0916 0.8252 1.324, -1.0974 -0.3924 1.324, -1.0974 -0.3825 1.3359, -1.0951 -0.3784 1.3379, -1.0961 -0.3776 1.3379, -1.0976 -0.374 1.3379, -1.0974 -0.3753 1.3379, -1.0938 -0.3789 1.3379, -1.0951 -0.3835 1.3359, -1.0961 -0.3875 1.3328, -1.0995 -0.381 1.3359, -1.0969 -0.3766 1.3379, -1.101 -0.3789 1.3359, -1.102 -0.3766 1.3359, -1.1024 -0.374 1.3359, -1.0995 -0.3861 1.3328, -1.1024 -0.3839 1.3328, -1.1046 -0.381 1.3328, -1.106 -0.3776 1.3328, -1.1064 -0.374 1.3328, -1.0969 -0.3905 1.3287, -1.101 -0.3888 1.3287, -1.1046 -0.3861 1.3287, -1.1073 -0.3825 1.3287, -1.109 -0.3784 1.3287, -1.1096 -0.374 1.3287, -1.102 -0.3905 1.324, -1.106 -0.3875 1.324, -1.109 -0.3835 1.324, -1.1109 -0.3789 1.324, -1.1115 -0.374 1.324, 0.6055 -0.8261 0.0933, 0.6102 -0.8241 0.0886, 0.6143 -0.821 0.0845, 0.616 -0.8191 0.0828, 0.6174 -0.8169 0.0814, 0.6186 -0.8146 0.0802, 0.6194 -0.8122 0.0794, 0.6199 -0.8097 0.0789, 0.6055 -0.8071 1.1804, 0.6102 -0.8071 1.1785, 0.6143 -0.8071 1.1753, 0.6174 -0.8071 1.1713, 0.6194 -0.8071 1.1665, 0.6194 -0.8122 1.1614, 0.6174 -0.8169 1.1614, 0.6143 -0.821 1.1614, 0.6102 -0.8241 1.1614, 0.6055 -0.8261 1.1614, 0.6188 -0.812 1.1665, 0.6089 -0.812 1.1785, 0.6048 -0.8096 1.1804, 0.604 -0.8107 1.1804, 0.6004 -0.8122 1.1804, 0.6017 -0.812 1.1804, 0.6053 -0.8084 1.1804, 0.6099 -0.8096 1.1785, 0.6138 -0.8107 1.1753, 0.6074 -0.814 1.1785, 0.6029 -0.8115 1.1804, 0.6053 -0.8156 1.1785, 0.6029 -0.8166 1.1785, 0.6004 -0.8169 1.1785, 0.6124 -0.814 1.1753, 0.6102 -0.8169 1.1753, 0.6074 -0.8191 1.1753, 0.604 -0.8205 1.1753, 0.6004 -0.821 1.1753, 0.6169 -0.8115 1.1713, 0.6152 -0.8156 1.1713, 0.6124 -0.8191 1.1713, 0.6089 -0.8219 1.1713, 0.6048 -0.8236 1.1713, 0.6004 -0.8241 1.1713, 0.6169 -0.8166 1.1665, 0.6138 -0.8205 1.1665, 0.6099 -0.8236 1.1665, 0.6053 -0.8255 1.1665, 0.6004 -0.8261 1.1665, 0.3788 -0.7026 1.1804, 0.374 -0.7046 1.1785, 0.3699 -0.7063 1.1753, 0.3682 -0.707 1.1734, 0.3668 -0.7076 1.1713, 0.3657 -0.708 1.169, 0.3648 -0.7084 1.1665, 0.3643 -0.7086 1.164, 0.4824 -0.8266 1.164, 0.4826 -0.8261 1.1665, 0.4829 -0.8253 1.169, 0.4834 -0.8241 1.1713, 0.484 -0.8227 1.1734, 0.4847 -0.821 1.1753, 0.4864 -0.8169 1.1785, 0.4883 -0.8122 1.1804, 0.4883 -0.8122 1.1804
            ]
        }
        coordIndex [
            0,1,2,-1,3,4,5,-1,6,7,8,-1,8,7,9,-1,10,11,12,-1,12,11,13,-1,5,0,3,-1,3,0,2,-1,3,2,14,-1,14,2,15,-1,13,16,12,-1,12,16,17,-1,12,17,9,-1,18,19,2,-1,2,19,20,-1,2,20,15,-1,21,22,23,-1,23,22,24,-1,23,24,25,-1,26,27,28,-1,29,30,12,-1,12,30,31,-1,12,31,10,-1,32,33,2,-1,2,33,34,-1,2,34,18,-1,2,35,36,-1,37,38,2,-1,14,39,3,-1,3,39,40,-1,3,40,41,-1,42,43,44,-1,44,43,45,-1,44,45,46,-1,47,48,8,-1,8,48,49,-1,8,49,50,-1,42,44,36,-1,36,44,51,-1,36,51,2,-1,2,51,52,-1,2,52,37,-1,25,53,23,-1,23,53,54,-1,23,54,12,-1,12,54,26,-1,12,26,29,-1,29,26,55,-1,9,17,8,-1,8,17,56,-1,8,56,47,-1,38,57,2,-1,2,57,58,-1,2,58,32,-1,41,59,3,-1,3,59,60,-1,3,60,23,-1,23,60,61,-1,23,61,21,-1,46,62,44,-1,44,62,63,-1,44,63,26,-1,26,63,64,-1,26,64,27,-1,28,65,26,-1,26,65,66,-1,26,66,55,-1,67,68,2,-1,2,68,69,-1,2,69,70,-1,70,71,2,-1,2,71,72,-1,2,72,35,-1,50,73,8,-1,8,73,74,-1,8,74,2,-1,2,74,75,-1,2,75,67,-1,76,77,78,-1,79,80,81,-1,81,80,82,-1,81,82,83,-1,83,84,81,-1,81,84,85,-1,81,85,86,-1,86,87,81,-1,81,87,88,-1,81,88,89,-1,78,77,81,-1,81,77,90,-1,81,90,79,-1,91,92,78,-1,78,92,93,-1,93,94,78,-1,78,94,95,-1,78,95,96,-1,89,97,81,-1,81,97,98,-1,81,98,99,-1,99,100,81,-1,81,100,101,-1,81,101,102,-1,102,101,103,-1,102,103,104,-1,104,103,105,-1,104,105,78,-1,78,105,106,-1,78,106,91,-1,96,107,78,-1,78,107,108,-1,78,108,109,-1,109,110,78,-1,78,110,111,-1,78,111,76,-1,112,113,114,-1,114,113,115,-1,114,115,116,-1,117,118,119,-1,120,121,122,-1,122,121,123,-1,122,123,124,-1,124,125,122,-1,122,125,126,-1,122,126,127,-1,127,128,122,-1,122,128,129,-1,122,129,130,-1,119,118,122,-1,122,118,131,-1,122,131,120,-1,132,133,119,-1,119,133,134,-1,134,135,119,-1,119,135,136,-1,119,136,137,-1,130,138,122,-1,122,138,139,-1,122,139,140,-1,140,141,122,-1,122,141,142,-1,122,142,143,-1,143,142,144,-1,143,144,145,-1,145,144,146,-1,145,146,119,-1,119,146,147,-1,119,147,132,-1,137,148,119,-1,119,148,149,-1,119,149,150,-1,150,151,119,-1,119,151,152,-1,119,152,117,-1,153,154,155,-1,156,157,158,-1,114,116,119,-1,159,160,161,-1,161,160,162,-1,163,164,165,-1,165,164,166,-1,165,166,167,-1,167,166,122,-1,168,169,170,-1,157,171,158,-1,158,171,172,-1,158,172,173,-1,174,175,158,-1,158,175,176,-1,177,178,179,-1,179,178,180,-1,176,181,158,-1,158,181,180,-1,158,180,182,-1,182,180,178,-1,168,170,183,-1,183,170,184,-1,183,184,166,-1,173,185,158,-1,158,185,186,-1,158,186,174,-1,166,184,122,-1,122,184,187,-1,122,187,119,-1,119,187,188,-1,119,188,114,-1,156,158,189,-1,189,158,159,-1,189,159,190,-1,190,159,114,-1,190,114,191,-1,169,192,170,-1,170,192,193,-1,170,193,194,-1,194,193,195,-1,194,195,196,-1,197,198,188,-1,188,198,199,-1,188,199,114,-1,114,199,200,-1,114,200,201,-1,195,202,196,-1,196,202,203,-1,196,203,188,-1,188,203,204,-1,188,204,197,-1,201,205,114,-1,114,205,206,-1,114,206,191,-1,207,208,209,-1,210,211,212,-1,213,214,161,-1,161,214,215,-1,216,217,218,-1,219,220,221,-1,212,222,210,-1,210,222,223,-1,210,223,224,-1,218,225,216,-1,216,225,226,-1,216,226,78,-1,227,228,229,-1,230,231,229,-1,229,231,232,-1,229,232,227,-1,227,232,213,-1,227,213,233,-1,233,213,161,-1,233,161,234,-1,159,161,114,-1,114,161,215,-1,114,215,112,-1,112,215,235,-1,112,235,219,-1,236,161,237,-1,237,161,216,-1,237,216,238,-1,238,216,78,-1,238,78,239,-1,239,78,81,-1,240,81,241,-1,241,81,112,-1,241,112,227,-1,227,112,219,-1,227,219,228,-1,228,219,221,-1,242,243,236,-1,236,243,244,-1,236,244,161,-1,161,244,210,-1,161,210,234,-1,234,210,224,-1,239,245,246,-1,246,247,239,-1,239,247,248,-1,239,248,210,-1,210,248,249,-1,210,249,211,-1,240,250,81,-1,81,250,251,-1,81,251,239,-1,239,251,252,-1,239,252,245,-1,253,254,255,-1,255,254,256,-1,255,256,257,-1,257,256,216,-1,257,216,209,-1,209,216,161,-1,209,161,207,-1,207,161,162,-1,208,258,209,-1,209,258,183,-1,209,183,259,-1,259,183,166,-1,259,166,260,-1,260,166,261,-1,260,261,155,-1,155,261,262,-1,155,262,153,-1,165,167,263,-1,263,167,264,-1,263,264,265,-1,265,264,266,-1,217,267,268,-1,269,270,271,-1,272,273,274,-1,275,276,217,-1,217,276,277,-1,217,277,218,-1,278,275,271,-1,271,275,217,-1,271,217,269,-1,269,217,268,-1,279,280,281,-1,281,280,272,-1,281,272,282,-1,282,272,274,-1,272,283,273,-1,273,283,218,-1,273,218,284,-1,284,218,277,-1,283,272,285,-1,285,272,286,-1,268,267,287,-1,287,267,288,-1,289,290,255,-1,255,290,253,-1,253,290,254,-1,254,290,291,-1,254,291,292,-1,293,294,295,-1,295,294,296,-1,292,297,254,-1,254,297,294,-1,254,294,298,-1,298,294,293,-1,299,154,300,-1,300,154,153,-1,301,300,302,-1,302,300,153,-1,302,153,303,-1,303,153,304,-1,304,305,303,-1,303,305,306,-1,303,306,307,-1,154,299,155,-1,155,299,308,-1,155,308,260,-1,308,309,260,-1,260,309,259,-1,310,257,309,-1,309,257,209,-1,309,209,259,-1,310,289,257,-1,257,289,255,-1,311,312,313,-1,313,312,314,-1,314,315,313,-1,313,315,316,-1,313,316,317,-1,317,318,313,-1,313,318,319,-1,313,319,320,-1,320,319,321,-1,320,321,322,-1,319,323,321,-1,321,323,324,-1,321,324,325,-1,325,324,326,-1,325,326,327,-1,327,328,325,-1,325,328,329,-1,325,329,330,-1,330,329,331,-1,330,331,332,-1,313,333,334,-1,335,336,337,-1,337,336,338,-1,337,338,339,-1,340,341,342,-1,342,341,343,-1,163,334,164,-1,164,334,333,-1,164,333,344,-1,344,333,345,-1,346,347,341,-1,341,347,348,-1,341,348,343,-1,339,346,337,-1,337,346,341,-1,337,341,334,-1,334,341,311,-1,334,311,313,-1,344,345,349,-1,349,345,350,-1,351,352,353,-1,353,352,354,-1,355,356,357,-1,357,356,358,-1,357,358,359,-1,359,358,360,-1,361,271,270,-1,362,363,364,-1,361,270,365,-1,364,363,366,-1,367,368,369,-1,370,371,270,-1,371,372,270,-1,270,372,373,-1,270,373,365,-1,368,374,369,-1,369,374,375,-1,369,375,364,-1,364,375,376,-1,364,376,362,-1,370,270,363,-1,363,270,377,-1,363,377,366,-1,367,369,378,-1,378,369,379,-1,378,379,380,-1,381,382,383,-1,384,385,383,-1,383,385,386,-1,383,386,381,-1,387,388,389,-1,390,391,392,-1,392,391,393,-1,393,394,392,-1,392,394,395,-1,392,395,387,-1,387,395,396,-1,387,396,388,-1,397,398,399,-1,399,398,387,-1,399,387,400,-1,400,387,389,-1,401,319,318,-1,402,403,404,-1,404,403,405,-1,404,405,406,-1,407,408,318,-1,402,404,318,-1,318,404,409,-1,318,409,407,-1,408,410,318,-1,318,410,411,-1,318,411,401,-1,412,287,288,-1,297,292,413,-1,413,292,414,-1,288,413,412,-1,412,413,414,-1,412,414,415,-1,415,414,416,-1,415,416,417,-1,417,416,418,-1,417,418,419,-1,420,421,422,-1,423,424,422,-1,422,424,425,-1,420,422,426,-1,421,427,422,-1,422,427,428,-1,422,428,429,-1,425,430,422,-1,422,430,431,-1,422,431,426,-1,145,115,113,-1,264,432,266,-1,266,432,433,-1,266,433,434,-1,435,436,437,-1,438,439,440,-1,441,442,433,-1,433,442,443,-1,433,443,434,-1,264,143,432,-1,432,143,145,-1,432,145,102,-1,102,145,113,-1,444,435,104,-1,104,435,437,-1,104,437,102,-1,102,437,445,-1,102,445,432,-1,432,445,446,-1,441,433,447,-1,447,433,448,-1,447,448,449,-1,444,438,435,-1,435,438,440,-1,435,440,450,-1,450,440,451,-1,450,451,452,-1,452,451,453,-1,452,453,454,-1,454,453,455,-1,456,457,458,-1,459,460,461,-1,461,460,2,-1,461,2,458,-1,458,2,1,-1,458,1,456,-1,462,463,464,-1,301,302,463,-1,463,302,465,-1,463,465,464,-1,464,465,349,-1,464,349,350,-1,466,467,468,-1,468,467,462,-1,468,462,469,-1,469,462,464,-1,470,3,471,-1,471,3,23,-1,291,290,289,-1,472,291,473,-1,473,291,289,-1,473,289,12,-1,12,289,310,-1,12,310,23,-1,23,310,309,-1,23,309,471,-1,471,309,308,-1,308,299,471,-1,471,299,300,-1,471,300,474,-1,473,12,475,-1,475,12,9,-1,475,9,416,-1,416,9,7,-1,418,416,6,-1,6,416,7,-1,418,6,476,-1,476,6,8,-1,460,422,429,-1,477,476,429,-1,429,476,8,-1,429,8,460,-1,460,8,2,-1,456,1,0,-1,478,456,479,-1,479,456,0,-1,479,0,480,-1,480,0,481,-1,481,0,467,-1,467,0,5,-1,462,467,4,-1,4,467,5,-1,462,4,470,-1,470,4,3,-1,482,483,430,-1,430,483,484,-1,430,484,431,-1,485,486,487,-1,487,486,488,-1,487,488,489,-1,490,321,325,-1,325,491,478,-1,478,491,492,-1,490,325,493,-1,494,495,325,-1,325,495,496,-1,325,496,493,-1,478,479,497,-1,497,498,478,-1,478,498,499,-1,478,499,500,-1,500,501,478,-1,478,501,485,-1,478,485,325,-1,325,485,487,-1,325,487,494,-1,459,461,502,-1,459,502,423,-1,423,502,503,-1,423,503,424,-1,504,458,457,-1,504,457,505,-1,505,457,492,-1,505,492,491,-1,503,502,505,-1,505,502,504,-1,419,418,477,-1,477,418,476,-1,473,475,472,-1,472,475,416,-1,472,416,414,-1,470,471,462,-1,462,471,474,-1,462,474,463,-1,480,481,466,-1,466,481,467,-1,459,423,460,-1,460,423,422,-1,292,291,414,-1,414,291,472,-1,463,474,301,-1,301,474,300,-1,458,504,461,-1,461,504,502,-1,456,478,457,-1,457,478,492,-1,506,507,508,-1,508,507,509,-1,510,511,512,-1,512,511,513,-1,514,515,511,-1,516,517,515,-1,515,517,513,-1,515,513,511,-1,518,519,520,-1,514,511,520,-1,520,511,521,-1,520,521,518,-1,522,523,524,-1,524,523,525,-1,409,404,524,-1,409,524,526,-1,515,527,516,-1,516,527,526,-1,516,526,525,-1,525,526,524,-1,528,529,530,-1,530,529,531,-1,512,513,382,-1,382,513,383,-1,517,532,513,-1,513,532,384,-1,513,384,383,-1,522,533,534,-1,534,535,522,-1,522,535,536,-1,522,536,537,-1,537,538,522,-1,522,538,385,-1,522,385,523,-1,523,385,384,-1,523,384,532,-1,524,404,522,-1,522,404,406,-1,539,540,522,-1,522,540,541,-1,522,541,533,-1,406,542,522,-1,522,542,543,-1,522,543,539,-1,516,525,517,-1,517,525,523,-1,517,523,532,-1,405,403,544,-1,405,544,545,-1,545,544,546,-1,545,546,547,-1,547,546,548,-1,547,548,549,-1,549,548,550,-1,549,550,551,-1,551,550,552,-1,551,552,553,-1,553,552,507,-1,553,507,506,-1,554,535,555,-1,555,535,534,-1,556,386,385,-1,385,538,556,-1,556,538,537,-1,556,537,554,-1,554,537,536,-1,554,536,535,-1,406,405,542,-1,542,405,557,-1,558,539,557,-1,557,539,543,-1,557,543,542,-1,534,533,555,-1,555,533,541,-1,555,541,558,-1,558,541,540,-1,558,540,539,-1,559,560,561,-1,562,563,564,-1,531,565,566,-1,566,565,567,-1,566,567,568,-1,568,567,569,-1,568,569,570,-1,570,569,571,-1,570,571,572,-1,572,571,573,-1,572,573,574,-1,574,573,575,-1,574,575,403,-1,563,559,564,-1,564,559,561,-1,564,561,576,-1,576,561,577,-1,576,577,578,-1,578,577,579,-1,578,579,580,-1,580,579,581,-1,580,581,582,-1,582,581,583,-1,582,583,403,-1,560,507,561,-1,561,507,552,-1,561,552,577,-1,577,552,550,-1,577,550,579,-1,579,550,548,-1,579,548,581,-1,581,548,546,-1,581,546,583,-1,583,546,544,-1,583,544,403,-1,565,562,567,-1,567,562,564,-1,567,564,569,-1,569,564,576,-1,569,576,571,-1,571,576,578,-1,571,578,573,-1,573,578,580,-1,573,580,575,-1,575,580,582,-1,575,582,403,-1,584,585,586,-1,586,585,587,-1,586,587,588,-1,588,587,589,-1,588,589,590,-1,590,589,591,-1,590,591,592,-1,592,591,593,-1,592,593,594,-1,594,593,595,-1,594,595,405,-1,585,596,587,-1,587,596,597,-1,587,597,589,-1,589,597,598,-1,589,598,591,-1,591,598,599,-1,591,599,593,-1,593,599,600,-1,593,600,595,-1,595,600,601,-1,595,601,405,-1,506,584,553,-1,553,584,586,-1,553,586,551,-1,551,586,588,-1,551,588,549,-1,549,588,590,-1,549,590,547,-1,547,590,592,-1,547,592,545,-1,545,592,594,-1,545,594,405,-1,602,603,604,-1,604,603,605,-1,604,605,606,-1,606,605,607,-1,606,607,608,-1,608,607,609,-1,608,609,610,-1,610,609,611,-1,610,611,612,-1,612,611,613,-1,612,613,405,-1,603,386,605,-1,605,386,556,-1,605,556,607,-1,607,556,554,-1,607,554,609,-1,609,554,555,-1,609,555,611,-1,611,555,558,-1,611,558,613,-1,613,558,557,-1,613,557,405,-1,596,602,597,-1,597,602,604,-1,597,604,598,-1,598,604,606,-1,598,606,599,-1,599,606,608,-1,599,608,600,-1,600,608,610,-1,600,610,601,-1,601,610,612,-1,601,612,405,-1,311,341,614,-1,311,614,312,-1,312,614,615,-1,312,615,314,-1,314,615,616,-1,314,616,315,-1,315,616,617,-1,315,617,316,-1,316,617,618,-1,316,618,317,-1,317,618,402,-1,317,402,318,-1,403,402,619,-1,403,619,574,-1,574,619,620,-1,574,620,572,-1,572,620,621,-1,572,621,570,-1,570,621,622,-1,570,622,568,-1,568,622,623,-1,568,623,566,-1,566,623,530,-1,566,530,531,-1,531,529,565,-1,565,529,624,-1,565,624,562,-1,562,624,625,-1,562,625,563,-1,563,625,626,-1,563,626,559,-1,559,626,627,-1,559,627,560,-1,560,627,628,-1,560,628,507,-1,507,628,509,-1,387,398,629,-1,387,629,630,-1,630,629,631,-1,630,631,632,-1,632,631,633,-1,632,633,634,-1,634,633,635,-1,634,635,636,-1,636,635,637,-1,636,637,638,-1,638,637,508,-1,638,508,509,-1,381,386,603,-1,381,603,639,-1,639,603,602,-1,639,602,640,-1,640,602,596,-1,640,596,641,-1,641,596,585,-1,641,585,642,-1,642,585,584,-1,642,584,643,-1,643,584,506,-1,643,506,508,-1,644,530,623,-1,645,646,647,-1,648,649,650,-1,649,645,650,-1,650,645,647,-1,650,647,651,-1,651,647,652,-1,651,652,653,-1,653,652,654,-1,653,654,655,-1,655,654,656,-1,655,656,657,-1,657,656,658,-1,657,658,402,-1,646,644,647,-1,647,644,623,-1,647,623,652,-1,652,623,622,-1,652,622,654,-1,654,622,621,-1,654,621,656,-1,656,621,620,-1,656,620,658,-1,658,620,619,-1,658,619,402,-1,341,648,614,-1,614,648,650,-1,614,650,615,-1,615,650,651,-1,615,651,616,-1,616,651,653,-1,616,653,617,-1,617,653,655,-1,617,655,618,-1,618,655,657,-1,618,657,402,-1,627,626,659,-1,625,624,660,-1,661,662,663,-1,663,662,387,-1,624,529,660,-1,660,529,664,-1,660,664,665,-1,665,664,666,-1,665,666,667,-1,667,666,668,-1,667,668,669,-1,626,625,659,-1,659,625,660,-1,659,660,670,-1,670,660,665,-1,670,665,671,-1,671,665,667,-1,671,667,672,-1,672,667,669,-1,672,669,673,-1,628,627,674,-1,674,627,659,-1,674,659,675,-1,675,659,670,-1,675,670,676,-1,676,670,671,-1,676,671,677,-1,677,671,672,-1,677,672,678,-1,678,672,673,-1,509,628,638,-1,638,628,674,-1,638,674,636,-1,636,674,675,-1,636,675,634,-1,634,675,676,-1,634,676,632,-1,632,676,677,-1,632,677,630,-1,630,677,678,-1,630,678,387,-1,673,387,678,-1,668,661,669,-1,669,661,663,-1,669,663,673,-1,673,663,387,-1,508,637,679,-1,680,681,682,-1,398,683,684,-1,682,681,398,-1,685,398,681,-1,685,681,686,-1,686,681,680,-1,686,680,687,-1,629,398,685,-1,688,689,690,-1,690,689,684,-1,690,684,691,-1,691,684,683,-1,691,683,692,-1,629,685,631,-1,631,685,686,-1,631,686,633,-1,633,686,687,-1,633,687,635,-1,693,688,694,-1,694,688,690,-1,694,690,695,-1,695,690,691,-1,695,691,696,-1,696,691,692,-1,696,692,697,-1,698,693,699,-1,699,693,694,-1,699,694,700,-1,700,694,695,-1,700,695,701,-1,701,695,696,-1,701,696,702,-1,702,696,697,-1,702,697,703,-1,637,698,679,-1,679,698,699,-1,679,699,704,-1,704,699,700,-1,704,700,705,-1,705,700,701,-1,705,701,706,-1,706,701,702,-1,706,702,707,-1,707,702,703,-1,707,703,708,-1,508,679,643,-1,643,679,704,-1,643,704,642,-1,642,704,705,-1,642,705,641,-1,641,705,706,-1,641,706,640,-1,640,706,707,-1,640,707,639,-1,639,707,708,-1,639,708,381,-1,689,398,684,-1,637,635,698,-1,698,635,687,-1,698,687,693,-1,693,687,680,-1,693,680,688,-1,688,680,682,-1,688,682,689,-1,689,682,398,-1,340,709,341,-1,341,709,648,-1,648,709,649,-1,649,709,710,-1,649,710,645,-1,645,710,711,-1,645,711,646,-1,646,711,712,-1,646,712,644,-1,712,713,644,-1,644,713,528,-1,644,528,530,-1,529,528,714,-1,529,714,664,-1,664,714,715,-1,664,715,666,-1,666,715,716,-1,666,716,668,-1,668,716,717,-1,668,717,661,-1,661,717,718,-1,661,718,662,-1,662,718,392,-1,662,392,387,-1,382,381,719,-1,719,381,708,-1,719,708,720,-1,720,708,721,-1,721,708,703,-1,721,703,722,-1,722,703,723,-1,723,703,697,-1,723,697,724,-1,724,697,725,-1,725,697,692,-1,725,692,726,-1,726,692,727,-1,727,692,683,-1,727,683,728,-1,728,683,729,-1,729,683,398,-1,729,398,397,-1,713,712,730,-1,711,710,731,-1,709,340,732,-1,710,709,731,-1,731,709,732,-1,731,732,733,-1,733,732,734,-1,733,734,735,-1,735,734,736,-1,735,736,737,-1,737,736,738,-1,737,738,739,-1,739,738,740,-1,739,740,392,-1,712,711,730,-1,730,711,731,-1,730,731,741,-1,741,731,733,-1,741,733,742,-1,742,733,735,-1,742,735,743,-1,743,735,737,-1,743,737,744,-1,744,737,739,-1,744,739,392,-1,528,713,714,-1,714,713,730,-1,714,730,715,-1,715,730,741,-1,715,741,716,-1,716,741,742,-1,716,742,717,-1,717,742,743,-1,717,743,718,-1,718,743,744,-1,718,744,392,-1,382,719,512,-1,512,719,745,-1,745,719,746,-1,746,719,720,-1,746,720,747,-1,747,720,721,-1,747,721,748,-1,748,721,722,-1,748,722,749,-1,749,722,723,-1,749,723,750,-1,750,723,724,-1,750,724,751,-1,751,724,725,-1,751,725,752,-1,752,725,726,-1,752,726,753,-1,753,726,727,-1,753,727,754,-1,754,727,728,-1,754,728,755,-1,728,729,755,-1,755,729,397,-1,755,397,399,-1,330,332,756,-1,330,756,757,-1,757,756,758,-1,757,758,759,-1,759,758,760,-1,759,760,761,-1,761,760,762,-1,761,762,763,-1,763,762,764,-1,763,764,765,-1,765,764,338,-1,765,338,336,-1,340,342,766,-1,340,766,732,-1,732,766,767,-1,732,767,734,-1,734,767,768,-1,734,768,736,-1,736,768,769,-1,736,769,738,-1,738,769,770,-1,738,770,740,-1,740,770,390,-1,740,390,392,-1,399,400,755,-1,755,400,771,-1,755,771,754,-1,754,771,753,-1,753,771,772,-1,753,772,752,-1,752,772,751,-1,751,772,773,-1,751,773,750,-1,750,773,749,-1,749,773,774,-1,749,774,748,-1,748,774,747,-1,747,774,775,-1,747,775,746,-1,746,775,745,-1,745,775,510,-1,745,510,512,-1,527,515,776,-1,776,515,514,-1,776,514,777,-1,777,514,520,-1,777,520,778,-1,778,520,519,-1,778,519,779,-1,779,519,518,-1,779,518,780,-1,780,518,521,-1,780,521,510,-1,510,521,511,-1,342,343,766,-1,766,343,781,-1,766,781,767,-1,767,781,782,-1,767,782,768,-1,768,782,783,-1,768,783,769,-1,769,783,784,-1,769,784,770,-1,770,784,785,-1,770,785,390,-1,390,785,786,-1,343,348,781,-1,781,348,787,-1,781,787,782,-1,782,787,788,-1,782,788,783,-1,783,788,789,-1,783,789,784,-1,784,789,790,-1,784,790,785,-1,785,790,791,-1,785,791,786,-1,786,791,792,-1,348,347,787,-1,787,347,793,-1,787,793,788,-1,788,793,794,-1,788,794,789,-1,789,794,795,-1,789,795,790,-1,790,795,796,-1,790,796,791,-1,791,796,797,-1,791,797,792,-1,792,797,798,-1,347,346,793,-1,793,346,799,-1,793,799,794,-1,794,799,800,-1,794,800,795,-1,795,800,801,-1,795,801,796,-1,796,801,802,-1,796,802,797,-1,797,802,803,-1,797,803,798,-1,798,803,804,-1,346,339,799,-1,799,339,805,-1,799,805,800,-1,800,805,806,-1,800,806,801,-1,801,806,807,-1,801,807,802,-1,802,807,808,-1,802,808,803,-1,803,808,809,-1,803,809,804,-1,804,809,810,-1,339,338,805,-1,805,338,764,-1,805,764,806,-1,806,764,762,-1,806,762,807,-1,807,762,760,-1,807,760,808,-1,808,760,758,-1,808,758,809,-1,809,758,756,-1,809,756,810,-1,810,756,332,-1,527,776,811,-1,811,776,812,-1,811,812,813,-1,813,812,814,-1,813,814,815,-1,815,814,816,-1,815,816,817,-1,817,816,818,-1,817,818,819,-1,819,818,820,-1,819,820,393,-1,393,820,394,-1,776,777,812,-1,812,777,821,-1,812,821,814,-1,814,821,822,-1,814,822,816,-1,816,822,823,-1,816,823,818,-1,818,823,824,-1,818,824,820,-1,820,824,825,-1,820,825,394,-1,394,825,395,-1,777,778,821,-1,821,778,826,-1,821,826,822,-1,822,826,827,-1,822,827,823,-1,823,827,828,-1,823,828,824,-1,824,828,829,-1,824,829,825,-1,825,829,830,-1,825,830,395,-1,395,830,396,-1,778,779,826,-1,826,779,831,-1,826,831,827,-1,827,831,832,-1,827,832,828,-1,828,832,833,-1,828,833,829,-1,829,833,834,-1,829,834,830,-1,830,834,835,-1,830,835,396,-1,396,835,388,-1,779,780,831,-1,831,780,836,-1,831,836,832,-1,832,836,837,-1,832,837,833,-1,833,837,838,-1,833,838,834,-1,834,838,839,-1,834,839,835,-1,835,839,840,-1,835,840,388,-1,388,840,389,-1,780,510,836,-1,836,510,775,-1,836,775,837,-1,837,775,774,-1,837,774,838,-1,838,774,773,-1,838,773,839,-1,839,773,772,-1,839,772,840,-1,840,772,771,-1,840,771,389,-1,389,771,400,-1,391,390,841,-1,841,390,786,-1,841,786,842,-1,842,786,792,-1,842,792,843,-1,843,792,798,-1,843,798,844,-1,844,798,804,-1,844,804,845,-1,845,804,810,-1,845,810,331,-1,331,810,332,-1,393,391,846,-1,393,846,819,-1,819,846,847,-1,819,847,817,-1,817,847,848,-1,817,848,815,-1,815,848,849,-1,815,849,813,-1,813,849,850,-1,813,850,811,-1,811,850,526,-1,811,526,527,-1,323,851,324,-1,324,851,852,-1,324,852,326,-1,326,852,853,-1,326,853,327,-1,327,853,854,-1,327,854,328,-1,328,854,855,-1,328,855,329,-1,329,855,856,-1,329,856,331,-1,331,856,845,-1,851,857,852,-1,852,857,858,-1,852,858,853,-1,853,858,859,-1,853,859,854,-1,854,859,860,-1,854,860,855,-1,855,860,861,-1,855,861,856,-1,856,861,862,-1,856,862,845,-1,845,862,844,-1,857,863,858,-1,858,863,864,-1,858,864,859,-1,859,864,865,-1,859,865,860,-1,860,865,866,-1,860,866,861,-1,861,866,867,-1,861,867,862,-1,862,867,868,-1,862,868,844,-1,844,868,843,-1,863,869,864,-1,864,869,870,-1,864,870,865,-1,865,870,871,-1,865,871,866,-1,866,871,872,-1,866,872,867,-1,867,872,873,-1,867,873,868,-1,868,873,874,-1,868,874,843,-1,843,874,842,-1,869,875,870,-1,870,875,876,-1,870,876,871,-1,871,876,877,-1,871,877,872,-1,872,877,878,-1,872,878,873,-1,873,878,879,-1,873,879,874,-1,874,879,880,-1,874,880,842,-1,842,880,841,-1,875,526,876,-1,876,526,850,-1,876,850,877,-1,877,850,849,-1,877,849,878,-1,878,849,848,-1,878,848,879,-1,879,848,847,-1,879,847,880,-1,880,847,846,-1,880,846,841,-1,841,846,391,-1,323,319,851,-1,851,319,401,-1,851,401,857,-1,857,401,411,-1,857,411,863,-1,863,411,410,-1,863,410,869,-1,869,410,408,-1,869,408,875,-1,875,408,407,-1,875,407,526,-1,526,407,409,-1,881,882,883,-1,884,885,886,-1,886,885,883,-1,886,883,887,-1,887,883,882,-1,881,883,888,-1,888,883,889,-1,888,889,890,-1,891,892,893,-1,893,892,885,-1,893,885,894,-1,894,885,884,-1,895,896,897,-1,370,363,898,-1,898,899,370,-1,370,899,900,-1,370,900,901,-1,897,902,895,-1,895,902,903,-1,895,903,904,-1,904,903,370,-1,904,370,905,-1,905,370,901,-1,906,907,908,-1,908,907,909,-1,910,911,912,-1,912,911,913,-1,912,913,914,-1,915,916,917,-1,913,918,914,-1,914,918,915,-1,914,915,919,-1,919,915,917,-1,920,912,921,-1,921,912,914,-1,922,923,913,-1,913,911,922,-1,922,911,907,-1,922,907,904,-1,904,907,906,-1,904,906,895,-1,924,925,926,-1,926,925,927,-1,355,357,920,-1,920,357,912,-1,928,910,359,-1,359,910,912,-1,359,912,357,-1,929,930,908,-1,931,932,908,-1,908,932,933,-1,908,933,929,-1,928,359,909,-1,909,359,360,-1,909,360,908,-1,908,360,934,-1,908,934,931,-1,908,930,935,-1,935,936,908,-1,908,936,937,-1,908,937,938,-1,895,906,896,-1,896,906,908,-1,896,908,939,-1,939,908,938,-1,928,909,910,-1,910,909,907,-1,910,907,911,-1,360,358,934,-1,934,358,940,-1,934,940,931,-1,931,940,932,-1,932,940,941,-1,932,941,933,-1,933,941,929,-1,929,941,942,-1,929,942,930,-1,943,936,942,-1,942,936,935,-1,942,935,930,-1,944,897,896,-1,896,939,944,-1,944,939,938,-1,944,938,943,-1,943,938,937,-1,943,937,936,-1,945,946,897,-1,945,897,947,-1,948,947,897,-1,949,948,897,-1,950,949,897,-1,951,950,897,-1,944,951,897,-1,944,943,952,-1,943,942,953,-1,942,941,954,-1,941,940,955,-1,940,358,956,-1,940,956,955,-1,955,956,957,-1,955,957,958,-1,957,959,958,-1,958,959,960,-1,958,960,961,-1,960,962,961,-1,961,962,963,-1,961,963,964,-1,963,965,964,-1,964,965,966,-1,964,966,967,-1,966,968,967,-1,967,968,969,-1,967,969,970,-1,969,971,970,-1,970,971,353,-1,970,353,972,-1,941,955,954,-1,954,955,958,-1,954,958,973,-1,973,958,961,-1,973,961,974,-1,974,961,964,-1,974,964,975,-1,975,964,967,-1,975,967,976,-1,976,967,970,-1,976,970,977,-1,977,970,972,-1,977,972,978,-1,942,954,953,-1,953,954,973,-1,953,973,979,-1,979,973,974,-1,979,974,980,-1,980,974,975,-1,980,975,981,-1,981,975,976,-1,981,976,982,-1,982,976,977,-1,982,977,983,-1,983,977,978,-1,983,978,984,-1,943,953,952,-1,952,953,979,-1,952,979,985,-1,985,979,980,-1,985,980,986,-1,986,980,981,-1,986,981,987,-1,987,981,982,-1,987,982,988,-1,988,982,983,-1,988,983,989,-1,989,983,984,-1,989,984,990,-1,944,952,951,-1,951,952,985,-1,951,985,950,-1,950,985,986,-1,950,986,949,-1,949,986,987,-1,949,987,948,-1,948,987,988,-1,948,988,947,-1,947,988,989,-1,947,989,945,-1,945,989,990,-1,945,990,946,-1,890,889,991,-1,890,991,992,-1,992,991,993,-1,992,993,994,-1,994,993,995,-1,994,995,996,-1,996,995,997,-1,997,995,998,-1,997,998,999,-1,999,998,1000,-1,1000,998,1001,-1,1000,1001,1002,-1,1002,1001,1003,-1,1003,1001,356,-1,1003,356,355,-1,353,971,351,-1,351,971,1004,-1,971,969,1004,-1,1004,969,968,-1,1004,968,1005,-1,968,966,1005,-1,1005,966,965,-1,1005,965,1006,-1,1006,965,963,-1,1006,963,1007,-1,963,962,1007,-1,1007,962,960,-1,1007,960,1008,-1,960,959,1008,-1,1008,959,957,-1,1008,957,356,-1,356,957,956,-1,356,956,358,-1,902,897,946,-1,902,946,1009,-1,1009,946,990,-1,1009,990,1010,-1,1010,990,984,-1,1010,984,1011,-1,1011,984,978,-1,1011,978,1012,-1,1012,978,972,-1,1012,972,1013,-1,1013,972,353,-1,1013,353,354,-1,888,890,992,-1,888,992,1014,-1,1014,992,994,-1,1014,994,1015,-1,1015,994,996,-1,1015,996,1016,-1,1016,996,1017,-1,1017,996,997,-1,1017,997,1018,-1,1002,1019,1000,-1,1000,1019,1018,-1,1000,1018,999,-1,999,1018,997,-1,355,920,1003,-1,1003,920,1020,-1,1003,1020,1002,-1,1002,1020,1021,-1,1002,1021,1019,-1,356,1001,1022,-1,1023,1024,1025,-1,889,1026,1027,-1,1025,1024,889,-1,1028,889,1024,-1,1028,1024,1029,-1,1029,1024,1023,-1,1029,1023,1030,-1,991,889,1028,-1,1031,1032,1033,-1,1033,1032,1027,-1,1033,1027,1034,-1,1034,1027,1026,-1,1034,1026,1035,-1,991,1028,993,-1,993,1028,1029,-1,993,1029,995,-1,995,1029,1030,-1,995,1030,998,-1,1036,1031,1037,-1,1037,1031,1033,-1,1037,1033,1038,-1,1038,1033,1034,-1,1038,1034,1039,-1,1039,1034,1035,-1,1039,1035,1040,-1,1041,1036,1042,-1,1042,1036,1037,-1,1042,1037,1043,-1,1043,1037,1038,-1,1043,1038,1044,-1,1044,1038,1039,-1,1044,1039,1045,-1,1045,1039,1040,-1,1045,1040,1046,-1,1001,1041,1022,-1,1022,1041,1042,-1,1022,1042,1047,-1,1047,1042,1043,-1,1047,1043,1048,-1,1048,1043,1044,-1,1048,1044,1049,-1,1049,1044,1045,-1,1049,1045,1050,-1,1050,1045,1046,-1,1050,1046,1051,-1,356,1022,1008,-1,1008,1022,1047,-1,1008,1047,1007,-1,1007,1047,1048,-1,1007,1048,1006,-1,1006,1048,1049,-1,1006,1049,1005,-1,1005,1049,1050,-1,1005,1050,1004,-1,1004,1050,1051,-1,1004,1051,351,-1,1032,889,1027,-1,1001,998,1041,-1,1041,998,1030,-1,1041,1030,1036,-1,1036,1030,1023,-1,1036,1023,1031,-1,1031,1023,1025,-1,1031,1025,1032,-1,1032,1025,889,-1,1052,1053,1054,-1,1054,1053,1055,-1,1054,1055,1056,-1,1056,1055,1057,-1,1056,1057,1058,-1,1058,1057,1059,-1,1058,1059,1060,-1,1060,1059,1061,-1,1060,1061,1062,-1,1062,1061,1063,-1,1062,1063,902,-1,1053,926,1055,-1,1055,926,1064,-1,1055,1064,1057,-1,1057,1064,1065,-1,1057,1065,1059,-1,1059,1065,1066,-1,1059,1066,1061,-1,1061,1066,1067,-1,1061,1067,1063,-1,1063,1067,1068,-1,1063,1068,902,-1,354,1052,1013,-1,1013,1052,1054,-1,1013,1054,1012,-1,1012,1054,1056,-1,1012,1056,1011,-1,1011,1056,1058,-1,1011,1058,1010,-1,1010,1058,1060,-1,1010,1060,1009,-1,1009,1060,1062,-1,1009,1062,902,-1,913,923,918,-1,918,923,1069,-1,918,1069,915,-1,915,1069,1070,-1,915,1070,916,-1,916,1070,1071,-1,916,1071,917,-1,917,1071,1072,-1,917,1072,919,-1,919,1072,1073,-1,919,1073,914,-1,914,1073,921,-1,920,921,1020,-1,1020,921,1074,-1,1020,1074,1021,-1,1021,1074,1019,-1,1019,1074,1075,-1,1019,1075,1018,-1,1018,1075,1017,-1,1017,1075,1076,-1,1017,1076,1016,-1,1016,1076,1077,-1,1016,1077,1015,-1,1015,1077,1078,-1,1015,1078,1014,-1,1014,1078,881,-1,1014,881,888,-1,889,883,1079,-1,889,1079,1026,-1,1026,1079,1080,-1,1026,1080,1035,-1,1035,1080,1081,-1,1035,1081,1040,-1,1040,1081,1082,-1,1040,1082,1046,-1,1046,1082,1083,-1,1046,1083,1051,-1,1051,1083,352,-1,1051,352,351,-1,924,926,1053,-1,924,1053,1084,-1,1084,1053,1052,-1,1084,1052,1085,-1,1085,1052,354,-1,1085,354,352,-1,903,902,1068,-1,903,1068,1086,-1,1086,1068,1067,-1,1086,1067,1087,-1,1087,1067,1066,-1,1087,1066,1088,-1,1088,1066,1065,-1,1088,1065,1089,-1,1089,1065,1064,-1,1089,1064,1090,-1,1090,1064,926,-1,1090,926,927,-1,278,271,361,-1,278,361,1091,-1,1091,361,365,-1,1091,365,1092,-1,1092,365,373,-1,1092,373,1093,-1,1093,373,372,-1,1093,372,1094,-1,1094,372,371,-1,1094,371,1095,-1,1095,371,370,-1,1095,370,903,-1,921,1073,1074,-1,1074,1073,1096,-1,1074,1096,1075,-1,1075,1096,1097,-1,1075,1097,1076,-1,1076,1097,1098,-1,1076,1098,1077,-1,1077,1098,1099,-1,1077,1099,1078,-1,1078,1099,1100,-1,1078,1100,881,-1,881,1100,882,-1,1073,1072,1096,-1,1096,1072,1101,-1,1096,1101,1097,-1,1097,1101,1102,-1,1097,1102,1098,-1,1098,1102,1103,-1,1098,1103,1099,-1,1099,1103,1104,-1,1099,1104,1100,-1,1100,1104,1105,-1,1100,1105,882,-1,882,1105,887,-1,1072,1071,1101,-1,1101,1071,1106,-1,1101,1106,1102,-1,1102,1106,1107,-1,1102,1107,1103,-1,1103,1107,1108,-1,1103,1108,1104,-1,1104,1108,1109,-1,1104,1109,1105,-1,1105,1109,1110,-1,1105,1110,887,-1,887,1110,886,-1,1071,1070,1106,-1,1106,1070,1111,-1,1106,1111,1107,-1,1107,1111,1112,-1,1107,1112,1108,-1,1108,1112,1113,-1,1108,1113,1109,-1,1109,1113,1114,-1,1109,1114,1110,-1,1110,1114,1115,-1,1110,1115,886,-1,886,1115,884,-1,1070,1069,1111,-1,1111,1069,1116,-1,1111,1116,1112,-1,1112,1116,1117,-1,1112,1117,1113,-1,1113,1117,1118,-1,1113,1118,1114,-1,1114,1118,1119,-1,1114,1119,1115,-1,1115,1119,1120,-1,1115,1120,884,-1,884,1120,894,-1,1069,923,1116,-1,1116,923,1121,-1,1116,1121,1117,-1,1117,1121,1122,-1,1117,1122,1118,-1,1118,1122,1123,-1,1118,1123,1119,-1,1119,1123,1124,-1,1119,1124,1120,-1,1120,1124,1125,-1,1120,1125,894,-1,894,1125,893,-1,1085,352,1126,-1,1126,352,1083,-1,1126,1083,1127,-1,1127,1083,1082,-1,1127,1082,1128,-1,1128,1082,1081,-1,1128,1081,1129,-1,1129,1081,1080,-1,1129,1080,1130,-1,1130,1131,1129,-1,1129,1131,1132,-1,1129,1132,1128,-1,1128,1132,1133,-1,1128,1133,1127,-1,1127,1133,1134,-1,1127,1134,1126,-1,1126,1134,1135,-1,1126,1135,1085,-1,1085,1135,1084,-1,924,1084,1136,-1,1136,1084,1135,-1,1136,1135,1137,-1,1137,1135,1134,-1,1137,1134,1138,-1,1138,1134,1133,-1,1138,1133,1139,-1,1139,1133,1132,-1,1139,1132,1140,-1,1140,1132,1131,-1,1140,1131,883,-1,1130,883,1131,-1,1080,1079,1130,-1,1130,1079,883,-1,927,1141,1090,-1,1090,1141,1142,-1,1090,1142,1089,-1,1089,1142,1143,-1,1089,1143,1088,-1,1088,1143,1144,-1,1088,1144,1087,-1,1087,1144,1145,-1,1087,1145,1086,-1,1086,1145,1146,-1,1086,1146,903,-1,1147,1148,1149,-1,1149,1148,1150,-1,1149,1150,1151,-1,1151,1150,1152,-1,1151,1152,1153,-1,1153,1152,1154,-1,1153,1154,1155,-1,1155,1154,1156,-1,1155,1156,1157,-1,1157,1156,1158,-1,1157,1158,903,-1,1148,278,1150,-1,1150,278,1091,-1,1150,1091,1152,-1,1152,1091,1092,-1,1152,1092,1154,-1,1154,1092,1093,-1,1154,1093,1156,-1,1156,1093,1094,-1,1156,1094,1158,-1,1158,1094,1095,-1,1158,1095,903,-1,1141,1147,1142,-1,1142,1147,1149,-1,1142,1149,1143,-1,1143,1149,1151,-1,1143,1151,1144,-1,1144,1151,1153,-1,1144,1153,1145,-1,1145,1153,1155,-1,1145,1155,1146,-1,1146,1155,1157,-1,1146,1157,903,-1,922,904,1159,-1,1159,904,905,-1,1159,905,1160,-1,1160,905,901,-1,1160,901,1161,-1,1161,901,900,-1,1161,900,1162,-1,1162,900,899,-1,1162,899,1163,-1,1163,899,898,-1,1163,898,362,-1,362,898,363,-1,923,922,1164,-1,923,1164,1121,-1,1121,1164,1165,-1,1121,1165,1122,-1,1122,1165,1166,-1,1122,1166,1123,-1,1123,1166,1167,-1,1123,1167,1124,-1,1124,1167,1168,-1,1124,1168,1125,-1,1125,1168,891,-1,1125,891,893,-1,883,885,1169,-1,883,1169,1140,-1,1140,1169,1170,-1,1140,1170,1139,-1,1139,1170,1171,-1,1139,1171,1138,-1,1138,1171,1172,-1,1138,1172,1137,-1,1137,1172,1173,-1,1137,1173,1136,-1,1136,1173,925,-1,1136,925,924,-1,927,925,1174,-1,927,1174,1141,-1,1141,1174,1175,-1,1141,1175,1147,-1,1147,1175,1176,-1,1147,1176,1148,-1,1148,1176,275,-1,1148,275,278,-1,378,1177,367,-1,367,1177,1178,-1,367,1178,368,-1,368,1178,1179,-1,368,1179,374,-1,374,1179,1180,-1,374,1180,375,-1,375,1180,1181,-1,375,1181,376,-1,376,1181,1182,-1,376,1182,362,-1,362,1182,1163,-1,1177,1183,1178,-1,1178,1183,1184,-1,1178,1184,1179,-1,1179,1184,1185,-1,1179,1185,1180,-1,1180,1185,1186,-1,1180,1186,1181,-1,1181,1186,1187,-1,1181,1187,1182,-1,1182,1187,1188,-1,1182,1188,1163,-1,1163,1188,1162,-1,1183,1189,1184,-1,1184,1189,1190,-1,1184,1190,1185,-1,1185,1190,1191,-1,1185,1191,1186,-1,1186,1191,1192,-1,1186,1192,1187,-1,1187,1192,1193,-1,1187,1193,1188,-1,1188,1193,1194,-1,1188,1194,1162,-1,1162,1194,1161,-1,1189,1195,1190,-1,1190,1195,1196,-1,1190,1196,1191,-1,1191,1196,1197,-1,1191,1197,1192,-1,1192,1197,1198,-1,1192,1198,1193,-1,1193,1198,1199,-1,1193,1199,1194,-1,1194,1199,1200,-1,1194,1200,1161,-1,1161,1200,1160,-1,1195,1201,1196,-1,1196,1201,1202,-1,1196,1202,1197,-1,1197,1202,1203,-1,1197,1203,1198,-1,1198,1203,1204,-1,1198,1204,1199,-1,1199,1204,1205,-1,1199,1205,1200,-1,1200,1205,1206,-1,1200,1206,1160,-1,1160,1206,1159,-1,1201,891,1202,-1,1202,891,1168,-1,1202,1168,1203,-1,1203,1168,1167,-1,1203,1167,1204,-1,1204,1167,1166,-1,1204,1166,1205,-1,1205,1166,1165,-1,1205,1165,1206,-1,1206,1165,1164,-1,1206,1164,1159,-1,1159,1164,922,-1,1170,1169,1207,-1,1207,1169,885,-1,1174,925,1208,-1,1208,925,1173,-1,1208,1173,1209,-1,1209,1173,1172,-1,1209,1172,1210,-1,1210,1172,1171,-1,1210,1171,1211,-1,1175,1174,1212,-1,1212,1174,1208,-1,1212,1208,1213,-1,1213,1208,1209,-1,1213,1209,1214,-1,1214,1209,1210,-1,1214,1210,1215,-1,1215,1210,1211,-1,1215,1211,1216,-1,1216,1217,1215,-1,1215,1217,1218,-1,1215,1218,1214,-1,1214,1218,1219,-1,1214,1219,1213,-1,1213,1219,1220,-1,1213,1220,1212,-1,1212,1220,1221,-1,1212,1221,1175,-1,1175,1221,1176,-1,275,1176,1222,-1,1222,1176,1221,-1,1222,1221,1223,-1,1223,1221,1220,-1,1223,1220,1224,-1,1224,1220,1219,-1,1224,1219,1225,-1,1225,1219,1218,-1,1225,1218,1226,-1,1226,1218,1217,-1,1226,1217,885,-1,1216,885,1217,-1,1171,1170,1211,-1,1211,1170,1207,-1,1211,1207,1216,-1,1216,1207,885,-1,378,380,1177,-1,1177,380,1227,-1,1177,1227,1183,-1,1183,1227,1228,-1,1183,1228,1189,-1,1189,1228,1229,-1,1189,1229,1195,-1,1195,1229,1230,-1,1195,1230,1201,-1,1201,1230,1231,-1,1201,1231,891,-1,891,1231,892,-1,892,1232,885,-1,885,1232,1226,-1,1232,1233,1226,-1,1226,1233,1234,-1,1226,1234,1225,-1,1234,1235,1225,-1,1225,1235,1236,-1,1225,1236,1224,-1,1236,1237,1224,-1,1224,1237,1238,-1,1224,1238,1223,-1,1238,1239,1223,-1,1223,1239,1240,-1,1223,1240,1222,-1,276,275,1241,-1,1241,275,1222,-1,1241,1222,1242,-1,1242,1222,1240,-1,1243,277,276,-1,281,282,1244,-1,1244,282,1245,-1,1244,1245,1246,-1,1246,1245,1247,-1,276,1241,1243,-1,1243,1241,1242,-1,1243,1242,1248,-1,1249,1250,1247,-1,1247,1250,1251,-1,1247,1251,1246,-1,1242,1240,1248,-1,1248,1240,1239,-1,1248,1239,1252,-1,1253,1254,1249,-1,1249,1254,1255,-1,1249,1255,1250,-1,1239,1238,1252,-1,1252,1238,1237,-1,1252,1237,1256,-1,1257,1258,1259,-1,1259,1258,1260,-1,1259,1260,1253,-1,1253,1260,1261,-1,1253,1261,1254,-1,282,274,1245,-1,1245,274,1262,-1,1245,1262,1247,-1,1247,1262,1263,-1,1247,1263,1249,-1,1249,1263,1264,-1,1249,1264,1253,-1,1253,1264,1265,-1,1253,1265,1259,-1,1259,1265,1266,-1,274,273,1262,-1,1262,273,1267,-1,1262,1267,1263,-1,1263,1267,1268,-1,1263,1268,1264,-1,1264,1268,1269,-1,1264,1269,1265,-1,1265,1269,1270,-1,1265,1270,1266,-1,1266,1270,1271,-1,273,284,1267,-1,1267,284,1272,-1,1267,1272,1268,-1,1268,1272,1273,-1,1268,1273,1269,-1,1269,1273,1274,-1,1269,1274,1270,-1,1270,1274,1275,-1,1270,1275,1271,-1,1271,1275,1276,-1,284,277,1272,-1,1272,277,1243,-1,1272,1243,1273,-1,1273,1243,1248,-1,1273,1248,1274,-1,1274,1248,1252,-1,1274,1252,1275,-1,1275,1252,1256,-1,1275,1256,1276,-1,1276,1256,1277,-1,380,1278,1279,-1,1279,1278,1257,-1,1237,1236,1256,-1,1256,1236,1235,-1,1256,1235,1277,-1,1277,1235,1234,-1,1277,1234,1233,-1,1257,1259,1279,-1,1279,1259,1266,-1,1279,1266,1280,-1,1280,1266,1271,-1,1280,1271,1281,-1,1281,1271,1276,-1,1281,1276,1282,-1,1282,1276,1277,-1,1282,1277,1283,-1,1283,1277,1233,-1,1283,1233,1232,-1,380,1279,1227,-1,1227,1279,1280,-1,1227,1280,1228,-1,1228,1280,1281,-1,1228,1281,1229,-1,1229,1281,1282,-1,1229,1282,1230,-1,1230,1282,1283,-1,1230,1283,1231,-1,1231,1283,1232,-1,1231,1232,892,-1,281,1244,279,-1,279,1244,1284,-1,1244,1246,1284,-1,1284,1246,1251,-1,1284,1251,1285,-1,1251,1250,1285,-1,1285,1250,1255,-1,1285,1255,1286,-1,1255,1254,1286,-1,1286,1254,1261,-1,1286,1261,1287,-1,1261,1260,1287,-1,1287,1260,1258,-1,1287,1258,1288,-1,1288,1258,1257,-1,1288,1257,379,-1,379,1257,1278,-1,379,1278,380,-1,1289,464,350,-1,350,1290,1291,-1,345,333,350,-1,350,333,1292,-1,350,1292,1290,-1,1291,1293,350,-1,350,1293,1294,-1,350,1294,1289,-1,1292,333,320,-1,320,333,313,-1,256,1295,288,-1,413,288,1296,-1,1296,288,1297,-1,1295,1298,288,-1,288,1298,1299,-1,288,1299,1297,-1,256,288,216,-1,216,288,267,-1,216,267,217,-1,1300,349,1301,-1,1301,349,465,-1,1300,1302,349,-1,349,1302,1303,-1,349,1303,1304,-1,1304,261,349,-1,349,261,166,-1,349,166,344,-1,344,166,164,-1,287,412,1305,-1,1305,1306,287,-1,287,1306,1307,-1,287,1307,1308,-1,269,268,1309,-1,1309,268,287,-1,1309,287,1310,-1,1310,287,1308,-1,377,270,1309,-1,1309,270,269,-1,265,266,337,-1,337,266,434,-1,337,434,335,-1,335,434,1311,-1,335,1311,1312,-1,1312,1311,1313,-1,1312,1313,1314,-1,1314,1313,1315,-1,286,272,438,-1,438,272,280,-1,438,280,439,-1,439,280,1316,-1,439,1316,1317,-1,1317,1316,1318,-1,1317,1318,1319,-1,1319,1318,1320,-1,263,265,334,-1,334,265,337,-1,286,438,285,-1,285,438,444,-1,285,444,225,-1,225,444,226,-1,434,443,1321,-1,434,1321,1311,-1,1311,1321,1322,-1,1311,1322,1313,-1,1313,1322,1323,-1,1313,1323,1315,-1,1315,1323,1324,-1,1315,1324,1314,-1,1314,1324,1325,-1,1314,1325,1312,-1,1312,1325,336,-1,1312,336,335,-1,443,442,1321,-1,1321,442,1326,-1,1321,1326,1322,-1,1322,1326,1327,-1,1322,1327,1323,-1,1323,1327,1328,-1,1323,1328,1324,-1,1324,1328,1329,-1,1324,1329,1325,-1,1325,1329,1330,-1,1325,1330,336,-1,336,1330,765,-1,442,441,1326,-1,1326,441,1331,-1,1326,1331,1327,-1,1327,1331,1332,-1,1327,1332,1328,-1,1328,1332,1333,-1,1328,1333,1329,-1,1329,1333,1334,-1,1329,1334,1330,-1,1330,1334,1335,-1,1330,1335,765,-1,765,1335,763,-1,441,447,1331,-1,1331,447,1336,-1,1331,1336,1332,-1,1332,1336,1337,-1,1332,1337,1333,-1,1333,1337,1338,-1,1333,1338,1334,-1,1334,1338,1339,-1,1334,1339,1335,-1,1335,1339,1340,-1,1335,1340,763,-1,763,1340,761,-1,447,449,1336,-1,1336,449,1341,-1,1336,1341,1337,-1,1337,1341,1342,-1,1337,1342,1338,-1,1338,1342,1343,-1,1338,1343,1339,-1,1339,1343,1344,-1,1339,1344,1340,-1,1340,1344,1345,-1,1340,1345,761,-1,761,1345,759,-1,449,448,1341,-1,1341,448,1346,-1,1341,1346,1342,-1,1342,1346,1347,-1,1342,1347,1343,-1,1343,1347,1348,-1,1343,1348,1344,-1,1344,1348,1349,-1,1344,1349,1345,-1,1345,1349,1350,-1,1345,1350,759,-1,759,1350,757,-1,448,433,1346,-1,1346,433,1351,-1,1346,1351,1347,-1,1347,1351,1352,-1,1347,1352,1348,-1,1348,1352,1353,-1,1348,1353,1349,-1,1349,1353,1354,-1,1349,1354,1350,-1,1350,1354,1355,-1,1350,1355,757,-1,757,1355,330,-1,325,330,1356,-1,1356,330,1355,-1,1354,1357,1355,-1,1355,1357,1358,-1,1355,1358,1356,-1,1359,1360,1354,-1,1354,1360,1361,-1,1354,1361,1357,-1,1354,1353,1359,-1,1359,1353,1352,-1,1359,1352,1362,-1,1362,1352,1351,-1,1362,1351,1363,-1,1363,1351,433,-1,1363,433,432,-1,477,429,1364,-1,1364,429,428,-1,1364,428,1365,-1,1365,428,1366,-1,1366,428,427,-1,1366,427,1367,-1,1367,427,1368,-1,1368,427,421,-1,1368,421,1369,-1,1369,421,420,-1,1369,420,1370,-1,1370,420,426,-1,1370,426,1371,-1,1371,426,431,-1,1371,431,484,-1,1372,1373,1360,-1,1360,1373,1374,-1,1360,1374,1361,-1,1361,1374,1375,-1,1361,1375,1357,-1,1357,1375,1376,-1,1357,1376,1358,-1,1358,1376,1377,-1,1358,1377,1356,-1,1356,1377,491,-1,1356,491,325,-1,1360,1359,1372,-1,1372,1359,1362,-1,1372,1362,1378,-1,1378,1362,1363,-1,1378,1363,1379,-1,1379,1363,432,-1,1379,432,446,-1,419,477,1380,-1,1380,477,1364,-1,1380,1364,1381,-1,1381,1364,1365,-1,1381,1365,1382,-1,1382,1365,1366,-1,1382,1366,1383,-1,1383,1366,1367,-1,1383,1367,1384,-1,1384,1367,1368,-1,1384,1368,1385,-1,1368,1369,1385,-1,1385,1369,1370,-1,1385,1370,1386,-1,1386,1370,1371,-1,1386,1371,1387,-1,1387,1371,484,-1,1387,484,483,-1,377,1309,1388,-1,1388,1309,1310,-1,1308,1389,1310,-1,1310,1389,1390,-1,1310,1390,1388,-1,1391,1392,1308,-1,1308,1392,1393,-1,1308,1393,1389,-1,1308,1307,1391,-1,1391,1307,1306,-1,1391,1306,1394,-1,1394,1306,1305,-1,1394,1305,1395,-1,1395,1305,412,-1,1395,412,415,-1,505,491,1377,-1,505,1377,1396,-1,1396,1377,1376,-1,1396,1376,1397,-1,1397,1376,1375,-1,1397,1375,1398,-1,1398,1375,1374,-1,1398,1374,1399,-1,1399,1374,1373,-1,1399,1373,1400,-1,1400,1373,1372,-1,1400,1372,1401,-1,1401,1372,1378,-1,1401,1378,1402,-1,1402,1378,1379,-1,1402,1379,1403,-1,1403,1379,446,-1,1403,446,445,-1,483,482,1404,-1,483,1404,1387,-1,1387,1404,1405,-1,1387,1405,1386,-1,1386,1405,1406,-1,1386,1406,1385,-1,1385,1406,1384,-1,1384,1406,1407,-1,1384,1407,1383,-1,1383,1407,1382,-1,1382,1407,1408,-1,1382,1408,1381,-1,1381,1408,1380,-1,1380,1408,417,-1,1380,417,419,-1,415,417,1409,-1,415,1409,1395,-1,1395,1409,1410,-1,1395,1410,1394,-1,1394,1410,1411,-1,1394,1411,1391,-1,1391,1411,1392,-1,1392,1411,1412,-1,1392,1412,1393,-1,1393,1412,1389,-1,1389,1412,1413,-1,1389,1413,1390,-1,1390,1413,1388,-1,1388,1413,366,-1,1388,366,377,-1,1414,503,505,-1,1414,505,1415,-1,505,1396,1415,-1,1415,1396,1397,-1,1415,1397,1416,-1,1416,1397,1417,-1,1399,1400,1418,-1,1397,1398,1417,-1,1417,1398,1399,-1,1417,1399,1419,-1,1419,1399,1418,-1,1400,1401,1418,-1,1418,1401,1402,-1,1418,1402,1420,-1,1420,1402,1403,-1,1420,1403,1421,-1,1421,1403,445,-1,1421,445,437,-1,417,1408,1422,-1,1423,1424,1425,-1,482,1426,1427,-1,1425,1424,482,-1,1428,482,1424,-1,1428,1424,1429,-1,1429,1424,1423,-1,1429,1423,1430,-1,1404,482,1428,-1,1431,1432,1433,-1,1433,1432,1427,-1,1433,1427,1434,-1,1434,1427,1426,-1,1434,1426,1435,-1,1404,1428,1405,-1,1405,1428,1429,-1,1405,1429,1406,-1,1406,1429,1430,-1,1406,1430,1407,-1,1436,1431,1437,-1,1437,1431,1433,-1,1437,1433,1438,-1,1438,1433,1434,-1,1438,1434,1439,-1,1439,1434,1435,-1,1439,1435,1440,-1,1441,1436,1442,-1,1442,1436,1437,-1,1442,1437,1443,-1,1443,1437,1438,-1,1443,1438,1444,-1,1444,1438,1439,-1,1444,1439,1445,-1,1445,1439,1440,-1,1445,1440,1446,-1,1408,1441,1422,-1,1422,1441,1442,-1,1422,1442,1447,-1,1447,1442,1443,-1,1447,1443,1448,-1,1448,1443,1444,-1,1448,1444,1449,-1,1449,1444,1445,-1,1449,1445,1450,-1,1450,1445,1446,-1,1450,1446,1451,-1,417,1422,1409,-1,1409,1422,1447,-1,1409,1447,1410,-1,1410,1447,1448,-1,1410,1448,1411,-1,1411,1448,1449,-1,1411,1449,1412,-1,1412,1449,1450,-1,1412,1450,1413,-1,1413,1450,1451,-1,1413,1451,366,-1,1432,482,1427,-1,1408,1407,1441,-1,1441,1407,1430,-1,1441,1430,1436,-1,1436,1430,1423,-1,1436,1423,1431,-1,1431,1423,1425,-1,1431,1425,1432,-1,1432,1425,482,-1,1417,1419,1452,-1,424,503,1453,-1,1453,503,1414,-1,1453,1414,1454,-1,1454,1414,1415,-1,1454,1415,1455,-1,1455,1415,1416,-1,1455,1416,1456,-1,1456,1416,1417,-1,1456,1417,1457,-1,1457,1417,1452,-1,1419,1418,1452,-1,1452,1418,1420,-1,1452,1420,1458,-1,1458,1420,1421,-1,1458,1421,1459,-1,1459,1421,437,-1,1459,437,436,-1,364,366,1451,-1,364,1451,1460,-1,1460,1451,1446,-1,1460,1446,1461,-1,1461,1446,1440,-1,1461,1440,1462,-1,1435,1463,1440,-1,1440,1463,1464,-1,1440,1464,1462,-1,1426,482,430,-1,430,1465,1426,-1,1426,1465,1466,-1,1426,1466,1435,-1,1435,1466,1467,-1,1435,1467,1463,-1,440,439,1317,-1,440,1317,1468,-1,1468,1317,1319,-1,1468,1319,1469,-1,1469,1319,1320,-1,1469,1320,1470,-1,1470,1320,1318,-1,1470,1318,1471,-1,1471,1318,1316,-1,1471,1316,1472,-1,1472,1316,280,-1,1472,280,279,-1,436,435,1473,-1,436,1473,1459,-1,1459,1473,1474,-1,1459,1474,1458,-1,1458,1474,1475,-1,1458,1475,1452,-1,1452,1475,1457,-1,1457,1475,1476,-1,1457,1476,1456,-1,1456,1476,1455,-1,1455,1476,1477,-1,1455,1477,1454,-1,1454,1477,1453,-1,1453,1477,425,-1,1453,425,424,-1,430,425,1465,-1,1465,425,1478,-1,1465,1478,1466,-1,1466,1478,1467,-1,1467,1478,1479,-1,1467,1479,1463,-1,1463,1479,1464,-1,1464,1479,1480,-1,1464,1480,1462,-1,1462,1480,1481,-1,1462,1481,1461,-1,1461,1481,1482,-1,1461,1482,1460,-1,1460,1482,369,-1,1460,369,364,-1,450,452,1483,-1,1483,452,1484,-1,1483,1484,1485,-1,1485,1484,1486,-1,1485,1486,1487,-1,1487,1486,1488,-1,1487,1488,1489,-1,1489,1488,1490,-1,1489,1490,1491,-1,1491,1490,1492,-1,1491,1492,379,-1,379,1492,1288,-1,452,454,1484,-1,1484,454,1493,-1,1484,1493,1486,-1,1486,1493,1494,-1,1486,1494,1488,-1,1488,1494,1495,-1,1488,1495,1490,-1,1490,1495,1496,-1,1490,1496,1492,-1,1492,1496,1497,-1,1492,1497,1288,-1,1288,1497,1287,-1,454,455,1493,-1,1493,455,1498,-1,1493,1498,1494,-1,1494,1498,1499,-1,1494,1499,1495,-1,1495,1499,1500,-1,1495,1500,1496,-1,1496,1500,1501,-1,1496,1501,1497,-1,1497,1501,1502,-1,1497,1502,1287,-1,1287,1502,1286,-1,455,453,1498,-1,1498,453,1503,-1,1498,1503,1499,-1,1499,1503,1504,-1,1499,1504,1500,-1,1500,1504,1505,-1,1500,1505,1501,-1,1501,1505,1506,-1,1501,1506,1502,-1,1502,1506,1507,-1,1502,1507,1286,-1,1286,1507,1285,-1,453,451,1503,-1,1503,451,1508,-1,1503,1508,1504,-1,1504,1508,1509,-1,1504,1509,1505,-1,1505,1509,1510,-1,1505,1510,1506,-1,1506,1510,1511,-1,1506,1511,1507,-1,1507,1511,1512,-1,1507,1512,1285,-1,1285,1512,1284,-1,451,440,1508,-1,1508,440,1468,-1,1508,1468,1509,-1,1509,1468,1469,-1,1509,1469,1510,-1,1510,1469,1470,-1,1510,1470,1511,-1,1511,1470,1471,-1,1511,1471,1512,-1,1512,1471,1472,-1,1512,1472,1284,-1,1284,1472,279,-1,425,1477,1513,-1,1514,1515,1516,-1,435,1517,1518,-1,1516,1515,435,-1,1519,435,1515,-1,1519,1515,1520,-1,1520,1515,1514,-1,1520,1514,1521,-1,1473,435,1519,-1,1522,1523,1524,-1,1524,1523,1518,-1,1524,1518,1525,-1,1525,1518,1517,-1,1525,1517,1526,-1,1473,1519,1474,-1,1474,1519,1520,-1,1474,1520,1475,-1,1475,1520,1521,-1,1475,1521,1476,-1,1527,1522,1528,-1,1528,1522,1524,-1,1528,1524,1529,-1,1529,1524,1525,-1,1529,1525,1530,-1,1530,1525,1526,-1,1530,1526,1531,-1,1532,1527,1533,-1,1533,1527,1528,-1,1533,1528,1534,-1,1534,1528,1529,-1,1534,1529,1535,-1,1535,1529,1530,-1,1535,1530,1536,-1,1536,1530,1531,-1,1536,1531,1537,-1,1477,1532,1513,-1,1513,1532,1533,-1,1513,1533,1538,-1,1538,1533,1534,-1,1538,1534,1539,-1,1539,1534,1535,-1,1539,1535,1540,-1,1540,1535,1536,-1,1540,1536,1541,-1,1541,1536,1537,-1,1541,1537,1542,-1,425,1513,1478,-1,1478,1513,1538,-1,1478,1538,1479,-1,1479,1538,1539,-1,1479,1539,1480,-1,1480,1539,1540,-1,1480,1540,1481,-1,1481,1540,1541,-1,1481,1541,1482,-1,1482,1541,1542,-1,1482,1542,369,-1,1523,435,1518,-1,1477,1476,1532,-1,1532,1476,1521,-1,1532,1521,1527,-1,1527,1521,1514,-1,1527,1514,1522,-1,1522,1514,1516,-1,1522,1516,1523,-1,1523,1516,435,-1,435,450,1483,-1,435,1483,1517,-1,1517,1483,1485,-1,1517,1485,1526,-1,1526,1485,1487,-1,1526,1487,1531,-1,1531,1487,1489,-1,1531,1489,1537,-1,1537,1489,1491,-1,1537,1491,1542,-1,1542,1491,379,-1,1542,379,369,-1,469,464,1289,-1,469,1289,1543,-1,1543,1289,1294,-1,1543,1294,1544,-1,1544,1294,1293,-1,1544,1293,1545,-1,1545,1293,1546,-1,1546,1293,1291,-1,1546,1291,1547,-1,1547,1291,1548,-1,1548,1291,1290,-1,1548,1290,1549,-1,1549,1290,1550,-1,1550,1290,1292,-1,1550,1292,320,-1,487,489,1551,-1,487,1551,494,-1,494,1551,1552,-1,494,1552,495,-1,495,1552,1553,-1,495,1553,496,-1,496,1553,1554,-1,496,1554,493,-1,493,1554,1555,-1,493,1555,490,-1,490,1555,322,-1,490,322,321,-1,320,322,1550,-1,1550,322,1556,-1,1557,1548,1556,-1,1556,1548,1549,-1,1556,1549,1550,-1,1545,1546,1557,-1,1557,1546,1547,-1,1557,1547,1548,-1,1557,1558,1545,-1,1545,1558,1559,-1,1545,1559,1544,-1,1544,1559,1560,-1,1544,1560,1543,-1,1543,1560,468,-1,1543,468,469,-1,322,1555,1561,-1,1562,1563,1564,-1,489,1565,1566,-1,1564,1563,489,-1,1567,489,1563,-1,1567,1563,1568,-1,1568,1563,1562,-1,1568,1562,1569,-1,1551,489,1567,-1,1570,1571,1572,-1,1572,1571,1566,-1,1572,1566,1573,-1,1573,1566,1565,-1,1573,1565,1574,-1,1551,1567,1552,-1,1552,1567,1568,-1,1552,1568,1553,-1,1553,1568,1569,-1,1553,1569,1554,-1,1575,1570,1576,-1,1576,1570,1572,-1,1576,1572,1577,-1,1577,1572,1573,-1,1577,1573,1578,-1,1578,1573,1574,-1,1578,1574,1579,-1,1580,1575,1581,-1,1581,1575,1576,-1,1581,1576,1582,-1,1582,1576,1577,-1,1582,1577,1583,-1,1583,1577,1578,-1,1583,1578,1584,-1,1584,1578,1579,-1,1584,1579,1585,-1,1555,1580,1561,-1,1561,1580,1581,-1,1561,1581,1586,-1,1586,1581,1582,-1,1586,1582,1587,-1,1587,1582,1583,-1,1587,1583,1588,-1,1588,1583,1584,-1,1588,1584,1589,-1,1589,1584,1585,-1,1589,1585,1590,-1,322,1561,1556,-1,1556,1561,1586,-1,1556,1586,1557,-1,1557,1586,1587,-1,1557,1587,1558,-1,1558,1587,1588,-1,1558,1588,1559,-1,1559,1588,1589,-1,1559,1589,1560,-1,1560,1589,1590,-1,1560,1590,468,-1,1571,489,1566,-1,1555,1554,1580,-1,1580,1554,1569,-1,1580,1569,1575,-1,1575,1569,1562,-1,1575,1562,1570,-1,1570,1562,1564,-1,1570,1564,1571,-1,1571,1564,489,-1,486,485,501,-1,486,501,1591,-1,1591,501,500,-1,1591,500,1592,-1,1592,500,499,-1,1592,499,1593,-1,1593,499,1594,-1,1594,499,498,-1,1594,498,1595,-1,1595,498,1596,-1,1596,498,497,-1,1596,497,1597,-1,1597,497,1598,-1,1598,497,479,-1,1598,479,480,-1,466,468,1599,-1,1599,468,1590,-1,1599,1590,1600,-1,1600,1590,1601,-1,1601,1590,1585,-1,1601,1585,1602,-1,1602,1585,1603,-1,1603,1585,1579,-1,1603,1579,1604,-1,1604,1579,1574,-1,1604,1574,1605,-1,1605,1574,1565,-1,1605,1565,1606,-1,1606,1565,489,-1,1606,489,488,-1,1597,1601,1596,-1,1596,1601,1602,-1,1596,1602,1595,-1,1595,1602,1603,-1,1595,1603,1594,-1,1594,1603,1604,-1,1594,1604,1593,-1,1593,1604,1605,-1,1593,1605,1592,-1,1592,1605,1606,-1,1592,1606,1591,-1,1591,1606,488,-1,1591,488,486,-1,480,466,1598,-1,1598,466,1599,-1,1598,1599,1597,-1,1597,1599,1600,-1,1597,1600,1601,-1,262,261,1304,-1,304,153,262,-1,262,1304,304,-1,304,1304,1303,-1,304,1303,305,-1,305,1303,1302,-1,305,1302,306,-1,306,1302,1300,-1,306,1300,307,-1,307,1300,1301,-1,307,1301,303,-1,303,1301,465,-1,303,465,302,-1,256,254,298,-1,256,298,1295,-1,1295,298,293,-1,1295,293,1298,-1,1298,293,295,-1,1298,295,1299,-1,1299,295,296,-1,1299,296,1297,-1,1297,296,294,-1,1297,294,1296,-1,1296,294,297,-1,1296,297,413,-1,285,225,283,-1,283,225,218,-1,165,263,163,-1,163,263,334,-1,122,143,167,-1,167,143,264,-1,145,119,115,-1,115,119,116,-1,
        ]
    }
}
Shape{
    appearance Appearance {
        material  Material 	{
            diffuseColor 0.4392156862745098 0.4392156862745098 0.4392156862745098
            specularColor 0.2196078431372549 0.2196078431372549 0.2196078431372549
            ambientIntensity 0.2
            transparency 0
            shininess 0.5
        }
    }
    geometry IndexedFaceSet {
        ccw TRUE
        solid FALSE
        coord DEF co Coordinate {
            point [
                -0.0747 0.4792 0.0827, -0.0747 0.4662 0.0827, -0.0747 0.4792 0.0787, -0.0747 0.4662 0.0787, -0.0142 0.4662 0.0827, -0.0142 0.4662 0.0787, -0.0142 0.5843 0.0827, -0.0142 0.5843 0.0787, -0.03 0.5843 0.0827, -0.03 0.5843 0.0787, -0.03 0.4792 0.0827, -0.03 0.4792 0.0787, -0.1726 0.4853 0.0827, -0.1726 0.4723 0.0827, -0.1726 0.4853 0.0787, -0.1726 0.4723 0.0787, -0.16 0.4672 0.0827, -0.1401 0.4648 0.0827, -0.1401 0.4648 0.0787, -0.1433 0.4648 0.0787, -0.1433 0.4648 0.0827, -0.1481 0.4655 0.0787, -0.16 0.4672 0.0787, -0.0847 0.523 0.0827, -0.0847 0.523 0.0787, -0.0859 0.5094 0.0787, -0.0859 0.5094 0.0827, -0.0894 0.4969 0.0787, -0.0894 0.4969 0.0827, -0.0957 0.4856 0.0787, -0.0957 0.4856 0.0827, -0.1046 0.4763 0.0787, -0.1046 0.4763 0.0827, -0.1141 0.4702 0.0787, -0.1141 0.4702 0.0827, -0.1256 0.4663 0.0787, -0.1256 0.4663 0.0827, -0.1332 0.4655 0.0787, -0.1448 0.5858 0.0827, -0.1448 0.5858 0.0787, -0.1329 0.5848 0.0787, -0.1329 0.5848 0.0827, -0.1198 0.581 0.0787, -0.1198 0.581 0.0827, -0.1086 0.5745 0.0787, -0.1086 0.5745 0.0827, -0.0979 0.5643 0.0787, -0.0979 0.5643 0.0827, -0.091 0.5532 0.0787, -0.091 0.5532 0.0827, -0.0864 0.5398 0.0787, -0.0864 0.5398 0.0827, -0.1726 0.5811 0.0827, -0.1726 0.5811 0.0787, -0.1589 0.5848 0.0787, -0.1589 0.5848 0.0827, -0.1726 0.5652 0.0827, -0.1726 0.5652 0.0787, -0.1449 0.5728 0.0827, -0.1449 0.5728 0.0787, -0.1593 0.5709 0.0787, -0.1593 0.5709 0.0827, -0.1006 0.524 0.0827, -0.1006 0.524 0.0787, -0.1011 0.5332 0.0787, -0.1011 0.5332 0.0827, -0.1043 0.5458 0.0787, -0.1043 0.5458 0.0827, -0.1092 0.555 0.0787, -0.1092 0.555 0.0827, -0.1163 0.5628 0.0787, -0.1163 0.5628 0.0827, -0.1245 0.5683 0.0787, -0.1245 0.5683 0.0827, -0.1333 0.5715 0.0787, -0.1333 0.5715 0.0827, -0.1423 0.4777 0.0827, -0.1423 0.4777 0.0787, -0.1313 0.479 0.0787, -0.1313 0.479 0.0827, -0.1227 0.4821 0.0787, -0.1227 0.4821 0.0827, -0.1154 0.487 0.0787, -0.1154 0.487 0.0827, -0.1099 0.4929 0.0787, -0.1099 0.4929 0.0827, -0.105 0.5011 0.0787, -0.105 0.5011 0.0827, -0.1018 0.5112 0.0787, -0.1018 0.5112 0.0827, -0.1705 0.4841 0.0787, -0.1705 0.4841 0.0827, -0.158 0.4795 0.0787, -0.158 0.4795 0.0827, -0.259 0.4792 0.0827, -0.259 0.4662 0.0827, -0.259 0.4792 0.0787, -0.259 0.4662 0.0787, -0.1956 0.4662 0.0827, -0.1956 0.4662 0.0787, -0.1956 0.5843 0.0827, -0.1956 0.5843 0.0787, -0.2561 0.5843 0.0827, -0.2561 0.5843 0.0787, -0.2561 0.5714 0.0827, -0.2561 0.5714 0.0787, -0.2115 0.5714 0.0827, -0.2115 0.5714 0.0787, -0.2115 0.5325 0.0827, -0.2115 0.5325 0.0787, -0.2533 0.5325 0.0827, -0.2533 0.5325 0.0787, -0.2533 0.5195 0.0827, -0.2533 0.5195 0.0787, -0.2115 0.5195 0.0827, -0.2115 0.5195 0.0787, -0.2115 0.4792 0.0827, -0.2115 0.4792 0.0787, -0.3142 0.4662 0.0827, -0.2821 0.4662 0.0827, -0.3142 0.4662 0.0787, -0.2821 0.4662 0.0787, -0.2821 0.5843 0.0827, -0.2821 0.5843 0.0787, -0.3154 0.5843 0.0827, -0.3154 0.5843 0.0787, -0.3771 0.5268 0.0827, -0.3771 0.5268 0.0787, -0.3763 0.5379 0.0787, -0.3763 0.5379 0.0827, -0.3731 0.5495 0.0787, -0.3731 0.5495 0.0827, -0.3676 0.5597 0.0787, -0.3676 0.5597 0.0827, -0.3593 0.5689 0.0787, -0.3593 0.5689 0.0827, -0.3591 0.569 0.0787, -0.3591 0.569 0.0827, -0.3463 0.5777 0.0787, -0.3463 0.5777 0.0827, -0.3325 0.5825 0.0787, -0.3325 0.5825 0.0827, -0.3288 0.4675 0.0787, -0.3288 0.4675 0.0827, -0.3424 0.4716 0.0787, -0.3424 0.4716 0.0827, -0.3547 0.4787 0.0787, -0.3547 0.4787 0.0827, -0.3645 0.488 0.0787, -0.3645 0.488 0.0827, -0.3712 0.4986 0.0787, -0.3712 0.4986 0.0827, -0.3755 0.511 0.0787, -0.3755 0.511 0.0827, -0.3534 0.5548 0.0827, -0.3477 0.5609 0.0827, -0.3391 0.5665 0.0827, -0.3293 0.5699 0.0827, -0.3153 0.5714 0.0827, -0.2979 0.5714 0.0827, -0.2979 0.4792 0.0827, -0.3147 0.4792 0.0827, -0.3271 0.4803 0.0827, -0.3371 0.4834 0.0827, -0.3451 0.4882 0.0827, -0.3518 0.4948 0.0827, -0.3567 0.5029 0.0827, -0.3602 0.514 0.0827, -0.3613 0.5264 0.0827, -0.3603 0.5382 0.0827, -0.3575 0.5475 0.0827, -0.3153 0.5714 0.0787, -0.2979 0.5714 0.0787, -0.3293 0.5699 0.0787, -0.3391 0.5665 0.0787, -0.3477 0.5609 0.0787, -0.3534 0.5548 0.0787, -0.3575 0.5475 0.0787, -0.3603 0.5382 0.0787, -0.3613 0.5264 0.0787, -0.3602 0.514 0.0787, -0.3567 0.5029 0.0787, -0.3518 0.4948 0.0787, -0.3451 0.4882 0.0787, -0.3371 0.4834 0.0787, -0.3271 0.4803 0.0787, -0.3147 0.4792 0.0787, -0.2979 0.4792 0.0787, -0.4463 0.5843 0.0827, -0.4924 0.4662 0.0827, -0.4463 0.5843 0.0787, -0.4924 0.4662 0.0787, -0.4751 0.4662 0.0827, -0.4751 0.4662 0.0787, -0.4631 0.4993 0.0827, -0.4631 0.4993 0.0787, -0.4143 0.4993 0.0827, -0.4143 0.4993 0.0787, -0.4031 0.4662 0.0827, -0.4031 0.4662 0.0787, -0.3858 0.4662 0.0827, -0.3858 0.4662 0.0787, -0.4304 0.5843 0.0827, -0.4304 0.5843 0.0787, -0.4183 0.5123 0.0827, -0.4359 0.5616 0.0827, -0.4371 0.5657 0.0827, -0.4378 0.5699 0.0827, -0.4382 0.5699 0.0827, -0.439 0.5658 0.0827, -0.44 0.5616 0.0827, -0.4578 0.5123 0.0827, -0.4183 0.5123 0.0787, -0.4578 0.5123 0.0787, -0.4359 0.5616 0.0787, -0.4371 0.5657 0.0787, -0.4378 0.5699 0.0787, -0.4382 0.5699 0.0787, -0.439 0.5658 0.0787, -0.44 0.5616 0.0787, -0.44 0.5616 0.0787
            ]
        }
        coordIndex [
            0,1,2,-1,2,1,3,-1,1,4,3,-1,3,4,5,-1,4,6,5,-1,5,6,7,-1,6,8,7,-1,7,8,9,-1,8,10,9,-1,9,10,11,-1,10,0,11,-1,11,0,2,-1,8,6,10,-1,10,6,4,-1,10,4,0,-1,0,4,1,-1,12,13,14,-1,14,13,15,-1,15,13,16,-1,17,18,19,-1,17,19,20,-1,20,19,21,-1,20,21,16,-1,16,21,22,-1,16,22,15,-1,23,24,25,-1,23,25,26,-1,26,25,27,-1,26,27,28,-1,28,27,29,-1,28,29,30,-1,30,29,31,-1,30,31,32,-1,32,31,33,-1,32,33,34,-1,34,33,35,-1,34,35,36,-1,36,35,17,-1,17,35,37,-1,17,37,18,-1,38,39,40,-1,38,40,41,-1,41,40,42,-1,41,42,43,-1,43,42,44,-1,43,44,45,-1,45,44,46,-1,45,46,47,-1,47,46,48,-1,47,48,49,-1,49,48,50,-1,49,50,51,-1,51,50,24,-1,51,24,23,-1,52,53,54,-1,52,54,55,-1,55,54,39,-1,55,39,38,-1,52,56,53,-1,53,56,57,-1,58,59,60,-1,58,60,61,-1,61,60,57,-1,61,57,56,-1,62,63,64,-1,62,64,65,-1,65,64,66,-1,65,66,67,-1,67,66,68,-1,67,68,69,-1,69,68,70,-1,69,70,71,-1,71,70,72,-1,71,72,73,-1,73,72,74,-1,73,74,75,-1,75,74,59,-1,75,59,58,-1,76,77,78,-1,76,78,79,-1,79,78,80,-1,79,80,81,-1,81,80,82,-1,81,82,83,-1,83,82,84,-1,83,84,85,-1,85,84,86,-1,85,86,87,-1,87,86,88,-1,87,88,89,-1,89,88,63,-1,89,63,62,-1,12,14,90,-1,12,90,91,-1,91,90,92,-1,91,92,93,-1,93,92,77,-1,93,77,76,-1,79,17,76,-1,76,17,20,-1,76,20,93,-1,93,20,16,-1,93,16,91,-1,91,16,13,-1,91,13,12,-1,56,52,61,-1,61,52,55,-1,61,55,58,-1,58,55,38,-1,58,38,75,-1,75,38,41,-1,75,41,73,-1,73,41,43,-1,73,43,71,-1,71,43,45,-1,71,45,69,-1,69,45,47,-1,69,47,67,-1,67,47,49,-1,67,49,65,-1,65,49,51,-1,65,51,62,-1,62,51,23,-1,62,23,89,-1,89,23,26,-1,89,26,87,-1,87,26,28,-1,87,28,85,-1,85,28,30,-1,85,30,83,-1,83,30,32,-1,83,32,81,-1,81,32,34,-1,81,34,79,-1,79,34,36,-1,79,36,17,-1,94,95,96,-1,96,95,97,-1,95,98,97,-1,97,98,99,-1,98,100,99,-1,99,100,101,-1,100,102,101,-1,101,102,103,-1,102,104,103,-1,103,104,105,-1,104,106,105,-1,105,106,107,-1,106,108,107,-1,107,108,109,-1,108,110,109,-1,109,110,111,-1,110,112,111,-1,111,112,113,-1,112,114,113,-1,113,114,115,-1,114,116,115,-1,115,116,117,-1,116,94,117,-1,117,94,96,-1,98,95,94,-1,94,116,98,-1,98,116,114,-1,98,114,100,-1,104,102,106,-1,106,102,100,-1,106,100,108,-1,108,100,114,-1,108,114,110,-1,110,114,112,-1,118,119,120,-1,120,119,121,-1,119,122,121,-1,121,122,123,-1,122,124,123,-1,123,124,125,-1,126,127,128,-1,126,128,129,-1,129,128,130,-1,129,130,131,-1,131,130,132,-1,131,132,133,-1,133,132,134,-1,133,134,135,-1,135,134,136,-1,135,136,137,-1,137,136,138,-1,137,138,139,-1,139,138,140,-1,139,140,141,-1,141,140,125,-1,141,125,124,-1,118,120,142,-1,118,142,143,-1,143,142,144,-1,143,144,145,-1,145,144,146,-1,145,146,147,-1,147,146,148,-1,147,148,149,-1,149,148,150,-1,149,150,151,-1,151,150,152,-1,151,152,153,-1,153,152,127,-1,153,127,126,-1,131,133,154,-1,154,133,135,-1,154,135,155,-1,155,135,137,-1,155,137,156,-1,156,137,139,-1,156,139,157,-1,157,139,141,-1,157,141,158,-1,158,141,124,-1,158,124,159,-1,159,124,122,-1,159,122,160,-1,160,122,119,-1,160,119,161,-1,161,119,118,-1,161,118,162,-1,162,118,143,-1,162,143,163,-1,163,143,145,-1,163,145,164,-1,164,145,147,-1,164,147,165,-1,165,147,149,-1,165,149,166,-1,166,149,151,-1,166,151,167,-1,167,151,153,-1,167,153,168,-1,168,153,126,-1,168,126,169,-1,169,126,129,-1,169,129,170,-1,170,129,131,-1,170,131,154,-1,158,159,171,-1,171,159,172,-1,158,171,173,-1,158,173,157,-1,157,173,174,-1,157,174,156,-1,156,174,175,-1,156,175,155,-1,155,175,176,-1,155,176,154,-1,154,176,177,-1,154,177,170,-1,170,177,178,-1,170,178,169,-1,169,178,179,-1,169,179,168,-1,168,179,180,-1,168,180,167,-1,167,180,181,-1,167,181,166,-1,166,181,182,-1,166,182,165,-1,165,182,183,-1,165,183,164,-1,164,183,184,-1,164,184,163,-1,163,184,185,-1,163,185,162,-1,162,185,186,-1,162,186,161,-1,160,161,187,-1,187,161,186,-1,159,160,172,-1,172,160,187,-1,188,189,190,-1,190,189,191,-1,189,192,191,-1,191,192,193,-1,192,194,193,-1,193,194,195,-1,194,196,195,-1,195,196,197,-1,196,198,197,-1,197,198,199,-1,198,200,199,-1,199,200,201,-1,200,202,201,-1,201,202,203,-1,202,188,203,-1,203,188,190,-1,204,205,202,-1,200,198,196,-1,205,206,202,-1,202,206,207,-1,202,207,188,-1,188,207,208,-1,188,208,209,-1,209,210,188,-1,188,210,211,-1,188,211,189,-1,192,189,194,-1,194,189,211,-1,194,211,196,-1,196,211,204,-1,196,204,200,-1,200,204,202,-1,204,211,212,-1,212,211,213,-1,205,204,214,-1,214,204,212,-1,205,214,215,-1,205,215,206,-1,206,215,216,-1,206,216,207,-1,208,207,217,-1,217,207,216,-1,208,217,218,-1,208,218,209,-1,209,218,219,-1,209,219,210,-1,211,210,213,-1,213,210,219,-1,
        ]
    }
}
Shape{
    appearance Appearance {
        material  Material 	{
            diffuseColor 1.0 0.9411764705882353 0.8549019607843137
            specularColor 0.30196078431372547 0.2823529411764706 0.2549019607843137
            ambientIntensity 0.2
            transparency 0
            shininess 0.5
        }
    }
    geometry IndexedFaceSet {
        ccw TRUE
        solid FALSE
        coord DEF co Coordinate {
            point [
                -0.2979 0.5714 0.0787, -0.2979 0.4792 0.0787, -0.3153 0.5714 0.0787, -0.3147 0.4792 0.0787, -0.3271 0.4803 0.0787, -0.3613 0.5264 0.0787, -0.3603 0.5382 0.0787, -0.3575 0.5475 0.0787, -0.3293 0.5699 0.0787, -0.3371 0.4834 0.0787, -0.3451 0.4882 0.0787, -0.3518 0.4948 0.0787, -0.3567 0.5029 0.0787, -0.3602 0.514 0.0787, -0.3534 0.5548 0.0787, -0.3477 0.5609 0.0787, -0.3391 0.5665 0.0787, -0.4183 0.5123 0.0787, -0.4578 0.5123 0.0787, -0.4359 0.5616 0.0787, -0.44 0.5616 0.0787, -0.4371 0.5657 0.0787, -0.439 0.5658 0.0787, -0.4378 0.5699 0.0787, -0.4382 0.5699 0.0787, -0.4382 0.5699 0.0787
            ]
        }
        coordIndex [
            0,1,2,-1,2,1,3,-1,2,3,4,-1,5,6,2,-1,2,6,7,-1,2,7,8,-1,4,9,2,-1,2,9,10,-1,2,10,11,-1,11,12,2,-1,2,12,13,-1,2,13,5,-1,14,15,7,-1,7,15,16,-1,7,16,8,-1,17,18,19,-1,19,18,20,-1,19,20,21,-1,21,20,22,-1,21,22,23,-1,23,22,24,-1,
        ]
    }
}
Shape{
    appearance Appearance {
        material  Material 	{
            diffuseColor 0.8509803921568627 0.8509803921568627 0.8509803921568627
            specularColor 0.4235294117647059 0.4235294117647059 0.4235294117647059
            ambientIntensity 0.2
            transparency 0
            shininess 0.5
        }
    }
    geometry IndexedFaceSet {
        ccw TRUE
        solid FALSE
        coord DEF co Coordinate {
            point [
                0.0394 0.689 0.3581, -0.0394 0.689 0.3581, 0.0394 0.689 0.1181, -0.0394 0.689 0.1181, -0.0394 0.6919 0.0918, 0.0394 0.6919 0.0918, -0.0394 0.7007 0.0669, 0.0394 0.7007 0.0669, -0.0394 0.7147 0.0445, 0.0394 0.7147 0.0445, -0.0394 0.7334 0.0258, 0.0394 0.7334 0.0258, -0.0394 0.7558 0.0117, 0.0394 0.7558 0.0117, -0.0394 0.7808 0.003, 0.0394 0.7808 0.003, -0.0394 0.8071 -0.0, 0.0394 0.8071 -0.0, 0.0394 1.2205 0.0, -0.0394 1.2205 0.0, -0.0394 1.2402 0.0197, -0.0394 1.2402 0.1181, 0.0394 1.2402 0.0197, 0.0394 1.2402 0.1181, -0.0394 0.8661 0.1378, 0.0394 0.8661 0.1378, -0.0394 1.2205 0.1378, 0.0394 1.2205 0.1378, 0.0394 0.8574 0.1388, -0.0394 0.8574 0.1388, 0.0394 0.8491 0.1417, -0.0394 0.8491 0.1417, 0.0394 0.8416 0.1464, -0.0394 0.8416 0.1464, 0.0394 0.8354 0.1526, -0.0394 0.8354 0.1526, 0.0394 0.8307 0.1601, -0.0394 0.8307 0.1601, 0.0394 0.8278 0.1684, -0.0394 0.8278 0.1684, 0.0394 0.8268 0.1772, -0.0394 0.8268 0.1772, -0.0394 0.8268 0.4514, 0.0394 0.8268 0.4514, 0.0394 0.828 0.4609, -0.0394 0.828 0.4609, 0.0394 0.8314 0.4699, -0.0394 0.8314 0.4699, 0.0394 0.837 0.4778, -0.0394 0.837 0.4778, 0.0394 0.8443 0.4841, -0.0394 0.8443 0.4841, -0.0394 0.8683 0.5001, 0.0394 0.8683 0.5001, -0.0394 0.8756 0.5064, 0.0394 0.8756 0.5064, -0.0394 0.8812 0.5143, 0.0394 0.8812 0.5143, -0.0394 0.8846 0.5233, 0.0394 0.8846 0.5233, -0.0394 0.8858 0.5329, 0.0394 0.8858 0.5329, -0.0394 0.8858 0.6482, 0.0394 0.8858 0.6482, -0.0394 0.8846 0.6578, 0.0394 0.8846 0.6578, -0.0394 0.8812 0.6668, 0.0394 0.8812 0.6668, -0.0394 0.8756 0.6747, 0.0394 0.8756 0.6747, -0.0394 0.8683 0.681, 0.0394 0.8683 0.681, -0.0394 0.8443 0.697, 0.0394 0.8443 0.697, 0.0394 0.837 0.7033, -0.0394 0.837 0.7033, 0.0394 0.8314 0.7112, -0.0394 0.8314 0.7112, 0.0394 0.828 0.7202, -0.0394 0.828 0.7202, 0.0394 0.8268 0.7297, -0.0394 0.8268 0.7297, -0.0394 0.8268 1.0236, 0.0394 0.8268 1.0236, -0.0394 0.8248 1.0411, 0.0394 0.8248 1.0411, -0.0394 0.819 1.0578, 0.0394 0.819 1.0578, -0.0394 0.8096 1.0727, 0.0394 0.8096 1.0727, -0.0394 0.7971 1.0852, 0.0394 0.7971 1.0852, -0.0394 0.7822 1.0946, 0.0394 0.7822 1.0946, -0.0394 0.7656 1.1004, 0.0394 0.7656 1.1004, -0.0394 0.748 1.1024, 0.0394 0.748 1.1024, -0.0394 0.689 1.1024, 0.0394 0.689 1.1024, -0.0591 0.689 0.823, 0.0591 0.689 0.823, -0.0591 0.689 1.0827, 0.0591 0.689 1.0827, -0.0445 0.689 1.1017, -0.0492 0.689 1.0997, -0.0533 0.689 1.0966, -0.0564 0.689 1.0925, -0.0584 0.689 1.0878, 0.0584 0.689 1.0878, 0.0445 0.689 1.1017, 0.0564 0.689 1.0925, 0.0533 0.689 1.0966, 0.0492 0.689 1.0997, -0.0591 0.7087 0.1181, -0.0591 0.7087 0.3581, -0.0591 0.8071 0.4514, -0.0591 0.704 0.3936, -0.0591 0.8089 0.4657, -0.0591 0.6905 0.4266, -0.0591 0.8141 0.4792, -0.0591 0.8224 0.4911, -0.0591 0.6693 0.4546, -0.0591 0.8224 0.69, -0.0591 0.8334 0.6806, -0.0591 0.8071 0.1772, -0.0591 0.8086 0.164, -0.0591 0.7111 0.0962, -0.0591 0.8129 0.1515, -0.0591 0.7184 0.0754, -0.0591 0.82 0.1403, -0.0591 0.8071 0.0197, -0.0591 0.7852 0.0222, -0.0591 0.8405 0.124, -0.0591 0.7644 0.0294, -0.0591 0.8293 0.131, -0.0591 0.7457 0.0412, -0.0591 0.7301 0.0567, -0.0591 1.2205 0.1181, -0.0591 1.2205 0.0197, -0.0591 0.8661 0.1181, -0.0591 0.853 0.1196, -0.0591 0.6801 0.778, -0.0591 0.8071 0.7297, -0.0591 0.6693 0.7577, -0.0591 0.8089 0.7154, -0.0591 0.8141 0.7019, -0.0591 0.8656 0.5281, -0.0591 0.8661 0.5329, -0.0591 0.8334 0.5005, -0.0591 0.8574 0.5165, -0.0591 0.8638 0.5236, -0.0591 0.861 0.5197, -0.0591 0.6867 0.8001, -0.0591 0.8071 1.0236, -0.0591 0.8574 0.6646, -0.0591 0.861 0.6615, -0.0591 0.8638 0.6575, -0.0591 0.8656 0.653, -0.0591 0.8661 0.6482, -0.0591 0.748 1.0827, -0.0591 0.7612 1.0812, -0.0591 0.8056 1.0368, -0.0591 0.7737 1.0768, -0.0591 0.7849 1.0698, -0.0591 0.7942 1.0604, -0.0591 0.8012 1.0492, 0.0591 0.8089 0.4657, 0.0591 0.8141 0.4792, 0.0591 0.6905 0.4266, 0.0591 0.7087 0.1181, 0.0591 0.7111 0.0962, 0.0591 0.8129 0.1515, 0.0591 0.7184 0.0754, 0.0591 0.82 0.1403, 0.0591 0.7301 0.0567, 0.0591 0.8293 0.131, 0.0591 0.8071 0.4514, 0.0591 0.8071 0.0197, 0.0591 1.2205 0.0197, 0.0591 1.2205 0.1181, 0.0591 0.6867 0.8001, 0.0591 0.8071 0.7297, 0.0591 0.6801 0.778, 0.0591 0.8089 0.7154, 0.0591 0.6693 0.7577, 0.0591 0.8141 0.7019, 0.0591 0.6693 0.4546, 0.0591 0.8224 0.69, 0.0591 0.8661 0.1181, 0.0591 0.853 0.1196, 0.0591 0.7852 0.0222, 0.0591 0.8405 0.124, 0.0591 0.7644 0.0294, 0.0591 0.7457 0.0412, 0.0591 0.748 1.0827, 0.0591 0.704 0.3936, 0.0591 0.7087 0.3581, 0.0591 0.8071 0.1772, 0.0591 0.8086 0.164, 0.0591 0.8656 0.5281, 0.0591 0.8661 0.5329, 0.0591 0.8224 0.4911, 0.0591 0.8334 0.5005, 0.0591 0.8574 0.5165, 0.0591 0.8638 0.5236, 0.0591 0.861 0.5197, 0.0591 0.8661 0.6482, 0.0591 0.8656 0.653, 0.0591 0.8638 0.6575, 0.0591 0.861 0.6615, 0.0591 0.8574 0.6646, 0.0591 0.8334 0.6806, 0.0591 0.8071 1.0236, 0.0591 0.8056 1.0368, 0.0591 0.7849 1.0698, 0.0591 0.7612 1.0812, 0.0591 0.7737 1.0768, 0.0591 0.8012 1.0492, 0.0591 0.7942 1.0604, 0.0394 0.6693 0.4234, -0.0394 0.6693 0.4234, 0.0394 0.6734 0.4168, -0.0394 0.6734 0.4168, 0.0394 0.6792 0.4027, -0.0394 0.6792 0.4027, 0.0394 0.685 0.3885, -0.0394 0.685 0.3885, 0.0394 0.686 0.381, -0.0394 0.686 0.381, -0.0394 -0.2364 0.6783, 0.0394 -0.2364 0.6783, -0.0394 0.4331 0.7003, 0.0394 0.4331 0.7003, 0.0137 -0.5118 0.5566, 0.0137 -0.5118 0.6245, -0.0137 -0.5118 0.5566, -0.0137 -0.5118 0.6245, -0.0394 0.4331 0.4808, 0.0394 0.4331 0.4808, -0.0394 -0.2364 0.5028, 0.0394 -0.2364 0.5028, 0.0591 0.4331 0.5005, 0.0591 0.4331 0.6806, 0.0591 -0.2362 0.5225, 0.0591 -0.2362 0.6586, -0.0591 0.4331 0.6806, -0.0591 0.4331 0.5005, -0.0591 -0.2362 0.6586, -0.0591 -0.2362 0.5225, 0.0395 -0.2364 0.5028, 0.0137 -0.4947 0.5371, -0.0137 -0.4947 0.5371, -0.0395 -0.2364 0.5028, 0.0591 -0.2362 0.6587, 0.0333 -0.4941 0.6245, 0.0333 -0.4941 0.5566, 0.0591 -0.2362 0.5224, -0.0333 -0.4941 0.5566, -0.0333 -0.4941 0.6245, -0.0591 -0.2362 0.6587, -0.0591 -0.2362 0.5224, -0.0395 -0.2364 0.6783, -0.0137 -0.4947 0.644, 0.0137 -0.4947 0.644, 0.0395 -0.2364 0.6783, -0.0445 0.748 1.1017, -0.0492 0.748 1.0997, -0.0533 0.748 1.0966, -0.0564 0.748 1.0925, -0.0584 0.748 1.0878, -0.0445 0.8261 1.0236, -0.0445 0.8241 1.041, -0.0492 0.8241 1.0236, -0.0492 0.8222 1.0406, -0.0533 0.821 1.0236, -0.0533 0.8192 1.0399, -0.0564 0.8169 1.0236, -0.0564 0.8152 1.039, -0.0584 0.8122 1.0236, -0.0584 0.8106 1.0379, -0.0584 0.8058 1.0515, -0.0584 0.7982 1.0636, -0.0584 0.788 1.0738, -0.0584 0.7759 1.0814, -0.0584 0.7623 1.0862, -0.0564 0.8101 1.0535, -0.0564 0.8019 1.0666, -0.0564 0.791 1.0775, -0.0564 0.7779 1.0857, -0.0564 0.7634 1.0908, -0.0533 0.8138 1.0553, -0.0533 0.8051 1.0691, -0.0533 0.7935 1.0807, -0.0533 0.7797 1.0894, -0.0533 0.7643 1.0948, -0.0492 0.8166 1.0566, -0.0492 0.8075 1.0711, -0.0492 0.7955 1.0831, -0.0492 0.7811 1.0922, -0.0492 0.765 1.0978, -0.0445 0.8184 1.0575, -0.0445 0.8091 1.0723, -0.0445 0.7967 1.0847, -0.0445 0.7819 1.094, -0.0445 0.7654 1.0997, 0.0445 0.748 1.1017, 0.0492 0.748 1.0997, 0.0533 0.748 1.0966, 0.0564 0.748 1.0925, 0.0584 0.748 1.0878, -0.0445 0.8261 0.7297, -0.0492 0.8241 0.7297, -0.0533 0.821 0.7297, -0.0564 0.8169 0.7297, -0.0584 0.8122 0.7297, 0.0584 0.8122 1.0236, 0.0584 0.8106 1.0379, 0.0564 0.8169 1.0236, 0.0564 0.8152 1.039, 0.0533 0.821 1.0236, 0.0533 0.8192 1.0399, 0.0492 0.8241 1.0236, 0.0492 0.8222 1.0406, 0.0445 0.8261 1.0236, 0.0445 0.8241 1.041, 0.0445 0.8184 1.0575, 0.0445 0.8091 1.0723, 0.0445 0.7967 1.0847, 0.0445 0.7819 1.094, 0.0445 0.7654 1.0997, 0.0492 0.8166 1.0566, 0.0492 0.8075 1.0711, 0.0492 0.7955 1.0831, 0.0492 0.7811 1.0922, 0.0492 0.765 1.0978, 0.0533 0.8138 1.0553, 0.0533 0.8051 1.0691, 0.0533 0.7935 1.0807, 0.0533 0.7797 1.0894, 0.0533 0.7643 1.0948, 0.0564 0.8101 1.0535, 0.0564 0.8019 1.0666, 0.0564 0.791 1.0775, 0.0564 0.7779 1.0857, 0.0564 0.7634 1.0908, 0.0584 0.8058 1.0515, 0.0584 0.7982 1.0636, 0.0584 0.788 1.0738, 0.0584 0.7759 1.0814, 0.0584 0.7623 1.0862, -0.0445 0.8273 0.72, -0.0492 0.8254 0.7195, -0.0533 0.8224 0.7188, -0.0564 0.8184 0.7178, -0.0584 0.8138 0.7166, -0.0445 0.8308 0.7108, -0.0492 0.8291 0.7099, -0.0533 0.8263 0.7084, -0.0564 0.8228 0.7065, -0.0584 0.8186 0.7043, -0.0445 0.8365 0.7028, -0.0492 0.835 0.7015, -0.0533 0.8327 0.6994, -0.0564 0.8297 0.6967, -0.0584 0.8262 0.6935, -0.0445 0.8439 0.6964, -0.0492 0.8428 0.6948, -0.0533 0.8411 0.6922, -0.0564 0.8388 0.6888, -0.0584 0.8362 0.6848, 0.0438 0.8263 0.7297, 0.0444 0.826 0.7297, 0.0479 0.8248 0.7297, 0.0492 0.824 0.7297, 0.0516 0.8225 0.7297, 0.0532 0.8209 0.7297, 0.0548 0.8194 0.7297, 0.0563 0.8169 0.7297, 0.0571 0.8156 0.7297, 0.0583 0.8122 0.7297, 0.0586 0.8115 0.7297, -0.0445 0.8679 0.6804, -0.0492 0.8668 0.6788, -0.0533 0.8651 0.6762, -0.0564 0.8628 0.6728, -0.0584 0.8602 0.6688, 0.0586 0.8257 0.693, 0.0586 0.8131 0.7164, 0.0571 0.8171 0.7174, 0.0586 0.8358 0.6842, 0.0583 0.8362 0.6848, 0.0571 0.8287 0.6958, 0.0548 0.8208 0.7184, 0.0571 0.8381 0.6877, 0.0563 0.8388 0.6887, 0.0548 0.8315 0.6983, 0.0516 0.8238 0.7191, 0.0548 0.8402 0.6908, 0.0532 0.8411 0.6921, 0.0516 0.8338 0.7004, 0.0479 0.8261 0.7197, 0.0586 0.8179 0.7039, 0.0571 0.8216 0.7059, 0.0548 0.8249 0.7077, 0.0516 0.8276 0.7091, 0.0479 0.8297 0.7102, 0.0479 0.8355 0.702, 0.0438 0.8275 0.72, 0.0516 0.8419 0.6934, 0.0492 0.8428 0.6947, 0.0479 0.8432 0.6954, 0.0444 0.8439 0.6964, 0.0438 0.831 0.7109, 0.0438 0.8366 0.7029, 0.0438 0.844 0.6966, -0.0584 0.8712 0.6482, -0.0584 0.8705 0.6542, -0.0564 0.876 0.6482, -0.0564 0.8751 0.6554, -0.0533 0.8801 0.6482, -0.0533 0.8791 0.6564, -0.0492 0.8832 0.6482, -0.0492 0.8821 0.6572, -0.0445 0.8852 0.6482, -0.0445 0.884 0.6576, -0.0584 0.8683 0.6599, -0.0564 0.8725 0.6622, -0.0533 0.8761 0.6641, -0.0492 0.8788 0.6656, -0.0445 0.8806 0.6665, -0.0584 0.8648 0.6649, -0.0564 0.8683 0.6681, -0.0533 0.8713 0.6708, -0.0492 0.8737 0.6729, -0.0445 0.8751 0.6742, 0.0445 0.8679 0.6804, 0.0492 0.8668 0.6788, 0.0533 0.8651 0.6762, 0.0564 0.8628 0.6728, 0.0584 0.8602 0.6688, -0.0445 0.8852 0.5329, -0.0492 0.8832 0.5329, -0.0533 0.8801 0.5329, -0.0564 0.876 0.5329, -0.0584 0.8712 0.5329, 0.0445 0.8852 0.6482, 0.0445 0.884 0.6576, 0.0492 0.8832 0.6482, 0.0492 0.8821 0.6572, 0.0533 0.8801 0.6482, 0.0533 0.8791 0.6564, 0.0564 0.876 0.6482, 0.0564 0.8751 0.6554, 0.0584 0.8712 0.6482, 0.0584 0.8705 0.6542, 0.0445 0.8806 0.6665, 0.0492 0.8788 0.6656, 0.0533 0.8761 0.6641, 0.0564 0.8725 0.6622, 0.0584 0.8683 0.6599, 0.0445 0.8751 0.6742, 0.0492 0.8737 0.6729, 0.0533 0.8713 0.6708, 0.0564 0.8683 0.6681, 0.0584 0.8648 0.6649, -0.0584 0.8602 0.5123, -0.0584 0.8648 0.5162, -0.0564 0.8628 0.5083, -0.0564 0.8683 0.513, -0.0533 0.8651 0.5049, -0.0533 0.8713 0.5103, -0.0492 0.8668 0.5023, -0.0492 0.8737 0.5082, -0.0445 0.8679 0.5007, -0.0445 0.8751 0.5069, -0.0584 0.8683 0.5212, -0.0564 0.8725 0.5189, -0.0533 0.8761 0.517, -0.0492 0.8788 0.5155, -0.0445 0.8806 0.5146, -0.0584 0.8705 0.5269, -0.0564 0.8751 0.5257, -0.0533 0.8791 0.5247, -0.0492 0.8821 0.5239, -0.0445 0.884 0.5235, 0.0445 0.8852 0.5329, 0.0492 0.8832 0.5329, 0.0533 0.8801 0.5329, 0.0564 0.876 0.5329, 0.0584 0.8712 0.5329, -0.0445 0.8439 0.4847, -0.0492 0.8428 0.4863, -0.0533 0.8411 0.4889, -0.0564 0.8388 0.4923, -0.0584 0.8362 0.4963, 0.0445 0.8679 0.5007, 0.0445 0.8751 0.5069, 0.0492 0.8668 0.5023, 0.0492 0.8737 0.5082, 0.0533 0.8651 0.5049, 0.0533 0.8713 0.5103, 0.0564 0.8628 0.5083, 0.0564 0.8683 0.513, 0.0584 0.8602 0.5123, 0.0584 0.8648 0.5162, 0.0445 0.8806 0.5146, 0.0492 0.8788 0.5155, 0.0533 0.8761 0.517, 0.0564 0.8725 0.5189, 0.0584 0.8683 0.5212, 0.0445 0.884 0.5235, 0.0492 0.8821 0.5239, 0.0533 0.8791 0.5247, 0.0564 0.8751 0.5257, 0.0584 0.8705 0.5269, -0.0445 0.8365 0.4783, -0.0492 0.835 0.4796, -0.0533 0.8327 0.4817, -0.0564 0.8297 0.4844, -0.0584 0.8262 0.4876, -0.0445 0.8308 0.4703, -0.0492 0.8291 0.4712, -0.0533 0.8263 0.4727, -0.0564 0.8228 0.4746, -0.0584 0.8186 0.4768, -0.0445 0.8273 0.4611, -0.0492 0.8254 0.4616, -0.0533 0.8224 0.4623, -0.0564 0.8184 0.4633, -0.0584 0.8138 0.4645, -0.0445 0.8261 0.4514, -0.0492 0.8241 0.4514, -0.0533 0.821 0.4514, -0.0564 0.8169 0.4514, -0.0584 0.8122 0.4514, 0.0445 0.8439 0.4847, 0.0492 0.8428 0.4863, 0.0533 0.8411 0.4889, 0.0564 0.8388 0.4923, 0.0584 0.8362 0.4963, -0.0445 0.8261 0.1772, -0.0492 0.8241 0.1772, -0.0533 0.821 0.1772, -0.0564 0.8169 0.1772, -0.0584 0.8122 0.1772, 0.0584 0.8262 0.4876, 0.0564 0.8297 0.4844, 0.0533 0.8327 0.4817, 0.0492 0.835 0.4796, 0.0445 0.8365 0.4783, 0.0584 0.8186 0.4768, 0.0564 0.8228 0.4746, 0.0533 0.8263 0.4727, 0.0492 0.8291 0.4712, 0.0445 0.8308 0.4703, 0.0584 0.8138 0.4645, 0.0564 0.8184 0.4633, 0.0533 0.8224 0.4623, 0.0492 0.8254 0.4616, 0.0445 0.8273 0.4611, 0.0584 0.8122 0.4514, 0.0564 0.8169 0.4514, 0.0533 0.821 0.4514, 0.0492 0.8241 0.4514, 0.0445 0.8261 0.4514, -0.0584 0.8135 0.1652, -0.0564 0.8182 0.1662, -0.0533 0.8221 0.1671, -0.0492 0.8252 0.1678, -0.0445 0.8271 0.1683, -0.0445 0.8301 0.1598, -0.0445 0.8348 0.1522, -0.0445 0.8412 0.1459, -0.0445 0.8488 0.1411, -0.0445 0.8572 0.1381, -0.0445 0.8661 0.1371, -0.0492 0.8283 0.1589, -0.0492 0.8333 0.151, -0.0492 0.84 0.1443, -0.0492 0.8479 0.1393, -0.0492 0.8568 0.1362, -0.0492 0.8661 0.1352, -0.0533 0.8255 0.1576, -0.0533 0.8309 0.149, -0.0533 0.838 0.1419, -0.0533 0.8466 0.1365, -0.0533 0.8561 0.1332, -0.0533 0.8661 0.132, -0.0564 0.8218 0.1558, -0.0564 0.8277 0.1465, -0.0564 0.8355 0.1387, -0.0564 0.8448 0.1328, -0.0564 0.8552 0.1292, -0.0564 0.8661 0.128, -0.0584 0.8175 0.1538, -0.0584 0.824 0.1435, -0.0584 0.8325 0.135, -0.0584 0.8427 0.1285, -0.0584 0.8541 0.1246, -0.0584 0.8661 0.1232, -0.0479 0.6693 0.4269, -0.0492 0.6693 0.4282, -0.0492 0.6757 0.4181, -0.0584 0.686 0.4241, -0.0567 0.6693 0.4406, -0.0578 0.6693 0.4446, -0.0582 0.6693 0.4471, -0.053 0.6693 0.4329, -0.0532 0.6693 0.4334, -0.0533 0.6784 0.4197, -0.0564 0.6819 0.4217, -0.0516 0.6693 0.4308, -0.0445 0.674 0.4171, -0.0445 0.6693 0.4247, -0.0473 0.6693 0.4264, -0.0405 0.6693 0.4235, -0.0432 0.6693 0.4241, -0.0443 0.6693 0.4246, -0.0445 0.6857 0.3887, -0.0584 0.6991 0.3922, -0.0584 0.7036 0.3581, -0.0564 0.6945 0.391, -0.0564 0.6988 0.3581, -0.0533 0.6906 0.39, -0.0533 0.6947 0.3581, -0.0492 0.6876 0.3892, -0.0492 0.6916 0.3581, -0.0445 0.6896 0.3581, 0.0445 0.8261 0.1772, 0.0492 0.8241 0.1772, 0.0533 0.821 0.1772, 0.0564 0.8169 0.1772, 0.0584 0.8122 0.1772, -0.0445 1.2205 0.1371, -0.0492 1.2205 0.1352, -0.0533 1.2205 0.132, -0.0564 1.2205 0.128, -0.0584 1.2205 0.1232, -0.0445 0.6896 0.1181, -0.0492 0.6916 0.1181, -0.0533 0.6947 0.1181, -0.0564 0.6988 0.1181, -0.0584 0.7036 0.1181, 0.0445 0.8271 0.1683, 0.0492 0.8252 0.1678, 0.0533 0.8221 0.1671, 0.0564 0.8182 0.1662, 0.0584 0.8135 0.1652, 0.0584 0.8175 0.1538, 0.0584 0.824 0.1435, 0.0584 0.8325 0.135, 0.0584 0.8427 0.1285, 0.0584 0.8541 0.1246, 0.0584 0.8661 0.1232, 0.0564 0.8218 0.1558, 0.0564 0.8277 0.1465, 0.0564 0.8355 0.1387, 0.0564 0.8448 0.1328, 0.0564 0.8552 0.1292, 0.0564 0.8661 0.128, 0.0533 0.8255 0.1576, 0.0533 0.8309 0.149, 0.0533 0.838 0.1419, 0.0533 0.8466 0.1365, 0.0533 0.8561 0.1332, 0.0533 0.8661 0.132, 0.0492 0.8283 0.1589, 0.0492 0.8333 0.151, 0.0492 0.84 0.1443, 0.0492 0.8479 0.1393, 0.0492 0.8568 0.1362, 0.0492 0.8661 0.1352, 0.0445 0.8301 0.1598, 0.0445 0.8348 0.1522, 0.0445 0.8412 0.1459, 0.0445 0.8488 0.1411, 0.0445 0.8572 0.1381, 0.0445 0.8661 0.1371, -0.0577 1.2254 0.1232, -0.0479 1.2254 0.1352, -0.0438 1.223 0.1371, -0.043 1.2241 0.1371, -0.0394 1.2256 0.1371, -0.0407 1.2254 0.1371, -0.0443 1.2218 0.1371, -0.0489 1.223 0.1352, -0.0528 1.2241 0.132, -0.0463 1.2274 0.1352, -0.0419 1.2249 0.1371, -0.0443 1.229 0.1352, -0.0419 1.23 0.1352, -0.0394 1.2303 0.1352, -0.0514 1.2274 0.132, -0.0492 1.2303 0.132, -0.0463 1.2325 0.132, -0.043 1.2339 0.132, -0.0394 1.2344 0.132, -0.0558 1.2249 0.128, -0.0541 1.229 0.128, -0.0514 1.2325 0.128, -0.0479 1.2352 0.128, -0.0438 1.2369 0.128, -0.0394 1.2375 0.128, -0.0558 1.23 0.1232, -0.0528 1.2339 0.1232, -0.0489 1.2369 0.1232, -0.0443 1.2388 0.1232, -0.0394 1.2395 0.1232, -0.0584 1.2256 0.1181, -0.0564 1.2303 0.1181, -0.0533 1.2344 0.1181, -0.0492 1.2375 0.1181, -0.0445 1.2395 0.1181, -0.0445 0.6926 0.092, -0.0492 0.6945 0.0924, -0.0533 0.6976 0.0931, -0.0564 0.7015 0.094, -0.0584 0.7062 0.0951, -0.0584 0.7138 0.0732, -0.0584 0.7262 0.0536, -0.0584 0.7425 0.0372, -0.0584 0.7622 0.0248, -0.0584 0.7841 0.0172, -0.0584 0.8071 0.0146, -0.0564 0.7095 0.0711, -0.0564 0.7224 0.0506, -0.0564 0.7396 0.0335, -0.0564 0.7601 0.0206, -0.0564 0.783 0.0126, -0.0564 0.8071 0.0098, -0.0533 0.7059 0.0694, -0.0533 0.7193 0.0481, -0.0533 0.737 0.0303, -0.0533 0.7583 0.0169, -0.0533 0.7821 0.0086, -0.0533 0.8071 0.0058, -0.0492 0.703 0.068, -0.0492 0.7168 0.0461, -0.0492 0.7351 0.0278, -0.0492 0.757 0.0141, -0.0492 0.7814 0.0055, -0.0492 0.8071 0.0026, -0.0445 0.7013 0.0672, -0.0445 0.7153 0.0449, -0.0445 0.7339 0.0263, -0.0445 0.7561 0.0123, -0.0445 0.781 0.0036, -0.0445 0.8071 0.0007, 0.0445 1.2205 0.1371, 0.0492 1.2205 0.1352, 0.0533 1.2205 0.132, 0.0564 1.2205 0.128, 0.0584 1.2205 0.1232, 0.0394 1.2395 0.1232, 0.0394 1.2375 0.128, 0.0394 1.2344 0.132, 0.0394 1.2303 0.1352, 0.0394 1.2256 0.1371, -0.0445 1.2395 0.0197, -0.0492 1.2375 0.0197, -0.0533 1.2344 0.0197, -0.0564 1.2303 0.0197, -0.0584 1.2256 0.0197, -0.0445 1.2205 0.0007, -0.0492 1.2205 0.0026, -0.0533 1.2205 0.0058, -0.0564 1.2205 0.0098, -0.0584 1.2205 0.0146, 0.0443 1.2388 0.1232, 0.0443 1.229 0.1352, 0.0419 1.2249 0.1371, 0.043 1.2241 0.1371, 0.0443 1.2218 0.1371, 0.0407 1.2254 0.1371, 0.0419 1.23 0.1352, 0.043 1.2339 0.132, 0.0463 1.2274 0.1352, 0.0438 1.223 0.1371, 0.0479 1.2254 0.1352, 0.0489 1.223 0.1352, 0.0463 1.2325 0.132, 0.0492 1.2303 0.132, 0.0514 1.2274 0.132, 0.0528 1.2241 0.132, 0.0438 1.2369 0.128, 0.0479 1.2352 0.128, 0.0514 1.2325 0.128, 0.0541 1.229 0.128, 0.0558 1.2249 0.128, 0.0489 1.2369 0.1232, 0.0528 1.2339 0.1232, 0.0558 1.23 0.1232, 0.0577 1.2254 0.1232, 0.0445 1.2395 0.1181, 0.0492 1.2375 0.1181, 0.0533 1.2344 0.1181, 0.0564 1.2303 0.1181, 0.0584 1.2256 0.1181, -0.0577 1.2254 0.0146, -0.0558 1.23 0.0146, -0.0558 1.2249 0.0098, -0.0541 1.229 0.0098, -0.0528 1.2241 0.0058, -0.0514 1.2274 0.0058, -0.0489 1.223 0.0026, -0.0479 1.2254 0.0026, -0.0443 1.2218 0.0007, -0.0438 1.223 0.0007, -0.0528 1.2339 0.0146, -0.0514 1.2325 0.0098, -0.0492 1.2303 0.0058, -0.0463 1.2274 0.0026, -0.043 1.2241 0.0007, -0.0489 1.2369 0.0146, -0.0443 1.2388 0.0146, -0.0479 1.2352 0.0098, -0.0438 1.2369 0.0098, -0.0463 1.2325 0.0058, -0.043 1.2339 0.0058, -0.0443 1.229 0.0026, -0.0419 1.23 0.0026, -0.0419 1.2249 0.0007, -0.0407 1.2254 0.0007, -0.0394 1.2395 0.0146, -0.0394 1.2375 0.0098, -0.0394 1.2344 0.0058, -0.0394 1.2303 0.0026, -0.0394 1.2256 0.0007, 0.0445 1.2395 0.0197, 0.0492 1.2375 0.0197, 0.0533 1.2344 0.0197, 0.0564 1.2303 0.0197, 0.0584 1.2256 0.0197, 0.0394 1.2256 0.0007, 0.0394 1.2303 0.0026, 0.0394 1.2344 0.0058, 0.0394 1.2375 0.0098, 0.0394 1.2395 0.0146, 0.0443 1.2388 0.0146, 0.0489 1.2369 0.0146, 0.0438 1.2369 0.0098, 0.0479 1.2352 0.0098, 0.043 1.2339 0.0058, 0.0463 1.2325 0.0058, 0.0419 1.23 0.0026, 0.0443 1.229 0.0026, 0.0407 1.2254 0.0007, 0.0419 1.2249 0.0007, 0.0528 1.2339 0.0146, 0.0514 1.2325 0.0098, 0.0492 1.2303 0.0058, 0.0463 1.2274 0.0026, 0.043 1.2241 0.0007, 0.0558 1.23 0.0146, 0.0577 1.2254 0.0146, 0.0541 1.229 0.0098, 0.0558 1.2249 0.0098, 0.0514 1.2274 0.0058, 0.0528 1.2241 0.0058, 0.0479 1.2254 0.0026, 0.0489 1.223 0.0026, 0.0438 1.223 0.0007, 0.0443 1.2218 0.0007, 0.0584 1.2205 0.0146, 0.0564 1.2205 0.0098, 0.0533 1.2205 0.0058, 0.0492 1.2205 0.0026, 0.0445 1.2205 0.0007, 0.0445 0.8071 0.0007, 0.0492 0.8071 0.0026, 0.0533 0.8071 0.0058, 0.0564 0.8071 0.0098, 0.0584 0.8071 0.0146, 0.0584 0.7036 0.1181, 0.0584 0.7062 0.0951, 0.0564 0.6988 0.1181, 0.0564 0.7015 0.094, 0.0533 0.6947 0.1181, 0.0533 0.6976 0.0931, 0.0492 0.6916 0.1181, 0.0492 0.6945 0.0924, 0.0445 0.6896 0.1181, 0.0445 0.6926 0.092, 0.0445 0.7013 0.0672, 0.0445 0.7153 0.0449, 0.0445 0.7339 0.0263, 0.0445 0.7561 0.0123, 0.0445 0.781 0.0036, 0.0492 0.703 0.068, 0.0492 0.7168 0.0461, 0.0492 0.7351 0.0278, 0.0492 0.757 0.0141, 0.0492 0.7814 0.0055, 0.0533 0.7059 0.0694, 0.0533 0.7193 0.0481, 0.0533 0.737 0.0303, 0.0533 0.7583 0.0169, 0.0533 0.7821 0.0086, 0.0564 0.7095 0.0711, 0.0564 0.7224 0.0506, 0.0564 0.7396 0.0335, 0.0564 0.7601 0.0206, 0.0564 0.783 0.0126, 0.0584 0.7138 0.0732, 0.0584 0.7262 0.0536, 0.0584 0.7425 0.0372, 0.0584 0.7622 0.0248, 0.0584 0.7841 0.0172, 0.0445 0.6896 0.3581, 0.0492 0.6916 0.3581, 0.0533 0.6947 0.3581, 0.0564 0.6988 0.3581, 0.0584 0.7036 0.3581, 0.0445 0.6857 0.3887, 0.0421 0.6693 0.4238, 0.0445 0.674 0.4171, 0.0432 0.6693 0.4241, 0.0491 0.6693 0.4283, 0.0475 0.6693 0.4265, 0.0492 0.6757 0.4181, 0.0464 0.6693 0.4257, 0.0444 0.6693 0.4247, 0.0514 0.6693 0.4307, 0.0533 0.6784 0.4197, 0.0525 0.6693 0.4321, 0.0532 0.6693 0.4335, 0.0564 0.6819 0.4217, 0.0565 0.6693 0.4402, 0.0575 0.6693 0.4433, 0.0584 0.686 0.4241, 0.0581 0.6693 0.4471, 0.059 0.6693 0.4531, 0.0492 0.6876 0.3892, 0.0533 0.6906 0.39, 0.0564 0.6945 0.391, 0.0584 0.6991 0.3922, -0.0584 0.4331 0.6857, -0.0591 -0.2362 0.6587, -0.0584 -0.2365 0.6637, -0.0584 -0.2365 0.6638, -0.0564 0.4331 0.6904, -0.0564 -0.2367 0.6685, -0.0564 -0.2367 0.6685, -0.0533 0.4331 0.6945, -0.0533 -0.2368 0.6725, -0.0493 -0.2368 0.6756, -0.0514 0.4331 0.6962, -0.0492 -0.2368 0.6757, -0.0492 0.4331 0.6976, -0.0446 -0.2367 0.6776, -0.0469 0.4331 0.6988, -0.0445 -0.2367 0.6776, -0.0445 0.4331 0.6996, -0.0419 0.4331 0.7001, 0.0438 0.4331 0.6998, 0.0437 -0.2366 0.6777, 0.0446 -0.2367 0.6776, 0.0479 0.4331 0.6983, 0.0479 -0.2368 0.6762, 0.0493 -0.2368 0.6756, 0.0516 0.4331 0.696, 0.0515 -0.2368 0.6739, 0.0533 -0.2368 0.6725, 0.0548 0.4331 0.6929, 0.0546 -0.2368 0.6708, 0.0564 -0.2367 0.6685, 0.0571 0.4331 0.6891, 0.057 -0.2367 0.6671, 0.0584 -0.2365 0.6638, 0.0586 0.4331 0.685, 0.0585 -0.2365 0.663, 0.0591 -0.2362 0.6587, -0.0146 -0.4948 0.6439, -0.0326 -0.4946 0.6292, -0.0325 -0.4947 0.6295, -0.0308 -0.495 0.6336, -0.0199 -0.4952 0.6428, -0.023 -0.4953 0.6415, -0.0234 -0.4953 0.6413, -0.0243 -0.4953 0.6406, -0.0274 -0.4953 0.6382, -0.0306 -0.4951 0.6342, -0.0187 -0.4951 0.6433, -0.0185 -0.4951 0.6433, -0.0171 -0.495 0.6435, -0.0157 -0.4949 0.6437, 0.0137 -0.4991 0.6429, -0.0137 -0.4991 0.6429, 0.0137 -0.4993 0.6428, -0.0137 -0.4993 0.6428, 0.0137 -0.5033 0.6407, -0.0137 -0.5033 0.6407, 0.0137 -0.5034 0.6406, -0.0137 -0.5034 0.6406, 0.0137 -0.5069 0.6375, -0.0137 -0.5069 0.6375, 0.0137 -0.5069 0.6375, -0.0137 -0.5069 0.6375, 0.0137 -0.5096 0.6336, -0.0137 -0.5096 0.6336, 0.0137 -0.5096 0.6336, -0.0137 -0.5096 0.6336, 0.0137 -0.5112 0.6292, -0.0137 -0.5112 0.6292, 0.0137 -0.5112 0.6292, -0.0137 -0.5112 0.6292, 0.0146 -0.4948 0.6439, 0.0157 -0.4949 0.6437, 0.0171 -0.495 0.6435, 0.023 -0.4953 0.6415, 0.0234 -0.4953 0.6413, 0.0185 -0.4951 0.6433, 0.0187 -0.4951 0.6433, 0.0199 -0.4952 0.6428, 0.0274 -0.4953 0.6382, 0.0243 -0.4953 0.6406, 0.028 -0.4953 0.6375, 0.0306 -0.4951 0.6342, 0.0325 -0.4947 0.6295, 0.0326 -0.4946 0.6292, -0.0438 0.4331 0.4813, -0.0437 -0.2366 0.5034, -0.0446 -0.2367 0.5035, -0.0479 0.4331 0.4828, -0.0479 -0.2368 0.5049, -0.0493 -0.2368 0.5055, -0.0516 0.4331 0.4851, -0.0515 -0.2368 0.5072, -0.0533 -0.2368 0.5086, -0.0548 0.4331 0.4882, -0.0546 -0.2368 0.5103, -0.0564 -0.2367 0.5126, -0.0571 0.4331 0.492, -0.057 -0.2367 0.514, -0.0584 -0.2365 0.5173, -0.0586 0.4331 0.4961, -0.0585 -0.2365 0.5181, -0.0591 -0.2362 0.5224, -0.0322 -0.4988 0.6245, -0.0301 -0.503 0.6245, -0.0296 -0.5027 0.6292, -0.03 -0.5031 0.6245, -0.027 -0.5067 0.6245, -0.0266 -0.5062 0.6292, -0.0269 -0.5067 0.6245, -0.023 -0.5095 0.6245, -0.0227 -0.509 0.6292, -0.0276 -0.497 0.6375, -0.0243 -0.4958 0.6407, -0.0323 -0.4986 0.6245, -0.0317 -0.4985 0.6292, -0.0301 -0.4979 0.6336, -0.0195 -0.496 0.6429, -0.0154 -0.4989 0.6429, -0.0164 -0.503 0.6407, -0.0173 -0.5064 0.6375, -0.0179 -0.509 0.6336, -0.0183 -0.5107 0.6292, -0.0185 -0.5112 0.6245, -0.0185 -0.5112 0.6245, -0.0229 -0.5095 0.6245, -0.0219 -0.5075 0.6336, -0.0207 -0.5051 0.6375, -0.019 -0.502 0.6407, -0.017 -0.4983 0.6429, -0.0254 -0.505 0.6336, -0.0236 -0.503 0.6375, -0.0212 -0.5004 0.6407, -0.0184 -0.4973 0.6429, -0.0282 -0.5017 0.6336, -0.026 -0.5003 0.6375, -0.023 -0.4983 0.6407, 0.0185 -0.5112 0.6245, 0.0185 -0.5112 0.6245, 0.0183 -0.5107 0.6292, 0.0229 -0.5095 0.6245, 0.023 -0.5095 0.6245, 0.0227 -0.509 0.6292, 0.0269 -0.5067 0.6245, 0.027 -0.5067 0.6245, 0.0266 -0.5062 0.6292, 0.03 -0.5031 0.6245, 0.0301 -0.503 0.6245, 0.0296 -0.5027 0.6292, 0.0322 -0.4988 0.6245, 0.0323 -0.4986 0.6245, 0.0317 -0.4985 0.6292, 0.0195 -0.496 0.6429, 0.0154 -0.4989 0.6429, 0.023 -0.4983 0.6407, 0.0243 -0.4958 0.6407, 0.0276 -0.497 0.6375, 0.0301 -0.4979 0.6336, 0.0164 -0.503 0.6407, 0.0173 -0.5064 0.6375, 0.0179 -0.509 0.6336, 0.0282 -0.5017 0.6336, 0.026 -0.5003 0.6375, 0.0254 -0.505 0.6336, 0.0236 -0.503 0.6375, 0.0212 -0.5004 0.6407, 0.0184 -0.4973 0.6429, 0.0219 -0.5075 0.6336, 0.0207 -0.5051 0.6375, 0.019 -0.502 0.6407, 0.017 -0.4983 0.6429, 0.0584 0.4331 0.4954, 0.0591 -0.2362 0.5224, 0.0584 -0.2365 0.5174, 0.0584 -0.2365 0.5173, 0.0564 0.4331 0.4907, 0.0564 -0.2367 0.5126, 0.0564 -0.2367 0.5126, 0.0533 0.4331 0.4866, 0.0533 -0.2368 0.5086, 0.0493 -0.2368 0.5055, 0.0514 0.4331 0.4849, 0.0492 -0.2368 0.5054, 0.0492 0.4331 0.4835, 0.0446 -0.2367 0.5035, 0.0469 0.4331 0.4823, 0.0445 -0.2367 0.5035, 0.0445 0.4331 0.4815, 0.0419 0.4331 0.481, -0.0146 -0.4948 0.5372, -0.0157 -0.4949 0.5374, -0.0171 -0.495 0.5376, -0.0185 -0.4951 0.5378, -0.0187 -0.4951 0.5378, -0.0199 -0.4952 0.5383, -0.023 -0.4953 0.5396, -0.0234 -0.4953 0.5398, -0.0243 -0.4953 0.5405, -0.0274 -0.4953 0.5429, -0.028 -0.4953 0.5436, -0.0306 -0.4951 0.5469, -0.0325 -0.4947 0.5516, -0.0326 -0.4946 0.5519, -0.0323 -0.4986 0.5566, -0.0322 -0.4988 0.5566, -0.0301 -0.503 0.5566, -0.03 -0.5031 0.5566, -0.027 -0.5067 0.5566, -0.0269 -0.5067 0.5566, -0.023 -0.5095 0.5566, -0.0229 -0.5095 0.5566, -0.0185 -0.5112 0.5566, -0.0185 -0.5112 0.5566, 0.0323 -0.4986 0.5566, 0.0322 -0.4988 0.5566, 0.0301 -0.503 0.5566, 0.03 -0.5031 0.5566, 0.027 -0.5067 0.5566, 0.0269 -0.5067 0.5566, 0.023 -0.5095 0.5566, 0.0229 -0.5095 0.5566, 0.0185 -0.5112 0.5566, 0.0185 -0.5112 0.5566, 0.0187 -0.4951 0.5378, 0.0326 -0.4946 0.5519, 0.0325 -0.4947 0.5516, 0.0308 -0.495 0.5475, 0.0306 -0.4951 0.5469, 0.0274 -0.4953 0.5429, 0.0243 -0.4953 0.5405, 0.0234 -0.4953 0.5398, 0.0199 -0.4952 0.5383, 0.023 -0.4953 0.5396, 0.0185 -0.4951 0.5378, 0.0171 -0.495 0.5376, 0.0157 -0.4949 0.5374, 0.0146 -0.4948 0.5372, -0.0317 -0.4985 0.5519, -0.0296 -0.5027 0.5519, -0.0266 -0.5062 0.5519, -0.0227 -0.509 0.5519, -0.0195 -0.496 0.5382, -0.0154 -0.4989 0.5382, -0.023 -0.4983 0.5404, -0.0243 -0.4958 0.5404, -0.0276 -0.497 0.5436, -0.0301 -0.4979 0.5475, -0.0183 -0.5107 0.5519, -0.0137 -0.5112 0.5519, -0.0179 -0.509 0.5475, -0.0137 -0.5096 0.5475, -0.0137 -0.5112 0.5519, -0.0173 -0.5064 0.5436, -0.0137 -0.5069 0.5436, -0.0137 -0.5096 0.5475, -0.0164 -0.503 0.5404, -0.0137 -0.5034 0.5405, -0.0137 -0.5069 0.5436, -0.0282 -0.5017 0.5475, -0.026 -0.5003 0.5436, -0.0137 -0.4991 0.5382, -0.0137 -0.4993 0.5383, -0.0137 -0.5033 0.5404, -0.0219 -0.5075 0.5475, -0.0207 -0.5051 0.5436, -0.019 -0.502 0.5404, -0.017 -0.4983 0.5382, -0.0254 -0.505 0.5475, -0.0236 -0.503 0.5436, -0.0212 -0.5004 0.5404, -0.0184 -0.4973 0.5382, 0.0317 -0.4985 0.5519, 0.0301 -0.4979 0.5475, 0.0243 -0.4958 0.5404, 0.0195 -0.496 0.5382, 0.0184 -0.4973 0.5382, 0.017 -0.4983 0.5382, 0.0154 -0.4989 0.5382, 0.0137 -0.4991 0.5382, 0.0296 -0.5027 0.5519, 0.0266 -0.5062 0.5519, 0.0227 -0.509 0.5519, 0.0183 -0.5107 0.5519, 0.0137 -0.5112 0.5519, 0.0282 -0.5017 0.5475, 0.0254 -0.505 0.5475, 0.0219 -0.5075 0.5475, 0.0179 -0.509 0.5475, 0.0137 -0.5112 0.5519, 0.0137 -0.5096 0.5475, 0.0137 -0.5096 0.5475, 0.0137 -0.5069 0.5436, 0.0173 -0.5064 0.5436, 0.0207 -0.5051 0.5436, 0.0236 -0.503 0.5436, 0.026 -0.5003 0.5436, 0.0276 -0.497 0.5436, 0.023 -0.4983 0.5404, 0.0212 -0.5004 0.5404, 0.019 -0.502 0.5404, 0.0164 -0.503 0.5404, 0.0137 -0.5069 0.5436, 0.0137 -0.5034 0.5405, 0.0137 -0.5033 0.5404, 0.0137 -0.4993 0.5383, 0.0137 -0.4993 0.5383
            ]
        }
        coordIndex [
            0,1,2,-1,2,1,3,-1,2,3,4,-1,2,4,5,-1,5,4,6,-1,5,6,7,-1,7,6,8,-1,7,8,9,-1,9,8,10,-1,9,10,11,-1,11,10,12,-1,11,12,13,-1,13,12,14,-1,13,14,15,-1,15,14,16,-1,15,16,17,-1,17,16,18,-1,18,16,19,-1,20,21,22,-1,22,21,23,-1,24,25,26,-1,26,25,27,-1,25,24,28,-1,28,24,29,-1,28,29,30,-1,30,29,31,-1,30,31,32,-1,32,31,33,-1,32,33,34,-1,34,33,35,-1,34,35,36,-1,36,35,37,-1,36,37,38,-1,38,37,39,-1,38,39,40,-1,40,39,41,-1,42,43,41,-1,41,43,40,-1,43,42,44,-1,44,42,45,-1,44,45,46,-1,46,45,47,-1,46,47,48,-1,48,47,49,-1,48,49,50,-1,50,49,51,-1,52,53,51,-1,51,53,50,-1,53,52,54,-1,53,54,55,-1,55,54,56,-1,55,56,57,-1,57,56,58,-1,57,58,59,-1,59,58,60,-1,59,60,61,-1,62,63,60,-1,60,63,61,-1,63,62,64,-1,63,64,65,-1,65,64,66,-1,65,66,67,-1,67,66,68,-1,67,68,69,-1,69,68,70,-1,69,70,71,-1,72,73,70,-1,70,73,71,-1,73,72,74,-1,74,72,75,-1,74,75,76,-1,76,75,77,-1,76,77,78,-1,78,77,79,-1,78,79,80,-1,80,79,81,-1,82,83,81,-1,81,83,80,-1,83,82,84,-1,83,84,85,-1,85,84,86,-1,85,86,87,-1,87,86,88,-1,87,88,89,-1,89,88,90,-1,89,90,91,-1,91,90,92,-1,91,92,93,-1,93,92,94,-1,93,94,95,-1,95,94,96,-1,95,96,97,-1,98,99,96,-1,96,99,97,-1,100,101,102,-1,102,101,103,-1,104,105,106,-1,106,107,104,-1,104,107,108,-1,104,108,102,-1,109,110,103,-1,103,110,99,-1,103,99,102,-1,102,99,98,-1,102,98,104,-1,109,111,110,-1,110,111,112,-1,110,112,113,-1,114,115,116,-1,116,115,117,-1,116,117,118,-1,118,117,119,-1,118,119,120,-1,120,119,121,-1,122,123,124,-1,116,125,114,-1,114,125,126,-1,114,126,127,-1,127,126,128,-1,127,128,129,-1,129,128,130,-1,131,132,133,-1,133,132,134,-1,133,134,135,-1,135,134,136,-1,135,136,130,-1,130,136,137,-1,130,137,129,-1,138,139,140,-1,140,139,131,-1,140,131,141,-1,141,131,133,-1,142,143,144,-1,144,143,145,-1,144,145,122,-1,122,145,146,-1,122,146,123,-1,147,119,148,-1,148,119,122,-1,121,119,149,-1,149,119,147,-1,149,147,150,-1,150,147,151,-1,150,151,152,-1,142,153,143,-1,143,153,100,-1,143,100,154,-1,154,100,102,-1,124,155,122,-1,122,155,156,-1,122,156,157,-1,157,158,122,-1,122,158,159,-1,122,159,148,-1,102,160,154,-1,154,160,161,-1,154,161,162,-1,162,161,163,-1,163,164,162,-1,162,164,165,-1,162,165,166,-1,167,168,169,-1,170,171,172,-1,172,171,173,-1,172,173,174,-1,174,173,175,-1,174,175,176,-1,167,169,177,-1,178,179,180,-1,101,181,182,-1,182,181,183,-1,182,183,184,-1,184,183,185,-1,184,185,186,-1,186,185,187,-1,186,187,188,-1,180,189,178,-1,178,189,190,-1,178,190,191,-1,191,190,192,-1,191,192,193,-1,193,192,176,-1,193,176,194,-1,194,176,175,-1,195,103,101,-1,169,196,177,-1,177,196,197,-1,177,197,198,-1,198,197,170,-1,198,170,199,-1,199,170,172,-1,169,200,201,-1,168,202,169,-1,169,202,203,-1,169,203,200,-1,200,203,204,-1,200,204,205,-1,205,204,206,-1,201,207,169,-1,169,207,208,-1,169,208,209,-1,209,210,169,-1,169,210,211,-1,169,211,187,-1,187,211,212,-1,187,212,188,-1,101,182,195,-1,195,182,213,-1,195,213,214,-1,195,215,216,-1,216,215,217,-1,214,218,195,-1,195,218,219,-1,195,219,215,-1,220,221,222,-1,222,221,223,-1,222,223,224,-1,224,223,225,-1,224,225,226,-1,226,225,227,-1,226,227,228,-1,228,227,229,-1,228,229,0,-1,0,229,1,-1,101,100,181,-1,181,100,153,-1,181,153,183,-1,183,153,142,-1,183,142,185,-1,185,142,144,-1,230,231,232,-1,232,231,233,-1,234,235,236,-1,236,235,237,-1,238,239,240,-1,240,239,241,-1,242,243,244,-1,244,243,245,-1,246,247,248,-1,248,247,249,-1,250,251,241,-1,241,251,252,-1,241,252,240,-1,240,252,253,-1,245,254,255,-1,256,257,255,-1,255,257,244,-1,255,244,245,-1,258,259,260,-1,260,248,258,-1,258,248,249,-1,258,249,261,-1,230,262,263,-1,230,263,231,-1,231,263,264,-1,231,264,265,-1,98,96,266,-1,98,266,104,-1,104,266,267,-1,104,267,105,-1,105,267,268,-1,105,268,106,-1,106,268,269,-1,106,269,107,-1,107,269,270,-1,107,270,108,-1,108,270,160,-1,108,160,102,-1,82,271,272,-1,271,273,274,-1,273,275,276,-1,275,277,278,-1,277,279,280,-1,279,154,162,-1,279,162,280,-1,280,162,166,-1,280,166,281,-1,281,166,165,-1,281,165,282,-1,282,165,164,-1,282,164,283,-1,283,164,163,-1,283,163,284,-1,284,163,161,-1,284,161,285,-1,285,161,160,-1,285,160,270,-1,277,280,278,-1,278,280,281,-1,278,281,286,-1,286,281,282,-1,286,282,287,-1,287,282,283,-1,287,283,288,-1,288,283,284,-1,288,284,289,-1,289,284,285,-1,289,285,290,-1,290,285,270,-1,290,270,269,-1,275,278,276,-1,276,278,286,-1,276,286,291,-1,291,286,287,-1,291,287,292,-1,292,287,288,-1,292,288,293,-1,293,288,289,-1,293,289,294,-1,294,289,290,-1,294,290,295,-1,295,290,269,-1,295,269,268,-1,273,276,274,-1,274,276,291,-1,274,291,296,-1,296,291,292,-1,296,292,297,-1,297,292,293,-1,297,293,298,-1,298,293,294,-1,298,294,299,-1,299,294,295,-1,299,295,300,-1,300,295,268,-1,300,268,267,-1,271,274,272,-1,272,274,296,-1,272,296,301,-1,301,296,297,-1,301,297,302,-1,302,297,298,-1,302,298,303,-1,303,298,299,-1,303,299,304,-1,304,299,300,-1,304,300,305,-1,305,300,267,-1,305,267,266,-1,82,272,84,-1,84,272,301,-1,84,301,86,-1,86,301,302,-1,86,302,88,-1,88,302,303,-1,88,303,90,-1,90,303,304,-1,90,304,92,-1,92,304,305,-1,92,305,94,-1,94,305,266,-1,94,266,96,-1,97,99,110,-1,97,110,306,-1,306,110,113,-1,306,113,307,-1,307,113,112,-1,307,112,308,-1,308,112,111,-1,308,111,309,-1,309,111,109,-1,309,109,310,-1,310,109,103,-1,310,103,195,-1,82,81,311,-1,82,311,271,-1,271,311,312,-1,271,312,273,-1,273,312,313,-1,273,313,275,-1,275,313,314,-1,275,314,277,-1,277,314,315,-1,277,315,279,-1,279,315,143,-1,279,143,154,-1,213,316,317,-1,316,318,319,-1,318,320,321,-1,320,322,323,-1,322,324,325,-1,324,83,85,-1,324,85,325,-1,325,85,87,-1,325,87,326,-1,326,87,89,-1,326,89,327,-1,327,89,91,-1,327,91,328,-1,328,91,93,-1,328,93,329,-1,329,93,95,-1,329,95,330,-1,330,95,97,-1,330,97,306,-1,322,325,323,-1,323,325,326,-1,323,326,331,-1,331,326,327,-1,331,327,332,-1,332,327,328,-1,332,328,333,-1,333,328,329,-1,333,329,334,-1,334,329,330,-1,334,330,335,-1,335,330,306,-1,335,306,307,-1,320,323,321,-1,321,323,331,-1,321,331,336,-1,336,331,332,-1,336,332,337,-1,337,332,333,-1,337,333,338,-1,338,333,334,-1,338,334,339,-1,339,334,335,-1,339,335,340,-1,340,335,307,-1,340,307,308,-1,318,321,319,-1,319,321,336,-1,319,336,341,-1,341,336,337,-1,341,337,342,-1,342,337,338,-1,342,338,343,-1,343,338,339,-1,343,339,344,-1,344,339,340,-1,344,340,345,-1,345,340,308,-1,345,308,309,-1,316,319,317,-1,317,319,341,-1,317,341,346,-1,346,341,342,-1,346,342,347,-1,347,342,343,-1,347,343,348,-1,348,343,344,-1,348,344,349,-1,349,344,345,-1,349,345,350,-1,350,345,309,-1,350,309,310,-1,213,317,214,-1,214,317,346,-1,214,346,218,-1,218,346,347,-1,218,347,219,-1,219,347,348,-1,219,348,215,-1,215,348,349,-1,215,349,217,-1,217,349,350,-1,217,350,216,-1,216,350,310,-1,216,310,195,-1,81,79,311,-1,311,79,351,-1,311,351,312,-1,312,351,352,-1,312,352,313,-1,313,352,353,-1,313,353,314,-1,314,353,354,-1,314,354,315,-1,315,354,355,-1,315,355,143,-1,143,355,145,-1,79,77,351,-1,351,77,356,-1,351,356,352,-1,352,356,357,-1,352,357,353,-1,353,357,358,-1,353,358,354,-1,354,358,359,-1,354,359,355,-1,355,359,360,-1,355,360,145,-1,145,360,146,-1,77,75,356,-1,356,75,361,-1,356,361,357,-1,357,361,362,-1,357,362,358,-1,358,362,363,-1,358,363,359,-1,359,363,364,-1,359,364,360,-1,360,364,365,-1,360,365,146,-1,146,365,123,-1,75,72,361,-1,361,72,366,-1,361,366,362,-1,362,366,367,-1,362,367,363,-1,363,367,368,-1,363,368,364,-1,364,368,369,-1,364,369,365,-1,365,369,370,-1,365,370,123,-1,123,370,124,-1,371,80,83,-1,371,83,372,-1,372,83,324,-1,372,324,373,-1,373,324,374,-1,374,324,322,-1,374,322,375,-1,375,322,320,-1,375,320,376,-1,376,320,377,-1,377,320,318,-1,377,318,378,-1,378,318,379,-1,379,318,316,-1,379,316,380,-1,380,316,381,-1,381,316,213,-1,381,213,182,-1,72,70,382,-1,72,382,366,-1,366,382,383,-1,366,383,367,-1,367,383,384,-1,367,384,368,-1,368,384,385,-1,368,385,369,-1,369,385,386,-1,369,386,370,-1,370,386,155,-1,370,155,124,-1,387,188,212,-1,182,184,381,-1,381,184,388,-1,381,388,380,-1,380,388,389,-1,212,390,387,-1,387,390,391,-1,387,391,392,-1,393,378,389,-1,389,378,379,-1,389,379,380,-1,391,394,392,-1,392,394,395,-1,392,395,396,-1,397,376,393,-1,393,376,377,-1,393,377,378,-1,395,398,396,-1,396,398,399,-1,396,399,400,-1,372,373,401,-1,401,373,374,-1,401,374,397,-1,397,374,375,-1,397,375,376,-1,184,186,388,-1,388,186,402,-1,388,402,389,-1,389,402,403,-1,389,403,393,-1,393,403,404,-1,393,404,397,-1,397,404,405,-1,397,405,401,-1,401,405,406,-1,186,188,402,-1,402,188,387,-1,402,387,403,-1,403,387,392,-1,403,392,404,-1,404,392,396,-1,404,396,405,-1,405,396,400,-1,405,400,406,-1,406,400,407,-1,80,371,408,-1,408,371,372,-1,399,409,400,-1,400,409,410,-1,400,410,407,-1,407,410,411,-1,407,411,412,-1,372,401,408,-1,408,401,406,-1,408,406,413,-1,413,406,407,-1,413,407,414,-1,414,407,412,-1,414,412,415,-1,80,408,78,-1,78,408,413,-1,78,413,76,-1,76,413,414,-1,76,414,74,-1,74,414,415,-1,74,415,73,-1,159,158,416,-1,416,158,417,-1,416,417,418,-1,418,417,419,-1,418,419,420,-1,420,419,421,-1,420,421,422,-1,422,421,423,-1,422,423,424,-1,424,423,425,-1,424,425,62,-1,62,425,64,-1,158,157,417,-1,417,157,426,-1,417,426,419,-1,419,426,427,-1,419,427,421,-1,421,427,428,-1,421,428,423,-1,423,428,429,-1,423,429,425,-1,425,429,430,-1,425,430,64,-1,64,430,66,-1,157,156,426,-1,426,156,431,-1,426,431,427,-1,427,431,432,-1,427,432,428,-1,428,432,433,-1,428,433,429,-1,429,433,434,-1,429,434,430,-1,430,434,435,-1,430,435,66,-1,66,435,68,-1,156,155,431,-1,431,155,386,-1,431,386,432,-1,432,386,385,-1,432,385,433,-1,433,385,384,-1,433,384,434,-1,434,384,383,-1,434,383,435,-1,435,383,382,-1,435,382,68,-1,68,382,70,-1,73,415,71,-1,71,415,436,-1,415,412,436,-1,436,412,411,-1,436,411,437,-1,411,410,437,-1,437,410,409,-1,437,409,438,-1,409,399,438,-1,438,399,398,-1,438,398,439,-1,398,395,439,-1,439,395,394,-1,439,394,440,-1,212,211,390,-1,390,211,440,-1,390,440,391,-1,391,440,394,-1,62,60,441,-1,62,441,424,-1,424,441,442,-1,424,442,422,-1,422,442,443,-1,422,443,420,-1,420,443,444,-1,420,444,418,-1,418,444,445,-1,418,445,416,-1,416,445,148,-1,416,148,159,-1,63,65,446,-1,446,65,447,-1,446,447,448,-1,448,447,449,-1,448,449,450,-1,450,449,451,-1,450,451,452,-1,452,451,453,-1,452,453,454,-1,454,453,455,-1,454,455,207,-1,207,455,208,-1,65,67,447,-1,447,67,456,-1,447,456,449,-1,449,456,457,-1,449,457,451,-1,451,457,458,-1,451,458,453,-1,453,458,459,-1,453,459,455,-1,455,459,460,-1,455,460,208,-1,208,460,209,-1,67,69,456,-1,456,69,461,-1,456,461,457,-1,457,461,462,-1,457,462,458,-1,458,462,463,-1,458,463,459,-1,459,463,464,-1,459,464,460,-1,460,464,465,-1,460,465,209,-1,209,465,210,-1,69,71,461,-1,461,71,436,-1,461,436,462,-1,462,436,437,-1,462,437,463,-1,463,437,438,-1,463,438,464,-1,464,438,439,-1,464,439,465,-1,465,439,440,-1,465,440,210,-1,210,440,211,-1,150,152,466,-1,466,152,467,-1,466,467,468,-1,468,467,469,-1,468,469,470,-1,470,469,471,-1,470,471,472,-1,472,471,473,-1,472,473,474,-1,474,473,475,-1,474,475,52,-1,52,475,54,-1,152,151,467,-1,467,151,476,-1,467,476,469,-1,469,476,477,-1,469,477,471,-1,471,477,478,-1,471,478,473,-1,473,478,479,-1,473,479,475,-1,475,479,480,-1,475,480,54,-1,54,480,56,-1,151,147,476,-1,476,147,481,-1,476,481,477,-1,477,481,482,-1,477,482,478,-1,478,482,483,-1,478,483,479,-1,479,483,484,-1,479,484,480,-1,480,484,485,-1,480,485,56,-1,56,485,58,-1,147,148,481,-1,481,148,445,-1,481,445,482,-1,482,445,444,-1,482,444,483,-1,483,444,443,-1,483,443,484,-1,484,443,442,-1,484,442,485,-1,485,442,441,-1,485,441,58,-1,58,441,60,-1,61,63,446,-1,61,446,486,-1,486,446,448,-1,486,448,487,-1,487,448,450,-1,487,450,488,-1,488,450,452,-1,488,452,489,-1,489,452,454,-1,489,454,490,-1,490,454,207,-1,490,207,201,-1,52,51,491,-1,52,491,474,-1,474,491,492,-1,474,492,472,-1,472,492,493,-1,472,493,470,-1,470,493,494,-1,470,494,468,-1,468,494,495,-1,468,495,466,-1,466,495,149,-1,466,149,150,-1,53,55,496,-1,496,55,497,-1,496,497,498,-1,498,497,499,-1,498,499,500,-1,500,499,501,-1,500,501,502,-1,502,501,503,-1,502,503,504,-1,504,503,505,-1,504,505,204,-1,204,505,206,-1,55,57,497,-1,497,57,506,-1,497,506,499,-1,499,506,507,-1,499,507,501,-1,501,507,508,-1,501,508,503,-1,503,508,509,-1,503,509,505,-1,505,509,510,-1,505,510,206,-1,206,510,205,-1,57,59,506,-1,506,59,511,-1,506,511,507,-1,507,511,512,-1,507,512,508,-1,508,512,513,-1,508,513,509,-1,509,513,514,-1,509,514,510,-1,510,514,515,-1,510,515,205,-1,205,515,200,-1,59,61,511,-1,511,61,486,-1,511,486,512,-1,512,486,487,-1,512,487,513,-1,513,487,488,-1,513,488,514,-1,514,488,489,-1,514,489,515,-1,515,489,490,-1,515,490,200,-1,200,490,201,-1,51,49,491,-1,491,49,516,-1,491,516,492,-1,492,516,517,-1,492,517,493,-1,493,517,518,-1,493,518,494,-1,494,518,519,-1,494,519,495,-1,495,519,520,-1,495,520,149,-1,149,520,121,-1,49,47,516,-1,516,47,521,-1,516,521,517,-1,517,521,522,-1,517,522,518,-1,518,522,523,-1,518,523,519,-1,519,523,524,-1,519,524,520,-1,520,524,525,-1,520,525,121,-1,121,525,120,-1,47,45,521,-1,521,45,526,-1,521,526,522,-1,522,526,527,-1,522,527,523,-1,523,527,528,-1,523,528,524,-1,524,528,529,-1,524,529,525,-1,525,529,530,-1,525,530,120,-1,120,530,118,-1,45,42,526,-1,526,42,531,-1,526,531,527,-1,527,531,532,-1,527,532,528,-1,528,532,533,-1,528,533,529,-1,529,533,534,-1,529,534,530,-1,530,534,535,-1,530,535,118,-1,118,535,116,-1,50,53,496,-1,50,496,536,-1,536,496,498,-1,536,498,537,-1,537,498,500,-1,537,500,538,-1,538,500,502,-1,538,502,539,-1,539,502,504,-1,539,504,540,-1,540,504,204,-1,540,204,203,-1,42,41,541,-1,42,541,531,-1,531,541,542,-1,531,542,532,-1,532,542,543,-1,532,543,533,-1,533,543,544,-1,533,544,534,-1,534,544,545,-1,534,545,535,-1,535,545,125,-1,535,125,116,-1,203,202,540,-1,540,202,546,-1,540,546,539,-1,539,546,547,-1,539,547,538,-1,538,547,548,-1,538,548,537,-1,537,548,549,-1,537,549,536,-1,536,549,550,-1,536,550,50,-1,50,550,48,-1,202,168,546,-1,546,168,551,-1,546,551,547,-1,547,551,552,-1,547,552,548,-1,548,552,553,-1,548,553,549,-1,549,553,554,-1,549,554,550,-1,550,554,555,-1,550,555,48,-1,48,555,46,-1,168,167,551,-1,551,167,556,-1,551,556,552,-1,552,556,557,-1,552,557,553,-1,553,557,558,-1,553,558,554,-1,554,558,559,-1,554,559,555,-1,555,559,560,-1,555,560,46,-1,46,560,44,-1,167,177,556,-1,556,177,561,-1,556,561,557,-1,557,561,562,-1,557,562,558,-1,558,562,563,-1,558,563,559,-1,559,563,564,-1,559,564,560,-1,560,564,565,-1,560,565,44,-1,44,565,43,-1,125,545,566,-1,545,544,567,-1,544,543,568,-1,543,542,569,-1,542,541,570,-1,541,41,39,-1,541,39,570,-1,570,39,37,-1,570,37,571,-1,571,37,35,-1,571,35,572,-1,572,35,33,-1,572,33,573,-1,573,33,31,-1,573,31,574,-1,574,31,29,-1,574,29,575,-1,575,29,24,-1,575,24,576,-1,542,570,569,-1,569,570,571,-1,569,571,577,-1,577,571,572,-1,577,572,578,-1,578,572,573,-1,578,573,579,-1,579,573,574,-1,579,574,580,-1,580,574,575,-1,580,575,581,-1,581,575,576,-1,581,576,582,-1,543,569,568,-1,568,569,577,-1,568,577,583,-1,583,577,578,-1,583,578,584,-1,584,578,579,-1,584,579,585,-1,585,579,580,-1,585,580,586,-1,586,580,581,-1,586,581,587,-1,587,581,582,-1,587,582,588,-1,544,568,567,-1,567,568,583,-1,567,583,589,-1,589,583,584,-1,589,584,590,-1,590,584,585,-1,590,585,591,-1,591,585,586,-1,591,586,592,-1,592,586,587,-1,592,587,593,-1,593,587,588,-1,593,588,594,-1,545,567,566,-1,566,567,589,-1,566,589,595,-1,595,589,590,-1,595,590,596,-1,596,590,591,-1,596,591,597,-1,597,591,592,-1,597,592,598,-1,598,592,593,-1,598,593,599,-1,599,593,594,-1,599,594,600,-1,125,566,126,-1,126,566,595,-1,126,595,128,-1,128,595,596,-1,128,596,130,-1,130,596,597,-1,130,597,135,-1,135,597,598,-1,135,598,133,-1,133,598,599,-1,133,599,141,-1,141,599,600,-1,141,600,140,-1,601,602,603,-1,122,119,604,-1,605,606,604,-1,604,606,607,-1,604,607,122,-1,608,609,610,-1,610,609,605,-1,610,605,611,-1,611,605,604,-1,603,602,610,-1,610,602,612,-1,610,612,608,-1,613,614,603,-1,603,614,615,-1,603,615,601,-1,616,617,613,-1,613,617,618,-1,613,618,614,-1,1,229,619,-1,221,616,223,-1,223,616,613,-1,223,613,225,-1,225,613,227,-1,117,115,620,-1,620,115,621,-1,620,621,622,-1,622,621,623,-1,622,623,624,-1,624,623,625,-1,624,625,626,-1,626,625,627,-1,626,627,619,-1,619,627,628,-1,619,628,1,-1,229,227,619,-1,619,227,613,-1,619,613,626,-1,626,613,603,-1,626,603,624,-1,624,603,610,-1,624,610,622,-1,622,610,611,-1,622,611,620,-1,620,611,604,-1,620,604,117,-1,117,604,119,-1,40,43,565,-1,40,565,629,-1,629,565,564,-1,629,564,630,-1,630,564,563,-1,630,563,631,-1,631,563,562,-1,631,562,632,-1,632,562,561,-1,632,561,633,-1,633,561,177,-1,633,177,198,-1,24,26,634,-1,24,634,576,-1,576,634,635,-1,576,635,582,-1,582,635,636,-1,582,636,588,-1,588,636,637,-1,588,637,594,-1,594,637,638,-1,594,638,600,-1,600,638,138,-1,600,138,140,-1,3,1,628,-1,3,628,639,-1,639,628,627,-1,639,627,640,-1,640,627,625,-1,640,625,641,-1,641,625,623,-1,641,623,642,-1,642,623,621,-1,642,621,643,-1,643,621,115,-1,643,115,114,-1,40,629,644,-1,629,630,645,-1,630,631,646,-1,631,632,647,-1,632,633,648,-1,633,198,199,-1,633,199,648,-1,648,199,172,-1,648,172,649,-1,649,172,174,-1,649,174,650,-1,650,174,176,-1,650,176,651,-1,651,176,192,-1,651,192,652,-1,652,192,190,-1,652,190,653,-1,653,190,189,-1,653,189,654,-1,632,648,647,-1,647,648,649,-1,647,649,655,-1,655,649,650,-1,655,650,656,-1,656,650,651,-1,656,651,657,-1,657,651,652,-1,657,652,658,-1,658,652,653,-1,658,653,659,-1,659,653,654,-1,659,654,660,-1,631,647,646,-1,646,647,655,-1,646,655,661,-1,661,655,656,-1,661,656,662,-1,662,656,657,-1,662,657,663,-1,663,657,658,-1,663,658,664,-1,664,658,659,-1,664,659,665,-1,665,659,660,-1,665,660,666,-1,630,646,645,-1,645,646,661,-1,645,661,667,-1,667,661,662,-1,667,662,668,-1,668,662,663,-1,668,663,669,-1,669,663,664,-1,669,664,670,-1,670,664,665,-1,670,665,671,-1,671,665,666,-1,671,666,672,-1,629,645,644,-1,644,645,667,-1,644,667,673,-1,673,667,668,-1,673,668,674,-1,674,668,669,-1,674,669,675,-1,675,669,670,-1,675,670,676,-1,676,670,671,-1,676,671,677,-1,677,671,672,-1,677,672,678,-1,40,644,38,-1,38,644,673,-1,38,673,36,-1,36,673,674,-1,36,674,34,-1,34,674,675,-1,34,675,32,-1,32,675,676,-1,32,676,30,-1,30,676,677,-1,30,677,28,-1,28,677,678,-1,28,678,25,-1,138,638,679,-1,680,681,682,-1,26,683,684,-1,682,681,26,-1,685,26,681,-1,685,681,686,-1,686,681,680,-1,686,680,687,-1,634,26,685,-1,688,689,690,-1,690,689,684,-1,690,684,691,-1,691,684,683,-1,691,683,692,-1,634,685,635,-1,635,685,686,-1,635,686,636,-1,636,686,687,-1,636,687,637,-1,693,688,694,-1,694,688,690,-1,694,690,695,-1,695,690,691,-1,695,691,696,-1,696,691,692,-1,696,692,697,-1,698,693,699,-1,699,693,694,-1,699,694,700,-1,700,694,695,-1,700,695,701,-1,701,695,696,-1,701,696,702,-1,702,696,697,-1,702,697,703,-1,638,698,679,-1,679,698,699,-1,679,699,704,-1,704,699,700,-1,704,700,705,-1,705,700,701,-1,705,701,706,-1,706,701,702,-1,706,702,707,-1,707,702,703,-1,707,703,708,-1,138,679,709,-1,709,679,704,-1,709,704,710,-1,710,704,705,-1,710,705,711,-1,711,705,706,-1,711,706,712,-1,712,706,707,-1,712,707,713,-1,713,707,708,-1,713,708,21,-1,689,26,684,-1,638,637,698,-1,698,637,687,-1,698,687,693,-1,693,687,680,-1,693,680,688,-1,688,680,682,-1,688,682,689,-1,689,682,26,-1,3,639,714,-1,639,640,715,-1,640,641,716,-1,641,642,717,-1,642,643,718,-1,643,114,127,-1,643,127,718,-1,718,127,129,-1,718,129,719,-1,719,129,137,-1,719,137,720,-1,720,137,136,-1,720,136,721,-1,721,136,134,-1,721,134,722,-1,722,134,132,-1,722,132,723,-1,723,132,131,-1,723,131,724,-1,642,718,717,-1,717,718,719,-1,717,719,725,-1,725,719,720,-1,725,720,726,-1,726,720,721,-1,726,721,727,-1,727,721,722,-1,727,722,728,-1,728,722,723,-1,728,723,729,-1,729,723,724,-1,729,724,730,-1,641,717,716,-1,716,717,725,-1,716,725,731,-1,731,725,726,-1,731,726,732,-1,732,726,727,-1,732,727,733,-1,733,727,728,-1,733,728,734,-1,734,728,729,-1,734,729,735,-1,735,729,730,-1,735,730,736,-1,640,716,715,-1,715,716,731,-1,715,731,737,-1,737,731,732,-1,737,732,738,-1,738,732,733,-1,738,733,739,-1,739,733,734,-1,739,734,740,-1,740,734,735,-1,740,735,741,-1,741,735,736,-1,741,736,742,-1,639,715,714,-1,714,715,737,-1,714,737,743,-1,743,737,738,-1,743,738,744,-1,744,738,739,-1,744,739,745,-1,745,739,740,-1,745,740,746,-1,746,740,741,-1,746,741,747,-1,747,741,742,-1,747,742,748,-1,3,714,4,-1,4,714,743,-1,4,743,6,-1,6,743,744,-1,6,744,8,-1,8,744,745,-1,8,745,10,-1,10,745,746,-1,10,746,12,-1,12,746,747,-1,12,747,14,-1,14,747,748,-1,14,748,16,-1,27,25,678,-1,27,678,749,-1,749,678,672,-1,749,672,750,-1,750,672,666,-1,750,666,751,-1,751,666,660,-1,751,660,752,-1,752,660,654,-1,752,654,753,-1,753,654,189,-1,753,189,180,-1,23,21,708,-1,23,708,754,-1,754,708,703,-1,754,703,755,-1,755,703,697,-1,755,697,756,-1,756,697,692,-1,756,692,757,-1,757,692,683,-1,757,683,758,-1,758,683,26,-1,758,26,27,-1,21,20,759,-1,21,759,713,-1,713,759,760,-1,713,760,712,-1,712,760,761,-1,712,761,711,-1,711,761,762,-1,711,762,710,-1,710,762,763,-1,710,763,709,-1,709,763,139,-1,709,139,138,-1,19,16,748,-1,19,748,764,-1,764,748,742,-1,764,742,765,-1,765,742,736,-1,765,736,766,-1,766,736,730,-1,766,730,767,-1,767,730,724,-1,767,724,768,-1,768,724,131,-1,768,131,139,-1,23,754,769,-1,770,771,772,-1,27,749,773,-1,772,771,27,-1,774,27,771,-1,774,771,775,-1,775,771,770,-1,775,770,776,-1,758,27,774,-1,777,778,779,-1,779,778,773,-1,779,773,780,-1,780,773,749,-1,780,749,750,-1,758,774,757,-1,757,774,775,-1,757,775,756,-1,756,775,776,-1,756,776,755,-1,781,777,782,-1,782,777,779,-1,782,779,783,-1,783,779,780,-1,783,780,784,-1,784,780,750,-1,784,750,751,-1,785,781,786,-1,786,781,782,-1,786,782,787,-1,787,782,783,-1,787,783,788,-1,788,783,784,-1,788,784,789,-1,789,784,751,-1,789,751,752,-1,754,785,769,-1,769,785,786,-1,769,786,790,-1,790,786,787,-1,790,787,791,-1,791,787,788,-1,791,788,792,-1,792,788,789,-1,792,789,793,-1,793,789,752,-1,793,752,753,-1,23,769,794,-1,794,769,790,-1,794,790,795,-1,795,790,791,-1,795,791,796,-1,796,791,792,-1,796,792,797,-1,797,792,793,-1,797,793,798,-1,798,793,753,-1,798,753,180,-1,778,27,773,-1,754,755,785,-1,785,755,776,-1,785,776,781,-1,781,776,770,-1,781,770,777,-1,777,770,772,-1,777,772,778,-1,778,772,27,-1,763,762,799,-1,799,762,800,-1,799,800,801,-1,801,800,802,-1,801,802,803,-1,803,802,804,-1,803,804,805,-1,805,804,806,-1,805,806,807,-1,807,806,808,-1,807,808,19,-1,762,761,800,-1,800,761,809,-1,800,809,802,-1,802,809,810,-1,802,810,804,-1,804,810,811,-1,804,811,806,-1,806,811,812,-1,806,812,808,-1,808,812,813,-1,808,813,19,-1,139,763,768,-1,768,763,799,-1,768,799,767,-1,767,799,801,-1,767,801,766,-1,766,801,803,-1,766,803,765,-1,765,803,805,-1,765,805,764,-1,764,805,807,-1,764,807,19,-1,760,759,814,-1,814,759,815,-1,814,815,816,-1,816,815,817,-1,816,817,818,-1,818,817,819,-1,818,819,820,-1,820,819,821,-1,820,821,822,-1,822,821,823,-1,822,823,19,-1,759,20,815,-1,815,20,824,-1,815,824,817,-1,817,824,825,-1,817,825,819,-1,819,825,826,-1,819,826,821,-1,821,826,827,-1,821,827,823,-1,823,827,828,-1,823,828,19,-1,761,760,809,-1,809,760,814,-1,809,814,810,-1,810,814,816,-1,810,816,811,-1,811,816,818,-1,811,818,812,-1,812,818,820,-1,812,820,813,-1,813,820,822,-1,813,822,19,-1,22,23,794,-1,22,794,829,-1,829,794,795,-1,829,795,830,-1,830,795,796,-1,830,796,831,-1,831,796,797,-1,831,797,832,-1,832,797,798,-1,832,798,833,-1,833,798,180,-1,833,180,179,-1,18,19,828,-1,18,828,834,-1,834,828,827,-1,834,827,835,-1,835,827,826,-1,835,826,836,-1,836,826,825,-1,836,825,837,-1,837,825,824,-1,837,824,838,-1,838,824,20,-1,838,20,22,-1,829,830,839,-1,839,830,840,-1,839,840,841,-1,841,840,842,-1,841,842,843,-1,843,842,844,-1,843,844,845,-1,845,844,846,-1,845,846,847,-1,847,846,848,-1,847,848,18,-1,830,831,840,-1,840,831,849,-1,840,849,842,-1,842,849,850,-1,842,850,844,-1,844,850,851,-1,844,851,846,-1,846,851,852,-1,846,852,848,-1,848,852,853,-1,848,853,18,-1,22,829,838,-1,838,829,839,-1,838,839,837,-1,837,839,841,-1,837,841,836,-1,836,841,843,-1,836,843,835,-1,835,843,845,-1,835,845,834,-1,834,845,847,-1,834,847,18,-1,832,833,854,-1,854,833,855,-1,854,855,856,-1,856,855,857,-1,856,857,858,-1,858,857,859,-1,858,859,860,-1,860,859,861,-1,860,861,862,-1,862,861,863,-1,862,863,18,-1,833,179,855,-1,855,179,864,-1,855,864,857,-1,857,864,865,-1,857,865,859,-1,859,865,866,-1,859,866,861,-1,861,866,867,-1,861,867,863,-1,863,867,868,-1,863,868,18,-1,831,832,849,-1,849,832,854,-1,849,854,850,-1,850,854,856,-1,850,856,851,-1,851,856,858,-1,851,858,852,-1,852,858,860,-1,852,860,853,-1,853,860,862,-1,853,862,18,-1,17,18,868,-1,17,868,869,-1,869,868,867,-1,869,867,870,-1,870,867,866,-1,870,866,871,-1,871,866,865,-1,871,865,872,-1,872,865,864,-1,872,864,873,-1,873,864,179,-1,873,179,178,-1,170,874,875,-1,874,876,877,-1,876,878,879,-1,878,880,881,-1,880,882,883,-1,882,2,5,-1,882,5,883,-1,883,5,7,-1,883,7,884,-1,884,7,9,-1,884,9,885,-1,885,9,11,-1,885,11,886,-1,886,11,13,-1,886,13,887,-1,887,13,15,-1,887,15,888,-1,888,15,17,-1,888,17,869,-1,880,883,881,-1,881,883,884,-1,881,884,889,-1,889,884,885,-1,889,885,890,-1,890,885,886,-1,890,886,891,-1,891,886,887,-1,891,887,892,-1,892,887,888,-1,892,888,893,-1,893,888,869,-1,893,869,870,-1,878,881,879,-1,879,881,889,-1,879,889,894,-1,894,889,890,-1,894,890,895,-1,895,890,891,-1,895,891,896,-1,896,891,892,-1,896,892,897,-1,897,892,893,-1,897,893,898,-1,898,893,870,-1,898,870,871,-1,876,879,877,-1,877,879,894,-1,877,894,899,-1,899,894,895,-1,899,895,900,-1,900,895,896,-1,900,896,901,-1,901,896,897,-1,901,897,902,-1,902,897,898,-1,902,898,903,-1,903,898,871,-1,903,871,872,-1,874,877,875,-1,875,877,899,-1,875,899,904,-1,904,899,900,-1,904,900,905,-1,905,900,901,-1,905,901,906,-1,906,901,902,-1,906,902,907,-1,907,902,903,-1,907,903,908,-1,908,903,872,-1,908,872,873,-1,170,875,171,-1,171,875,904,-1,171,904,173,-1,173,904,905,-1,173,905,175,-1,175,905,906,-1,175,906,194,-1,194,906,907,-1,194,907,193,-1,193,907,908,-1,193,908,191,-1,191,908,873,-1,191,873,178,-1,0,2,882,-1,0,882,909,-1,909,882,880,-1,909,880,910,-1,910,880,878,-1,910,878,911,-1,911,878,876,-1,911,876,912,-1,912,876,874,-1,912,874,913,-1,913,874,170,-1,913,170,197,-1,224,226,914,-1,228,0,909,-1,220,222,915,-1,915,222,916,-1,915,916,917,-1,918,919,920,-1,920,919,921,-1,920,921,916,-1,916,921,922,-1,916,922,917,-1,918,920,923,-1,923,920,924,-1,923,924,925,-1,925,924,926,-1,926,924,927,-1,926,927,928,-1,928,927,929,-1,929,927,930,-1,929,930,931,-1,931,930,932,-1,932,930,169,-1,932,169,187,-1,226,228,914,-1,914,228,909,-1,914,909,933,-1,933,909,910,-1,933,910,934,-1,934,910,911,-1,934,911,935,-1,935,911,912,-1,935,912,936,-1,936,912,913,-1,936,913,196,-1,196,913,197,-1,222,224,916,-1,916,224,914,-1,916,914,920,-1,920,914,933,-1,920,933,924,-1,924,933,934,-1,924,934,927,-1,927,934,935,-1,927,935,930,-1,930,935,936,-1,930,936,169,-1,169,936,196,-1,246,248,937,-1,937,248,938,-1,938,939,937,-1,937,939,940,-1,937,940,941,-1,940,942,941,-1,941,942,943,-1,941,943,944,-1,943,945,944,-1,944,945,946,-1,944,946,947,-1,947,946,948,-1,947,948,949,-1,949,948,950,-1,949,950,951,-1,951,950,952,-1,951,952,953,-1,953,952,262,-1,953,262,954,-1,954,262,230,-1,954,230,232,-1,233,231,955,-1,955,231,265,-1,265,956,955,-1,955,956,957,-1,955,957,958,-1,957,959,958,-1,958,959,960,-1,958,960,961,-1,960,962,961,-1,961,962,963,-1,961,963,964,-1,963,965,964,-1,964,965,966,-1,964,966,967,-1,966,968,967,-1,967,968,969,-1,967,969,970,-1,970,969,971,-1,970,971,243,-1,243,971,972,-1,243,972,245,-1,973,263,262,-1,260,259,939,-1,939,259,974,-1,939,974,940,-1,940,974,975,-1,940,975,942,-1,942,975,976,-1,942,976,943,-1,977,950,978,-1,978,950,948,-1,978,948,979,-1,979,948,946,-1,979,946,980,-1,980,946,945,-1,980,945,981,-1,981,945,943,-1,981,943,982,-1,982,943,976,-1,977,983,950,-1,950,983,984,-1,950,984,952,-1,952,984,985,-1,952,985,262,-1,262,985,986,-1,262,986,973,-1,264,263,987,-1,987,263,988,-1,987,988,989,-1,989,988,990,-1,989,990,991,-1,991,990,992,-1,991,992,993,-1,993,992,994,-1,993,994,995,-1,995,994,996,-1,995,996,997,-1,997,996,998,-1,997,998,999,-1,999,998,1000,-1,999,1000,1001,-1,1001,1000,1002,-1,1001,1002,1003,-1,1003,1002,1004,-1,1003,1004,1005,-1,1004,1006,1005,-1,1005,1006,237,-1,1005,237,235,-1,265,264,956,-1,956,264,1007,-1,1007,1008,956,-1,956,1008,1009,-1,956,1009,957,-1,1010,1011,959,-1,1009,1012,957,-1,957,1012,1013,-1,957,1013,959,-1,959,1013,1014,-1,959,1014,1010,-1,966,965,1015,-1,1015,965,963,-1,1015,963,1016,-1,1016,963,962,-1,1016,962,1011,-1,1011,962,960,-1,1011,960,959,-1,1015,1017,966,-1,966,1017,1018,-1,966,1018,968,-1,968,1018,1019,-1,968,1019,969,-1,969,1019,971,-1,971,1019,254,-1,254,1019,1020,-1,254,1020,255,-1,238,240,1021,-1,1021,240,253,-1,253,1022,1021,-1,1021,1022,1023,-1,1021,1023,1024,-1,1023,1025,1024,-1,1024,1025,1026,-1,1024,1026,1027,-1,1026,1028,1027,-1,1027,1028,1029,-1,1027,1029,1030,-1,1029,1031,1030,-1,1030,1031,1032,-1,1030,1032,1033,-1,1032,1034,1033,-1,1033,1034,1035,-1,1033,1035,1036,-1,1036,1035,1037,-1,1036,1037,247,-1,247,1037,1038,-1,247,1038,249,-1,1039,1040,1041,-1,1042,1043,1044,-1,1045,1046,1047,-1,981,1048,1049,-1,1050,1051,259,-1,259,1051,974,-1,974,1051,975,-1,975,1051,1052,-1,975,1052,976,-1,1048,981,1052,-1,1052,981,982,-1,1052,982,976,-1,978,979,1049,-1,1049,979,980,-1,1049,980,981,-1,1053,984,983,-1,263,973,988,-1,988,973,1054,-1,988,1054,990,-1,990,1054,1055,-1,1056,994,1055,-1,1055,994,992,-1,1055,992,990,-1,1057,998,1056,-1,1056,998,996,-1,1056,996,994,-1,1006,1004,1058,-1,1058,1004,1002,-1,1058,1002,1057,-1,1057,1002,1000,-1,1057,1000,998,-1,237,1006,1059,-1,1059,1006,1058,-1,1059,1058,1060,-1,1060,1058,1061,-1,1046,1061,1047,-1,1047,1061,1058,-1,1047,1058,1062,-1,1062,1058,1057,-1,1062,1057,1063,-1,1063,1057,1056,-1,1063,1056,1064,-1,1064,1056,1055,-1,1064,1055,1065,-1,1065,1055,1054,-1,1065,1054,986,-1,986,1054,973,-1,1043,1045,1044,-1,1044,1045,1047,-1,1044,1047,1066,-1,1066,1047,1062,-1,1066,1062,1067,-1,1067,1062,1063,-1,1067,1063,1068,-1,1068,1063,1064,-1,1068,1064,1069,-1,1069,1064,1065,-1,1069,1065,985,-1,985,1065,986,-1,1040,1042,1041,-1,1041,1042,1044,-1,1041,1044,1070,-1,1070,1044,1066,-1,1070,1066,1071,-1,1071,1066,1067,-1,1071,1067,1072,-1,1072,1067,1068,-1,1072,1068,1053,-1,1053,1068,1069,-1,1053,1069,984,-1,984,1069,985,-1,1050,1039,1051,-1,1051,1039,1041,-1,1051,1041,1052,-1,1052,1041,1070,-1,1052,1070,1048,-1,1048,1070,1071,-1,1048,1071,1049,-1,1049,1071,1072,-1,1049,1072,978,-1,978,1072,1053,-1,978,1053,977,-1,977,1053,983,-1,1073,1074,1075,-1,1076,1077,1078,-1,1079,1080,1081,-1,1082,1083,1084,-1,1085,1086,1087,-1,1013,1012,1088,-1,1089,1007,264,-1,1090,1010,1088,-1,1088,1010,1014,-1,1088,1014,1013,-1,1091,1016,1011,-1,1016,1091,1015,-1,1015,1091,1092,-1,1015,1092,1017,-1,1017,1092,1093,-1,1017,1093,1018,-1,1018,1093,1019,-1,1019,1093,1087,-1,1019,1087,1020,-1,1020,1087,1086,-1,1020,1086,255,-1,264,987,1089,-1,1089,987,989,-1,1089,989,1094,-1,989,991,1094,-1,1094,991,993,-1,1094,993,1095,-1,993,995,1095,-1,1095,995,997,-1,1095,997,1096,-1,997,999,1096,-1,1096,999,1001,-1,1096,1001,1075,-1,1083,1085,1084,-1,1084,1085,1087,-1,1084,1087,1097,-1,1097,1087,1093,-1,1097,1093,1098,-1,1098,1093,1092,-1,1098,1092,1090,-1,1090,1092,1091,-1,1090,1091,1010,-1,1010,1091,1011,-1,1080,1082,1081,-1,1081,1082,1084,-1,1081,1084,1099,-1,1099,1084,1097,-1,1099,1097,1100,-1,1100,1097,1098,-1,1100,1098,1101,-1,1101,1098,1090,-1,1101,1090,1102,-1,1102,1090,1088,-1,1102,1088,1009,-1,1009,1088,1012,-1,1077,1079,1078,-1,1078,1079,1081,-1,1078,1081,1103,-1,1103,1081,1099,-1,1103,1099,1104,-1,1104,1099,1100,-1,1104,1100,1105,-1,1105,1100,1101,-1,1105,1101,1106,-1,1106,1101,1102,-1,1106,1102,1008,-1,1008,1102,1009,-1,1074,1076,1075,-1,1075,1076,1078,-1,1075,1078,1096,-1,1096,1078,1103,-1,1096,1103,1095,-1,1095,1103,1104,-1,1095,1104,1094,-1,1094,1104,1105,-1,1094,1105,1089,-1,1089,1105,1106,-1,1089,1106,1007,-1,1007,1106,1008,-1,235,1073,1005,-1,1005,1073,1075,-1,1005,1075,1003,-1,1003,1075,1001,-1,242,244,1107,-1,1107,244,1108,-1,1108,1109,1107,-1,1107,1109,1110,-1,1107,1110,1111,-1,1110,1112,1111,-1,1111,1112,1113,-1,1111,1113,1114,-1,1113,1115,1114,-1,1114,1115,1116,-1,1114,1116,1117,-1,1117,1116,1118,-1,1117,1118,1119,-1,1119,1118,1120,-1,1119,1120,1121,-1,1121,1120,1122,-1,1121,1122,1123,-1,1123,1122,250,-1,1123,250,1124,-1,1124,250,241,-1,1124,241,239,-1,252,1125,253,-1,253,1125,1126,-1,253,1126,1022,-1,1126,1127,1022,-1,1022,1127,1128,-1,1022,1128,1023,-1,1023,1128,1129,-1,1023,1129,1025,-1,1025,1129,1130,-1,1025,1130,1026,-1,1130,1131,1026,-1,1026,1131,1132,-1,1026,1132,1028,-1,1028,1132,1133,-1,1028,1133,1029,-1,1029,1133,1134,-1,1029,1134,1031,-1,1031,1134,1135,-1,1031,1135,1032,-1,1032,1135,1136,-1,1032,1136,1034,-1,1034,1136,1137,-1,1034,1137,1035,-1,1035,1137,1037,-1,1037,1137,261,-1,261,1137,1138,-1,261,1138,258,-1,236,237,1059,-1,259,258,1050,-1,1050,258,1139,-1,1050,1139,1039,-1,1039,1139,1140,-1,1039,1140,1040,-1,1040,1140,1141,-1,1040,1141,1042,-1,1042,1141,1142,-1,1042,1142,1043,-1,1043,1142,1143,-1,1043,1143,1045,-1,1045,1143,1144,-1,1045,1144,1046,-1,1046,1144,1145,-1,1046,1145,1061,-1,1061,1145,1146,-1,1061,1146,1060,-1,1060,1146,1147,-1,1060,1147,1059,-1,1059,1147,1148,-1,1059,1148,236,-1,256,255,1149,-1,1149,255,1086,-1,1149,1086,1150,-1,1150,1086,1085,-1,1150,1085,1151,-1,1151,1085,1083,-1,1151,1083,1152,-1,1152,1083,1082,-1,1152,1082,1153,-1,1153,1082,1080,-1,1153,1080,1154,-1,1154,1080,1079,-1,1154,1079,1155,-1,1155,1079,1077,-1,1155,1077,1156,-1,1156,1077,1076,-1,1156,1076,1157,-1,1157,1076,1074,-1,1157,1074,1158,-1,1074,1073,1158,-1,1158,1073,235,-1,1158,235,234,-1,1122,1120,1159,-1,257,256,1109,-1,1109,256,1160,-1,1109,1160,1110,-1,1110,1160,1161,-1,1110,1161,1112,-1,1112,1161,1162,-1,1112,1162,1113,-1,1162,1163,1113,-1,1113,1163,1164,-1,1113,1164,1115,-1,1115,1164,1165,-1,1115,1165,1116,-1,1116,1165,1166,-1,1116,1166,1118,-1,1159,1120,1167,-1,1118,1166,1120,-1,1120,1166,1168,-1,1120,1168,1167,-1,1122,1159,250,-1,250,1159,1169,-1,250,1169,1170,-1,1170,1171,250,-1,250,1171,1172,-1,250,1172,251,-1,1140,1139,1173,-1,1142,1141,1174,-1,1144,1143,1175,-1,1146,1145,1176,-1,1129,1128,1177,-1,1178,1125,252,-1,1179,1131,1177,-1,1177,1131,1130,-1,1177,1130,1129,-1,1180,1133,1132,-1,1133,1180,1134,-1,1134,1180,1181,-1,1134,1181,1135,-1,1135,1181,1182,-1,1135,1182,1136,-1,1136,1182,1137,-1,1137,1182,1173,-1,1137,1173,1138,-1,1138,1173,1139,-1,1138,1139,258,-1,1147,1183,1148,-1,1148,1183,1184,-1,1148,1184,236,-1,1185,1186,1183,-1,1183,1186,1187,-1,1183,1187,1184,-1,1188,1189,1185,-1,1185,1189,1190,-1,1185,1190,1186,-1,1191,1192,1188,-1,1188,1192,1193,-1,1188,1193,1189,-1,1141,1140,1174,-1,1174,1140,1173,-1,1174,1173,1194,-1,1194,1173,1182,-1,1194,1182,1195,-1,1195,1182,1181,-1,1195,1181,1179,-1,1179,1181,1180,-1,1179,1180,1131,-1,1131,1180,1132,-1,252,1196,1178,-1,1178,1196,1197,-1,1178,1197,1191,-1,1191,1197,1198,-1,1191,1198,1192,-1,1147,1146,1183,-1,1183,1146,1176,-1,1183,1176,1185,-1,1185,1176,1199,-1,1185,1199,1188,-1,1188,1199,1200,-1,1188,1200,1191,-1,1191,1200,1201,-1,1191,1201,1178,-1,1178,1201,1202,-1,1178,1202,1125,-1,1125,1202,1126,-1,1145,1144,1176,-1,1176,1144,1175,-1,1176,1175,1199,-1,1199,1175,1203,-1,1199,1203,1200,-1,1200,1203,1204,-1,1200,1204,1201,-1,1201,1204,1205,-1,1201,1205,1202,-1,1202,1205,1206,-1,1202,1206,1126,-1,1126,1206,1127,-1,1143,1142,1175,-1,1175,1142,1174,-1,1175,1174,1203,-1,1203,1174,1194,-1,1203,1194,1204,-1,1204,1194,1195,-1,1204,1195,1205,-1,1205,1195,1179,-1,1205,1179,1206,-1,1206,1179,1177,-1,1206,1177,1127,-1,1127,1177,1128,-1,1161,1160,1207,-1,1207,1160,256,-1,1163,1162,1208,-1,1208,1162,1161,-1,1209,1165,1164,-1,1165,1209,1166,-1,1159,1167,1210,-1,1210,1167,1168,-1,1159,1210,1169,-1,1169,1210,1211,-1,1169,1211,1170,-1,1170,1211,1212,-1,1170,1212,1171,-1,1171,1212,1213,-1,1171,1213,1172,-1,1172,1213,1214,-1,1172,1214,251,-1,256,1149,1207,-1,1207,1149,1150,-1,1207,1150,1215,-1,1150,1151,1215,-1,1215,1151,1152,-1,1215,1152,1216,-1,1152,1153,1216,-1,1216,1153,1154,-1,1216,1154,1217,-1,1154,1155,1217,-1,1217,1155,1156,-1,1217,1156,1218,-1,234,1219,1158,-1,1158,1219,1218,-1,1158,1218,1157,-1,1157,1218,1156,-1,1161,1207,1208,-1,1208,1207,1215,-1,1208,1215,1220,-1,1220,1215,1216,-1,1220,1216,1221,-1,1221,1216,1217,-1,1221,1217,1222,-1,1222,1217,1218,-1,1222,1218,1223,-1,1219,1224,1218,-1,1218,1224,1225,-1,1218,1225,1223,-1,1223,1225,1226,-1,1223,1226,1227,-1,1227,1228,1223,-1,1223,1228,1229,-1,1223,1229,1222,-1,1222,1229,1230,-1,1222,1230,1221,-1,1221,1230,1231,-1,1221,1231,1220,-1,1220,1231,1232,-1,1220,1232,1208,-1,1163,1208,1164,-1,1164,1208,1232,-1,1164,1232,1209,-1,1209,1232,1231,-1,1209,1231,1233,-1,1233,1231,1230,-1,1233,1230,1234,-1,1234,1230,1229,-1,1234,1229,1235,-1,1235,1229,1228,-1,1235,1228,1236,-1,1227,1237,1228,-1,1228,1237,1238,-1,1228,1238,1236,-1,1236,1238,1239,-1,1236,1239,1240,-1,1166,1209,1168,-1,1168,1209,1233,-1,1168,1233,1210,-1,1210,1233,1234,-1,1210,1234,1211,-1,1211,1234,1235,-1,1211,1235,1212,-1,1212,1235,1236,-1,1212,1236,1213,-1,1213,1236,1240,-1,1213,1240,1214,-1,252,251,1196,-1,1196,251,1214,-1,1196,1214,1197,-1,1197,1214,1240,-1,1197,1240,1198,-1,1198,1240,1239,-1,1198,1239,1192,-1,1192,1239,1238,-1,1192,1238,1193,-1,1193,1238,1237,-1,1193,1237,1189,-1,1189,1237,1227,-1,1189,1227,1190,-1,1190,1227,1226,-1,1190,1226,1186,-1,1186,1226,1225,-1,1186,1225,1187,-1,1187,1225,1224,-1,1187,1224,1184,-1,1224,1219,1184,-1,1184,1219,234,-1,1184,234,236,-1,
        ]
    }
}
Shape{
    appearance Appearance {
        material  Material 	{
            diffuseColor 1.0 0.9411764705882353 0.8549019607843137
            specularColor 0.30196078431372547 0.2823529411764706 0.2549019607843137
            ambientIntensity 0.2
            transparency 0
            shininess 0.5
        }
    }
    geometry IndexedFaceSet {
        ccw TRUE
        solid FALSE
        coord DEF co Coordinate {
            point [
                -0.4232 0.6693 0.0787, -0.4232 0.6693 1.3386, -0.4232 0.748 0.0787, -0.4232 0.748 1.3386, -0.561 0.6693 1.3386, -0.561 0.6693 0.0787, -0.561 0.748 1.3386, -0.561 0.748 0.0787, -0.561 0.748 0.0787
            ]
        }
        coordIndex [
            0,1,2,-1,2,1,3,-1,4,5,6,-1,6,5,7,-1,
        ]
    }
}
Shape{
    appearance Appearance {
        material  Material 	{
            diffuseColor 0.8509803921568627 0.8509803921568627 0.8509803921568627
            specularColor 0.4235294117647059 0.4235294117647059 0.4235294117647059
            ambientIntensity 0.2
            transparency 0
            shininess 0.5
        }
    }
    geometry IndexedFaceSet {
        ccw TRUE
        solid FALSE
        coord DEF co Coordinate {
            point [
                -0.4528 0.689 0.3581, -0.5315 0.689 0.3581, -0.4528 0.689 0.1181, -0.5315 0.689 0.1181, -0.5315 0.6919 0.0918, -0.4528 0.6919 0.0918, -0.5315 0.7007 0.0669, -0.4528 0.7007 0.0669, -0.5315 0.7147 0.0445, -0.4528 0.7147 0.0445, -0.5315 0.7334 0.0258, -0.4528 0.7334 0.0258, -0.5315 0.7558 0.0117, -0.4528 0.7558 0.0117, -0.5315 0.7808 0.003, -0.4528 0.7808 0.003, -0.5315 0.8071 -0.0, -0.4528 0.8071 -0.0, -0.4528 1.2205 0.0, -0.5315 1.2205 0.0, -0.5315 1.2402 0.0197, -0.5315 1.2402 0.1181, -0.4528 1.2402 0.0197, -0.4528 1.2402 0.1181, -0.5315 0.8661 0.1378, -0.4528 0.8661 0.1378, -0.5315 1.2205 0.1378, -0.4528 1.2205 0.1378, -0.4528 0.8574 0.1388, -0.5315 0.8574 0.1388, -0.4528 0.8491 0.1417, -0.5315 0.8491 0.1417, -0.4528 0.8416 0.1464, -0.5315 0.8416 0.1464, -0.4528 0.8354 0.1526, -0.5315 0.8354 0.1526, -0.4528 0.8307 0.1601, -0.5315 0.8307 0.1601, -0.4528 0.8278 0.1684, -0.5315 0.8278 0.1684, -0.4528 0.8268 0.1772, -0.5315 0.8268 0.1772, -0.5315 0.8268 0.4514, -0.4528 0.8268 0.4514, -0.4528 0.828 0.4609, -0.5315 0.828 0.4609, -0.4528 0.8314 0.4699, -0.5315 0.8314 0.4699, -0.4528 0.837 0.4778, -0.5315 0.837 0.4778, -0.4528 0.8443 0.4841, -0.5315 0.8443 0.4841, -0.5315 0.8683 0.5001, -0.4528 0.8683 0.5001, -0.5315 0.8756 0.5064, -0.4528 0.8756 0.5064, -0.5315 0.8812 0.5143, -0.4528 0.8812 0.5143, -0.5315 0.8846 0.5233, -0.4528 0.8846 0.5233, -0.5315 0.8858 0.5329, -0.4528 0.8858 0.5329, -0.5315 0.8858 0.6482, -0.4528 0.8858 0.6482, -0.5315 0.8846 0.6578, -0.4528 0.8846 0.6578, -0.5315 0.8812 0.6668, -0.4528 0.8812 0.6668, -0.5315 0.8756 0.6747, -0.4528 0.8756 0.6747, -0.5315 0.8683 0.681, -0.4528 0.8683 0.681, -0.5315 0.8443 0.697, -0.4528 0.8443 0.697, -0.4528 0.837 0.7033, -0.5315 0.837 0.7033, -0.4528 0.8314 0.7112, -0.5315 0.8314 0.7112, -0.4528 0.828 0.7202, -0.5315 0.828 0.7202, -0.4528 0.8268 0.7297, -0.5315 0.8268 0.7297, -0.5315 0.8268 1.0236, -0.4528 0.8268 1.0236, -0.5315 0.8248 1.0411, -0.4528 0.8248 1.0411, -0.5315 0.819 1.0578, -0.4528 0.819 1.0578, -0.5315 0.8096 1.0727, -0.4528 0.8096 1.0727, -0.5315 0.7971 1.0852, -0.4528 0.7971 1.0852, -0.5315 0.7822 1.0946, -0.4528 0.7822 1.0946, -0.5315 0.7656 1.1004, -0.4528 0.7656 1.1004, -0.5315 0.748 1.1024, -0.4528 0.748 1.1024, -0.5315 0.689 1.1024, -0.4528 0.689 1.1024, -0.5512 0.689 0.823, -0.4331 0.689 0.823, -0.5512 0.689 1.0827, -0.4331 0.689 1.0827, -0.4337 0.689 1.0878, -0.4477 0.689 1.1017, -0.4357 0.689 1.0925, -0.4388 0.689 1.0966, -0.4429 0.689 1.0997, -0.5485 0.689 1.0925, -0.5366 0.689 1.1017, -0.5454 0.689 1.0966, -0.5413 0.689 1.0997, -0.5505 0.689 1.0878, -0.5512 0.7087 0.1181, -0.5512 0.7087 0.3581, -0.5512 0.8071 0.4514, -0.5512 0.704 0.3936, -0.5512 0.8089 0.4657, -0.5512 0.6905 0.4266, -0.5512 0.8141 0.4792, -0.5512 0.8224 0.4911, -0.5512 0.6693 0.4546, -0.5512 0.8224 0.69, -0.5512 0.8334 0.6806, -0.5512 0.8071 0.1772, -0.5512 0.8086 0.164, -0.5512 0.7111 0.0962, -0.5512 0.8129 0.1515, -0.5512 0.7184 0.0754, -0.5512 0.82 0.1403, -0.5512 0.8071 0.0197, -0.5512 0.7852 0.0222, -0.5512 0.8405 0.124, -0.5512 0.7644 0.0294, -0.5512 0.8293 0.131, -0.5512 0.7457 0.0412, -0.5512 0.7301 0.0567, -0.5512 1.2205 0.1181, -0.5512 1.2205 0.0197, -0.5512 0.8661 0.1181, -0.5512 0.853 0.1196, -0.5512 0.6801 0.778, -0.5512 0.8071 0.7297, -0.5512 0.6693 0.7577, -0.5512 0.8089 0.7154, -0.5512 0.8141 0.7019, -0.5512 0.8656 0.5281, -0.5512 0.8661 0.5329, -0.5512 0.8334 0.5005, -0.5512 0.8574 0.5165, -0.5512 0.8638 0.5236, -0.5512 0.861 0.5197, -0.5512 0.6867 0.8001, -0.5512 0.8071 1.0236, -0.5512 0.8574 0.6646, -0.5512 0.861 0.6615, -0.5512 0.8638 0.6575, -0.5512 0.8656 0.653, -0.5512 0.8661 0.6482, -0.5512 0.748 1.0827, -0.5512 0.7612 1.0812, -0.5512 0.8056 1.0368, -0.5512 0.7737 1.0768, -0.5512 0.7849 1.0698, -0.5512 0.7942 1.0604, -0.5512 0.8012 1.0492, -0.4331 0.8089 0.4657, -0.4331 0.8141 0.4792, -0.4331 0.6905 0.4266, -0.4331 0.7087 0.1181, -0.4331 0.7111 0.0962, -0.4331 0.8129 0.1515, -0.4331 0.7184 0.0754, -0.4331 0.82 0.1403, -0.4331 0.7301 0.0567, -0.4331 0.8293 0.131, -0.4331 0.8071 0.4514, -0.4331 0.8071 0.0197, -0.4331 1.2205 0.0197, -0.4331 1.2205 0.1181, -0.4331 0.6867 0.8001, -0.4331 0.8071 0.7297, -0.4331 0.6801 0.778, -0.4331 0.8089 0.7154, -0.4331 0.6693 0.7577, -0.4331 0.8141 0.7019, -0.4331 0.6693 0.4546, -0.4331 0.8224 0.69, -0.4331 0.8661 0.1181, -0.4331 0.853 0.1196, -0.4331 0.7852 0.0222, -0.4331 0.8405 0.124, -0.4331 0.7644 0.0294, -0.4331 0.7457 0.0412, -0.4331 0.748 1.0827, -0.4331 0.704 0.3936, -0.4331 0.7087 0.3581, -0.4331 0.8071 0.1772, -0.4331 0.8086 0.164, -0.4331 0.8656 0.5281, -0.4331 0.8661 0.5329, -0.4331 0.8224 0.4911, -0.4331 0.8334 0.5005, -0.4331 0.8574 0.5165, -0.4331 0.8638 0.5236, -0.4331 0.861 0.5197, -0.4331 0.8661 0.6482, -0.4331 0.8656 0.653, -0.4331 0.8638 0.6575, -0.4331 0.861 0.6615, -0.4331 0.8574 0.6646, -0.4331 0.8334 0.6806, -0.4331 0.8071 1.0236, -0.4331 0.8056 1.0368, -0.4331 0.7849 1.0698, -0.4331 0.7612 1.0812, -0.4331 0.7737 1.0768, -0.4331 0.8012 1.0492, -0.4331 0.7942 1.0604, -0.4528 0.6693 0.4234, -0.5315 0.6693 0.4234, -0.4528 0.6734 0.4168, -0.5315 0.6734 0.4168, -0.4528 0.6792 0.4027, -0.5315 0.6792 0.4027, -0.4528 0.685 0.3885, -0.5315 0.685 0.3885, -0.4528 0.686 0.381, -0.5315 0.686 0.381, -0.5315 -0.2364 0.6783, -0.4528 -0.2364 0.6783, -0.5315 0.4331 0.7003, -0.4528 0.4331 0.7003, -0.4784 -0.5118 0.5566, -0.4784 -0.5118 0.6245, -0.5058 -0.5118 0.5566, -0.5058 -0.5118 0.6245, -0.5315 0.4331 0.4808, -0.4528 0.4331 0.4808, -0.5315 -0.2364 0.5028, -0.4528 -0.2364 0.5028, -0.4331 0.4331 0.5005, -0.4331 0.4331 0.6806, -0.4331 -0.2362 0.5225, -0.4331 -0.2362 0.6586, -0.5512 0.4331 0.6806, -0.5512 0.4331 0.5005, -0.5512 -0.2362 0.6586, -0.5512 -0.2362 0.5225, -0.4526 -0.2364 0.5028, -0.4784 -0.4947 0.5371, -0.5058 -0.4947 0.5371, -0.5316 -0.2364 0.5028, -0.4331 -0.2362 0.6587, -0.4589 -0.4941 0.6245, -0.4589 -0.4941 0.5566, -0.4331 -0.2362 0.5224, -0.5254 -0.4941 0.5566, -0.5254 -0.4941 0.6245, -0.5512 -0.2362 0.6587, -0.5512 -0.2362 0.5224, -0.5316 -0.2364 0.6783, -0.5058 -0.4947 0.644, -0.4784 -0.4947 0.644, -0.4526 -0.2364 0.6783, -0.5366 0.748 1.1017, -0.5413 0.748 1.0997, -0.5454 0.748 1.0966, -0.5485 0.748 1.0925, -0.5505 0.748 1.0878, -0.5366 0.8261 1.0236, -0.5366 0.8241 1.041, -0.5413 0.8241 1.0236, -0.5413 0.8222 1.0406, -0.5454 0.821 1.0236, -0.5454 0.8192 1.0399, -0.5485 0.8169 1.0236, -0.5485 0.8152 1.039, -0.5505 0.8122 1.0236, -0.5505 0.8106 1.0379, -0.5505 0.8058 1.0515, -0.5505 0.7982 1.0636, -0.5505 0.788 1.0738, -0.5505 0.7759 1.0814, -0.5505 0.7623 1.0862, -0.5485 0.8101 1.0535, -0.5485 0.8019 1.0666, -0.5485 0.791 1.0775, -0.5485 0.7779 1.0857, -0.5485 0.7634 1.0908, -0.5454 0.8138 1.0553, -0.5454 0.8051 1.0691, -0.5454 0.7935 1.0807, -0.5454 0.7797 1.0894, -0.5454 0.7643 1.0948, -0.5413 0.8166 1.0566, -0.5413 0.8075 1.0711, -0.5413 0.7955 1.0831, -0.5413 0.7811 1.0922, -0.5413 0.765 1.0978, -0.5366 0.8184 1.0575, -0.5366 0.8091 1.0723, -0.5366 0.7967 1.0847, -0.5366 0.7819 1.094, -0.5366 0.7654 1.0997, -0.4477 0.748 1.1017, -0.4429 0.748 1.0997, -0.4388 0.748 1.0966, -0.4357 0.748 1.0925, -0.4337 0.748 1.0878, -0.5366 0.8261 0.7297, -0.5413 0.8241 0.7297, -0.5454 0.821 0.7297, -0.5485 0.8169 0.7297, -0.5505 0.8122 0.7297, -0.4337 0.8122 1.0236, -0.4337 0.8106 1.0379, -0.4357 0.8169 1.0236, -0.4357 0.8152 1.039, -0.4388 0.821 1.0236, -0.4388 0.8192 1.0399, -0.4429 0.8241 1.0236, -0.4429 0.8222 1.0406, -0.4477 0.8261 1.0236, -0.4477 0.8241 1.041, -0.4477 0.8184 1.0575, -0.4477 0.8091 1.0723, -0.4477 0.7967 1.0847, -0.4477 0.7819 1.094, -0.4477 0.7654 1.0997, -0.4429 0.8166 1.0566, -0.4429 0.8075 1.0711, -0.4429 0.7955 1.0831, -0.4429 0.7811 1.0922, -0.4429 0.765 1.0978, -0.4388 0.8138 1.0553, -0.4388 0.8051 1.0691, -0.4388 0.7935 1.0807, -0.4388 0.7797 1.0894, -0.4388 0.7643 1.0948, -0.4357 0.8101 1.0535, -0.4357 0.8019 1.0666, -0.4357 0.791 1.0775, -0.4357 0.7779 1.0857, -0.4357 0.7634 1.0908, -0.4337 0.8058 1.0515, -0.4337 0.7982 1.0636, -0.4337 0.788 1.0738, -0.4337 0.7759 1.0814, -0.4337 0.7623 1.0862, -0.5366 0.8273 0.72, -0.5413 0.8254 0.7195, -0.5454 0.8224 0.7188, -0.5485 0.8184 0.7178, -0.5505 0.8138 0.7166, -0.5366 0.8308 0.7108, -0.5413 0.8291 0.7099, -0.5454 0.8263 0.7084, -0.5485 0.8228 0.7065, -0.5505 0.8186 0.7043, -0.5366 0.8365 0.7028, -0.5413 0.835 0.7015, -0.5454 0.8327 0.6994, -0.5485 0.8297 0.6967, -0.5505 0.8262 0.6935, -0.5366 0.8439 0.6964, -0.5413 0.8428 0.6948, -0.5454 0.8411 0.6922, -0.5485 0.8388 0.6888, -0.5505 0.8362 0.6848, -0.4484 0.8263 0.7297, -0.4477 0.826 0.7297, -0.4442 0.8248 0.7297, -0.443 0.824 0.7297, -0.4405 0.8225 0.7297, -0.4389 0.8209 0.7297, -0.4374 0.8194 0.7297, -0.4358 0.8169 0.7297, -0.435 0.8156 0.7297, -0.4338 0.8122 0.7297, -0.4336 0.8115 0.7297, -0.5366 0.8679 0.6804, -0.5413 0.8668 0.6788, -0.5454 0.8651 0.6762, -0.5485 0.8628 0.6728, -0.5505 0.8602 0.6688, -0.4336 0.8257 0.693, -0.4336 0.8131 0.7164, -0.435 0.8171 0.7174, -0.4336 0.8358 0.6842, -0.4338 0.8362 0.6848, -0.435 0.8287 0.6958, -0.4374 0.8208 0.7184, -0.435 0.8381 0.6877, -0.4358 0.8388 0.6887, -0.4374 0.8315 0.6983, -0.4405 0.8238 0.7191, -0.4374 0.8402 0.6908, -0.4389 0.8411 0.6921, -0.4405 0.8338 0.7004, -0.4442 0.8261 0.7197, -0.4336 0.8179 0.7039, -0.435 0.8216 0.7059, -0.4374 0.8249 0.7077, -0.4405 0.8276 0.7091, -0.4442 0.8297 0.7102, -0.4442 0.8355 0.702, -0.4484 0.8275 0.72, -0.4405 0.8419 0.6934, -0.443 0.8428 0.6947, -0.4442 0.8432 0.6954, -0.4477 0.8439 0.6964, -0.4484 0.831 0.7109, -0.4484 0.8366 0.7029, -0.4484 0.844 0.6966, -0.5505 0.8712 0.6482, -0.5505 0.8705 0.6542, -0.5485 0.876 0.6482, -0.5485 0.8751 0.6554, -0.5454 0.8801 0.6482, -0.5454 0.8791 0.6564, -0.5413 0.8832 0.6482, -0.5413 0.8821 0.6572, -0.5366 0.8852 0.6482, -0.5366 0.884 0.6576, -0.5505 0.8683 0.6599, -0.5485 0.8725 0.6622, -0.5454 0.8761 0.6641, -0.5413 0.8788 0.6656, -0.5366 0.8806 0.6665, -0.5505 0.8648 0.6649, -0.5485 0.8683 0.6681, -0.5454 0.8713 0.6708, -0.5413 0.8737 0.6729, -0.5366 0.8751 0.6742, -0.4477 0.8679 0.6804, -0.4429 0.8668 0.6788, -0.4388 0.8651 0.6762, -0.4357 0.8628 0.6728, -0.4337 0.8602 0.6688, -0.5366 0.8852 0.5329, -0.5413 0.8832 0.5329, -0.5454 0.8801 0.5329, -0.5485 0.876 0.5329, -0.5505 0.8712 0.5329, -0.4477 0.8852 0.6482, -0.4477 0.884 0.6576, -0.4429 0.8832 0.6482, -0.4429 0.8821 0.6572, -0.4388 0.8801 0.6482, -0.4388 0.8791 0.6564, -0.4357 0.876 0.6482, -0.4357 0.8751 0.6554, -0.4337 0.8712 0.6482, -0.4337 0.8705 0.6542, -0.4477 0.8806 0.6665, -0.4429 0.8788 0.6656, -0.4388 0.8761 0.6641, -0.4357 0.8725 0.6622, -0.4337 0.8683 0.6599, -0.4477 0.8751 0.6742, -0.4429 0.8737 0.6729, -0.4388 0.8713 0.6708, -0.4357 0.8683 0.6681, -0.4337 0.8648 0.6649, -0.5505 0.8602 0.5123, -0.5505 0.8648 0.5162, -0.5485 0.8628 0.5083, -0.5485 0.8683 0.513, -0.5454 0.8651 0.5049, -0.5454 0.8713 0.5103, -0.5413 0.8668 0.5023, -0.5413 0.8737 0.5082, -0.5366 0.8679 0.5007, -0.5366 0.8751 0.5069, -0.5505 0.8683 0.5212, -0.5485 0.8725 0.5189, -0.5454 0.8761 0.517, -0.5413 0.8788 0.5155, -0.5366 0.8806 0.5146, -0.5505 0.8705 0.5269, -0.5485 0.8751 0.5257, -0.5454 0.8791 0.5247, -0.5413 0.8821 0.5239, -0.5366 0.884 0.5235, -0.4477 0.8852 0.5329, -0.4429 0.8832 0.5329, -0.4388 0.8801 0.5329, -0.4357 0.876 0.5329, -0.4337 0.8712 0.5329, -0.5366 0.8439 0.4847, -0.5413 0.8428 0.4863, -0.5454 0.8411 0.4889, -0.5485 0.8388 0.4923, -0.5505 0.8362 0.4963, -0.4477 0.8679 0.5007, -0.4477 0.8751 0.5069, -0.4429 0.8668 0.5023, -0.4429 0.8737 0.5082, -0.4388 0.8651 0.5049, -0.4388 0.8713 0.5103, -0.4357 0.8628 0.5083, -0.4357 0.8683 0.513, -0.4337 0.8602 0.5123, -0.4337 0.8648 0.5162, -0.4477 0.8806 0.5146, -0.4429 0.8788 0.5155, -0.4388 0.8761 0.517, -0.4357 0.8725 0.5189, -0.4337 0.8683 0.5212, -0.4477 0.884 0.5235, -0.4429 0.8821 0.5239, -0.4388 0.8791 0.5247, -0.4357 0.8751 0.5257, -0.4337 0.8705 0.5269, -0.5366 0.8365 0.4783, -0.5413 0.835 0.4796, -0.5454 0.8327 0.4817, -0.5485 0.8297 0.4844, -0.5505 0.8262 0.4876, -0.5366 0.8308 0.4703, -0.5413 0.8291 0.4712, -0.5454 0.8263 0.4727, -0.5485 0.8228 0.4746, -0.5505 0.8186 0.4768, -0.5366 0.8273 0.4611, -0.5413 0.8254 0.4616, -0.5454 0.8224 0.4623, -0.5485 0.8184 0.4633, -0.5505 0.8138 0.4645, -0.5366 0.8261 0.4514, -0.5413 0.8241 0.4514, -0.5454 0.821 0.4514, -0.5485 0.8169 0.4514, -0.5505 0.8122 0.4514, -0.4477 0.8439 0.4847, -0.4429 0.8428 0.4863, -0.4388 0.8411 0.4889, -0.4357 0.8388 0.4923, -0.4337 0.8362 0.4963, -0.5366 0.8261 0.1772, -0.5413 0.8241 0.1772, -0.5454 0.821 0.1772, -0.5485 0.8169 0.1772, -0.5505 0.8122 0.1772, -0.4337 0.8262 0.4876, -0.4357 0.8297 0.4844, -0.4388 0.8327 0.4817, -0.4429 0.835 0.4796, -0.4477 0.8365 0.4783, -0.4337 0.8186 0.4768, -0.4357 0.8228 0.4746, -0.4388 0.8263 0.4727, -0.4429 0.8291 0.4712, -0.4477 0.8308 0.4703, -0.4337 0.8138 0.4645, -0.4357 0.8184 0.4633, -0.4388 0.8224 0.4623, -0.4429 0.8254 0.4616, -0.4477 0.8273 0.4611, -0.4337 0.8122 0.4514, -0.4357 0.8169 0.4514, -0.4388 0.821 0.4514, -0.4429 0.8241 0.4514, -0.4477 0.8261 0.4514, -0.5505 0.8135 0.1652, -0.5485 0.8182 0.1662, -0.5454 0.8221 0.1671, -0.5413 0.8252 0.1678, -0.5366 0.8271 0.1683, -0.5366 0.8301 0.1598, -0.5366 0.8348 0.1522, -0.5366 0.8412 0.1459, -0.5366 0.8488 0.1411, -0.5366 0.8572 0.1381, -0.5366 0.8661 0.1371, -0.5413 0.8283 0.1589, -0.5413 0.8333 0.151, -0.5413 0.84 0.1443, -0.5413 0.8479 0.1393, -0.5413 0.8568 0.1362, -0.5413 0.8661 0.1352, -0.5454 0.8255 0.1576, -0.5454 0.8309 0.149, -0.5454 0.838 0.1419, -0.5454 0.8466 0.1365, -0.5454 0.8561 0.1332, -0.5454 0.8661 0.132, -0.5485 0.8218 0.1558, -0.5485 0.8277 0.1465, -0.5485 0.8355 0.1387, -0.5485 0.8448 0.1328, -0.5485 0.8552 0.1292, -0.5485 0.8661 0.128, -0.5505 0.8175 0.1538, -0.5505 0.824 0.1435, -0.5505 0.8325 0.135, -0.5505 0.8427 0.1285, -0.5505 0.8541 0.1246, -0.5505 0.8661 0.1232, -0.54 0.6693 0.4269, -0.5413 0.6693 0.4282, -0.5413 0.6757 0.4181, -0.5505 0.686 0.4241, -0.5488 0.6693 0.4406, -0.55 0.6693 0.4446, -0.5503 0.6693 0.4471, -0.5452 0.6693 0.4329, -0.5454 0.6693 0.4334, -0.5454 0.6784 0.4197, -0.5485 0.6819 0.4217, -0.5437 0.6693 0.4308, -0.5366 0.674 0.4171, -0.5366 0.6693 0.4247, -0.5394 0.6693 0.4264, -0.5327 0.6693 0.4235, -0.5353 0.6693 0.4241, -0.5364 0.6693 0.4246, -0.5366 0.6857 0.3887, -0.5505 0.6991 0.3922, -0.5505 0.7036 0.3581, -0.5485 0.6945 0.391, -0.5485 0.6988 0.3581, -0.5454 0.6906 0.39, -0.5454 0.6947 0.3581, -0.5413 0.6876 0.3892, -0.5413 0.6916 0.3581, -0.5366 0.6896 0.3581, -0.4477 0.8261 0.1772, -0.4429 0.8241 0.1772, -0.4388 0.821 0.1772, -0.4357 0.8169 0.1772, -0.4337 0.8122 0.1772, -0.5366 1.2205 0.1371, -0.5413 1.2205 0.1352, -0.5454 1.2205 0.132, -0.5485 1.2205 0.128, -0.5505 1.2205 0.1232, -0.5366 0.6896 0.1181, -0.5413 0.6916 0.1181, -0.5454 0.6947 0.1181, -0.5485 0.6988 0.1181, -0.5505 0.7036 0.1181, -0.4477 0.8271 0.1683, -0.4429 0.8252 0.1678, -0.4388 0.8221 0.1671, -0.4357 0.8182 0.1662, -0.4337 0.8135 0.1652, -0.4337 0.8175 0.1538, -0.4337 0.824 0.1435, -0.4337 0.8325 0.135, -0.4337 0.8427 0.1285, -0.4337 0.8541 0.1246, -0.4337 0.8661 0.1232, -0.4357 0.8218 0.1558, -0.4357 0.8277 0.1465, -0.4357 0.8355 0.1387, -0.4357 0.8448 0.1328, -0.4357 0.8552 0.1292, -0.4357 0.8661 0.128, -0.4388 0.8255 0.1576, -0.4388 0.8309 0.149, -0.4388 0.838 0.1419, -0.4388 0.8466 0.1365, -0.4388 0.8561 0.1332, -0.4388 0.8661 0.132, -0.4429 0.8283 0.1589, -0.4429 0.8333 0.151, -0.4429 0.84 0.1443, -0.4429 0.8479 0.1393, -0.4429 0.8568 0.1362, -0.4429 0.8661 0.1352, -0.4477 0.8301 0.1598, -0.4477 0.8348 0.1522, -0.4477 0.8412 0.1459, -0.4477 0.8488 0.1411, -0.4477 0.8572 0.1381, -0.4477 0.8661 0.1371, -0.5499 1.2254 0.1232, -0.54 1.2254 0.1352, -0.5359 1.223 0.1371, -0.5351 1.2241 0.1371, -0.5315 1.2256 0.1371, -0.5328 1.2254 0.1371, -0.5364 1.2218 0.1371, -0.541 1.223 0.1352, -0.5449 1.2241 0.132, -0.5385 1.2274 0.1352, -0.534 1.2249 0.1371, -0.5364 1.229 0.1352, -0.534 1.23 0.1352, -0.5315 1.2303 0.1352, -0.5436 1.2274 0.132, -0.5413 1.2303 0.132, -0.5385 1.2325 0.132, -0.5351 1.2339 0.132, -0.5315 1.2344 0.132, -0.548 1.2249 0.128, -0.5463 1.229 0.128, -0.5436 1.2325 0.128, -0.54 1.2352 0.128, -0.5359 1.2369 0.128, -0.5315 1.2375 0.128, -0.548 1.23 0.1232, -0.5449 1.2339 0.1232, -0.541 1.2369 0.1232, -0.5364 1.2388 0.1232, -0.5315 1.2395 0.1232, -0.5505 1.2256 0.1181, -0.5485 1.2303 0.1181, -0.5454 1.2344 0.1181, -0.5413 1.2375 0.1181, -0.5366 1.2395 0.1181, -0.5366 0.6926 0.092, -0.5413 0.6945 0.0924, -0.5454 0.6976 0.0931, -0.5485 0.7015 0.094, -0.5505 0.7062 0.0951, -0.5505 0.7138 0.0732, -0.5505 0.7262 0.0536, -0.5505 0.7425 0.0372, -0.5505 0.7622 0.0248, -0.5505 0.7841 0.0172, -0.5505 0.8071 0.0146, -0.5485 0.7095 0.0711, -0.5485 0.7224 0.0506, -0.5485 0.7396 0.0335, -0.5485 0.7601 0.0206, -0.5485 0.783 0.0126, -0.5485 0.8071 0.0098, -0.5454 0.7059 0.0694, -0.5454 0.7193 0.0481, -0.5454 0.737 0.0303, -0.5454 0.7583 0.0169, -0.5454 0.7821 0.0086, -0.5454 0.8071 0.0058, -0.5413 0.703 0.068, -0.5413 0.7168 0.0461, -0.5413 0.7351 0.0278, -0.5413 0.757 0.0141, -0.5413 0.7814 0.0055, -0.5413 0.8071 0.0026, -0.5366 0.7013 0.0672, -0.5366 0.7153 0.0449, -0.5366 0.7339 0.0263, -0.5366 0.7561 0.0123, -0.5366 0.781 0.0036, -0.5366 0.8071 0.0007, -0.4477 1.2205 0.1371, -0.4429 1.2205 0.1352, -0.4388 1.2205 0.132, -0.4357 1.2205 0.128, -0.4337 1.2205 0.1232, -0.4528 1.2395 0.1232, -0.4528 1.2375 0.128, -0.4528 1.2344 0.132, -0.4528 1.2303 0.1352, -0.4528 1.2256 0.1371, -0.5366 1.2395 0.0197, -0.5413 1.2375 0.0197, -0.5454 1.2344 0.0197, -0.5485 1.2303 0.0197, -0.5505 1.2256 0.0197, -0.5366 1.2205 0.0007, -0.5413 1.2205 0.0026, -0.5454 1.2205 0.0058, -0.5485 1.2205 0.0098, -0.5505 1.2205 0.0146, -0.4478 1.2388 0.1232, -0.4478 1.229 0.1352, -0.4502 1.2249 0.1371, -0.4492 1.2241 0.1371, -0.4478 1.2218 0.1371, -0.4514 1.2254 0.1371, -0.4502 1.23 0.1352, -0.4492 1.2339 0.132, -0.4458 1.2274 0.1352, -0.4483 1.223 0.1371, -0.4442 1.2254 0.1352, -0.4432 1.223 0.1352, -0.4458 1.2325 0.132, -0.4429 1.2303 0.132, -0.4407 1.2274 0.132, -0.4393 1.2241 0.132, -0.4483 1.2369 0.128, -0.4442 1.2352 0.128, -0.4407 1.2325 0.128, -0.438 1.229 0.128, -0.4363 1.2249 0.128, -0.4432 1.2369 0.1232, -0.4393 1.2339 0.1232, -0.4363 1.23 0.1232, -0.4344 1.2254 0.1232, -0.4477 1.2395 0.1181, -0.4429 1.2375 0.1181, -0.4388 1.2344 0.1181, -0.4357 1.2303 0.1181, -0.4337 1.2256 0.1181, -0.5499 1.2254 0.0146, -0.548 1.23 0.0146, -0.548 1.2249 0.0098, -0.5463 1.229 0.0098, -0.5449 1.2241 0.0058, -0.5436 1.2274 0.0058, -0.541 1.223 0.0026, -0.54 1.2254 0.0026, -0.5364 1.2218 0.0007, -0.5359 1.223 0.0007, -0.5449 1.2339 0.0146, -0.5436 1.2325 0.0098, -0.5413 1.2303 0.0058, -0.5385 1.2274 0.0026, -0.5351 1.2241 0.0007, -0.541 1.2369 0.0146, -0.5364 1.2388 0.0146, -0.54 1.2352 0.0098, -0.5359 1.2369 0.0098, -0.5385 1.2325 0.0058, -0.5351 1.2339 0.0058, -0.5364 1.229 0.0026, -0.534 1.23 0.0026, -0.534 1.2249 0.0007, -0.5328 1.2254 0.0007, -0.5315 1.2395 0.0146, -0.5315 1.2375 0.0098, -0.5315 1.2344 0.0058, -0.5315 1.2303 0.0026, -0.5315 1.2256 0.0007, -0.4477 1.2395 0.0197, -0.4429 1.2375 0.0197, -0.4388 1.2344 0.0197, -0.4357 1.2303 0.0197, -0.4337 1.2256 0.0197, -0.4528 1.2256 0.0007, -0.4528 1.2303 0.0026, -0.4528 1.2344 0.0058, -0.4528 1.2375 0.0098, -0.4528 1.2395 0.0146, -0.4478 1.2388 0.0146, -0.4432 1.2369 0.0146, -0.4483 1.2369 0.0098, -0.4442 1.2352 0.0098, -0.4492 1.2339 0.0058, -0.4458 1.2325 0.0058, -0.4502 1.23 0.0026, -0.4478 1.229 0.0026, -0.4514 1.2254 0.0007, -0.4502 1.2249 0.0007, -0.4393 1.2339 0.0146, -0.4407 1.2325 0.0098, -0.4429 1.2303 0.0058, -0.4458 1.2274 0.0026, -0.4492 1.2241 0.0007, -0.4363 1.23 0.0146, -0.4344 1.2254 0.0146, -0.438 1.229 0.0098, -0.4363 1.2249 0.0098, -0.4407 1.2274 0.0058, -0.4393 1.2241 0.0058, -0.4442 1.2254 0.0026, -0.4432 1.223 0.0026, -0.4483 1.223 0.0007, -0.4478 1.2218 0.0007, -0.4337 1.2205 0.0146, -0.4357 1.2205 0.0098, -0.4388 1.2205 0.0058, -0.4429 1.2205 0.0026, -0.4477 1.2205 0.0007, -0.4477 0.8071 0.0007, -0.4429 0.8071 0.0026, -0.4388 0.8071 0.0058, -0.4357 0.8071 0.0098, -0.4337 0.8071 0.0146, -0.4337 0.7036 0.1181, -0.4337 0.7062 0.0951, -0.4357 0.6988 0.1181, -0.4357 0.7015 0.094, -0.4388 0.6947 0.1181, -0.4388 0.6976 0.0931, -0.4429 0.6916 0.1181, -0.4429 0.6945 0.0924, -0.4477 0.6896 0.1181, -0.4477 0.6926 0.092, -0.4477 0.7013 0.0672, -0.4477 0.7153 0.0449, -0.4477 0.7339 0.0263, -0.4477 0.7561 0.0123, -0.4477 0.781 0.0036, -0.4429 0.703 0.068, -0.4429 0.7168 0.0461, -0.4429 0.7351 0.0278, -0.4429 0.757 0.0141, -0.4429 0.7814 0.0055, -0.4388 0.7059 0.0694, -0.4388 0.7193 0.0481, -0.4388 0.737 0.0303, -0.4388 0.7583 0.0169, -0.4388 0.7821 0.0086, -0.4357 0.7095 0.0711, -0.4357 0.7224 0.0506, -0.4357 0.7396 0.0335, -0.4357 0.7601 0.0206, -0.4357 0.783 0.0126, -0.4337 0.7138 0.0732, -0.4337 0.7262 0.0536, -0.4337 0.7425 0.0372, -0.4337 0.7622 0.0248, -0.4337 0.7841 0.0172, -0.4477 0.6896 0.3581, -0.4429 0.6916 0.3581, -0.4388 0.6947 0.3581, -0.4357 0.6988 0.3581, -0.4337 0.7036 0.3581, -0.4477 0.6857 0.3887, -0.4501 0.6693 0.4238, -0.4477 0.674 0.4171, -0.4489 0.6693 0.4241, -0.443 0.6693 0.4283, -0.4447 0.6693 0.4265, -0.4429 0.6757 0.4181, -0.4457 0.6693 0.4257, -0.4477 0.6693 0.4247, -0.4407 0.6693 0.4307, -0.4388 0.6784 0.4197, -0.4396 0.6693 0.4321, -0.439 0.6693 0.4335, -0.4357 0.6819 0.4217, -0.4356 0.6693 0.4402, -0.4346 0.6693 0.4433, -0.4337 0.686 0.4241, -0.434 0.6693 0.4471, -0.4331 0.6693 0.4531, -0.4429 0.6876 0.3892, -0.4388 0.6906 0.39, -0.4357 0.6945 0.391, -0.4337 0.6991 0.3922, -0.5505 0.4331 0.6857, -0.5512 -0.2362 0.6587, -0.5505 -0.2365 0.6637, -0.5505 -0.2365 0.6638, -0.5485 0.4331 0.6904, -0.5485 -0.2367 0.6685, -0.5485 -0.2367 0.6685, -0.5454 0.4331 0.6945, -0.5454 -0.2368 0.6725, -0.5414 -0.2368 0.6756, -0.5435 0.4331 0.6962, -0.5413 -0.2368 0.6757, -0.5413 0.4331 0.6976, -0.5367 -0.2367 0.6776, -0.539 0.4331 0.6988, -0.5366 -0.2367 0.6776, -0.5366 0.4331 0.6996, -0.5341 0.4331 0.7001, -0.4484 0.4331 0.6998, -0.4484 -0.2366 0.6777, -0.4476 -0.2367 0.6776, -0.4442 0.4331 0.6983, -0.4443 -0.2368 0.6762, -0.4429 -0.2368 0.6756, -0.4405 0.4331 0.696, -0.4406 -0.2368 0.6739, -0.4388 -0.2368 0.6725, -0.4374 0.4331 0.6929, -0.4375 -0.2368 0.6708, -0.4357 -0.2367 0.6685, -0.435 0.4331 0.6891, -0.4351 -0.2367 0.6671, -0.4338 -0.2365 0.6638, -0.4336 0.4331 0.685, -0.4337 -0.2365 0.663, -0.4331 -0.2362 0.6587, -0.5067 -0.4948 0.6439, -0.5247 -0.4946 0.6292, -0.5247 -0.4947 0.6295, -0.5229 -0.495 0.6336, -0.5227 -0.4951 0.6342, -0.5196 -0.4953 0.6382, -0.5165 -0.4953 0.6406, -0.5155 -0.4953 0.6413, -0.5151 -0.4953 0.6415, -0.512 -0.4952 0.6428, -0.5108 -0.4951 0.6433, -0.5106 -0.4951 0.6433, -0.5092 -0.495 0.6435, -0.5079 -0.4949 0.6437, -0.4784 -0.4991 0.6429, -0.5058 -0.4991 0.6429, -0.4784 -0.4993 0.6428, -0.5058 -0.4993 0.6428, -0.4784 -0.5033 0.6407, -0.5058 -0.5033 0.6407, -0.4784 -0.5034 0.6406, -0.5058 -0.5034 0.6406, -0.4784 -0.5069 0.6375, -0.5058 -0.5069 0.6375, -0.4784 -0.5069 0.6375, -0.5058 -0.5069 0.6375, -0.4784 -0.5096 0.6336, -0.5058 -0.5096 0.6336, -0.4784 -0.5096 0.6336, -0.5058 -0.5096 0.6336, -0.4784 -0.5112 0.6292, -0.5058 -0.5112 0.6292, -0.4784 -0.5112 0.6292, -0.5058 -0.5112 0.6292, -0.4691 -0.4953 0.6415, -0.4687 -0.4953 0.6413, -0.4776 -0.4948 0.6439, -0.4764 -0.4949 0.6437, -0.4751 -0.495 0.6435, -0.4737 -0.4951 0.6433, -0.4734 -0.4951 0.6433, -0.4723 -0.4952 0.6428, -0.4647 -0.4953 0.6382, -0.4678 -0.4953 0.6406, -0.4641 -0.4953 0.6375, -0.4616 -0.4951 0.6342, -0.4596 -0.4947 0.6295, -0.4595 -0.4946 0.6292, -0.5359 0.4331 0.4813, -0.5359 -0.2366 0.5034, -0.5367 -0.2367 0.5035, -0.54 0.4331 0.4828, -0.54 -0.2368 0.5049, -0.5414 -0.2368 0.5055, -0.5438 0.4331 0.4851, -0.5437 -0.2368 0.5072, -0.5454 -0.2368 0.5086, -0.5469 0.4331 0.4882, -0.5468 -0.2368 0.5103, -0.5485 -0.2367 0.5126, -0.5492 0.4331 0.492, -0.5491 -0.2367 0.514, -0.5505 -0.2365 0.5173, -0.5507 0.4331 0.4961, -0.5506 -0.2365 0.5181, -0.5512 -0.2362 0.5224, -0.5243 -0.4988 0.6245, -0.5222 -0.503 0.6245, -0.5218 -0.5027 0.6292, -0.5222 -0.5031 0.6245, -0.5191 -0.5067 0.6245, -0.5187 -0.5062 0.6292, -0.519 -0.5067 0.6245, -0.5151 -0.5095 0.6245, -0.5149 -0.509 0.6292, -0.5197 -0.497 0.6375, -0.5164 -0.4958 0.6407, -0.5244 -0.4986 0.6245, -0.5238 -0.4985 0.6292, -0.5223 -0.4979 0.6336, -0.5117 -0.496 0.6429, -0.5075 -0.4989 0.6429, -0.5085 -0.503 0.6407, -0.5094 -0.5064 0.6375, -0.5101 -0.509 0.6336, -0.5105 -0.5107 0.6292, -0.5106 -0.5112 0.6245, -0.5106 -0.5112 0.6245, -0.5151 -0.5095 0.6245, -0.5141 -0.5075 0.6336, -0.5128 -0.5051 0.6375, -0.5111 -0.502 0.6407, -0.5091 -0.4983 0.6429, -0.5176 -0.505 0.6336, -0.5158 -0.503 0.6375, -0.5134 -0.5004 0.6407, -0.5105 -0.4973 0.6429, -0.5204 -0.5017 0.6336, -0.5181 -0.5003 0.6375, -0.5152 -0.4983 0.6407, -0.4737 -0.5112 0.6245, -0.4736 -0.5112 0.6245, -0.4738 -0.5107 0.6292, -0.4692 -0.5095 0.6245, -0.4691 -0.5095 0.6245, -0.4694 -0.509 0.6292, -0.4652 -0.5067 0.6245, -0.4652 -0.5067 0.6245, -0.4656 -0.5062 0.6292, -0.4621 -0.5031 0.6245, -0.462 -0.503 0.6245, -0.4625 -0.5027 0.6292, -0.4599 -0.4988 0.6245, -0.4599 -0.4986 0.6245, -0.4604 -0.4985 0.6292, -0.4726 -0.496 0.6429, -0.4767 -0.4989 0.6429, -0.4691 -0.4983 0.6407, -0.4679 -0.4958 0.6407, -0.4645 -0.497 0.6375, -0.462 -0.4979 0.6336, -0.4757 -0.503 0.6407, -0.4748 -0.5064 0.6375, -0.4742 -0.509 0.6336, -0.4639 -0.5017 0.6336, -0.4661 -0.5003 0.6375, -0.4667 -0.505 0.6336, -0.4685 -0.503 0.6375, -0.4709 -0.5004 0.6407, -0.4737 -0.4973 0.6429, -0.4702 -0.5075 0.6336, -0.4715 -0.5051 0.6375, -0.4731 -0.502 0.6407, -0.4751 -0.4983 0.6429, -0.4337 0.4331 0.4954, -0.4331 -0.2362 0.5224, -0.4338 -0.2365 0.5174, -0.4338 -0.2365 0.5173, -0.4357 0.4331 0.4907, -0.4357 -0.2367 0.5126, -0.4357 -0.2367 0.5126, -0.4388 0.4331 0.4866, -0.4388 -0.2368 0.5086, -0.4429 -0.2368 0.5055, -0.4408 0.4331 0.4849, -0.4429 -0.2368 0.5054, -0.4429 0.4331 0.4835, -0.4476 -0.2367 0.5035, -0.4452 0.4331 0.4823, -0.4477 -0.2367 0.5035, -0.4477 0.4331 0.4815, -0.4502 0.4331 0.481, -0.5067 -0.4948 0.5372, -0.5079 -0.4949 0.5374, -0.5092 -0.495 0.5376, -0.5106 -0.4951 0.5378, -0.5108 -0.4951 0.5378, -0.512 -0.4952 0.5383, -0.5151 -0.4953 0.5396, -0.5155 -0.4953 0.5398, -0.5165 -0.4953 0.5405, -0.5196 -0.4953 0.5429, -0.5201 -0.4953 0.5436, -0.5227 -0.4951 0.5469, -0.5247 -0.4947 0.5516, -0.5247 -0.4946 0.5519, -0.5244 -0.4986 0.5566, -0.5243 -0.4988 0.5566, -0.5222 -0.503 0.5566, -0.5222 -0.5031 0.5566, -0.5191 -0.5067 0.5566, -0.519 -0.5067 0.5566, -0.5151 -0.5095 0.5566, -0.5151 -0.5095 0.5566, -0.5106 -0.5112 0.5566, -0.5106 -0.5112 0.5566, -0.4599 -0.4986 0.5566, -0.4599 -0.4988 0.5566, -0.462 -0.503 0.5566, -0.4621 -0.5031 0.5566, -0.4652 -0.5067 0.5566, -0.4652 -0.5067 0.5566, -0.4691 -0.5095 0.5566, -0.4692 -0.5095 0.5566, -0.4736 -0.5112 0.5566, -0.4737 -0.5112 0.5566, -0.4734 -0.4951 0.5378, -0.4595 -0.4946 0.5519, -0.4596 -0.4947 0.5516, -0.4613 -0.495 0.5475, -0.4616 -0.4951 0.5469, -0.4647 -0.4953 0.5429, -0.4678 -0.4953 0.5405, -0.4687 -0.4953 0.5398, -0.4723 -0.4952 0.5383, -0.4691 -0.4953 0.5396, -0.4737 -0.4951 0.5378, -0.4751 -0.495 0.5376, -0.4764 -0.4949 0.5374, -0.4776 -0.4948 0.5372, -0.5238 -0.4985 0.5519, -0.5218 -0.5027 0.5519, -0.5187 -0.5062 0.5519, -0.5149 -0.509 0.5519, -0.5117 -0.496 0.5382, -0.5075 -0.4989 0.5382, -0.5152 -0.4983 0.5404, -0.5164 -0.4958 0.5404, -0.5197 -0.497 0.5436, -0.5223 -0.4979 0.5475, -0.5105 -0.5107 0.5519, -0.5058 -0.5112 0.5519, -0.5101 -0.509 0.5475, -0.5058 -0.5096 0.5475, -0.5058 -0.5112 0.5519, -0.5094 -0.5064 0.5436, -0.5058 -0.5069 0.5436, -0.5058 -0.5096 0.5475, -0.5085 -0.503 0.5404, -0.5058 -0.5034 0.5405, -0.5058 -0.5069 0.5436, -0.5204 -0.5017 0.5475, -0.5181 -0.5003 0.5436, -0.5058 -0.4991 0.5382, -0.5058 -0.4993 0.5383, -0.5058 -0.5033 0.5404, -0.5141 -0.5075 0.5475, -0.5128 -0.5051 0.5436, -0.5111 -0.502 0.5404, -0.5091 -0.4983 0.5382, -0.5176 -0.505 0.5475, -0.5158 -0.503 0.5436, -0.5134 -0.5004 0.5404, -0.5105 -0.4973 0.5382, -0.4604 -0.4985 0.5519, -0.462 -0.4979 0.5475, -0.4679 -0.4958 0.5404, -0.4726 -0.496 0.5382, -0.4737 -0.4973 0.5382, -0.4751 -0.4983 0.5382, -0.4767 -0.4989 0.5382, -0.4784 -0.4991 0.5382, -0.4625 -0.5027 0.5519, -0.4656 -0.5062 0.5519, -0.4694 -0.509 0.5519, -0.4738 -0.5107 0.5519, -0.4784 -0.5112 0.5519, -0.4639 -0.5017 0.5475, -0.4667 -0.505 0.5475, -0.4702 -0.5075 0.5475, -0.4742 -0.509 0.5475, -0.4784 -0.5112 0.5519, -0.4784 -0.5096 0.5475, -0.4784 -0.5096 0.5475, -0.4784 -0.5069 0.5436, -0.4748 -0.5064 0.5436, -0.4715 -0.5051 0.5436, -0.4685 -0.503 0.5436, -0.4661 -0.5003 0.5436, -0.4645 -0.497 0.5436, -0.4691 -0.4983 0.5404, -0.4709 -0.5004 0.5404, -0.4731 -0.502 0.5404, -0.4757 -0.503 0.5404, -0.4784 -0.5069 0.5436, -0.4784 -0.5034 0.5405, -0.4784 -0.5033 0.5404, -0.4784 -0.4993 0.5383, -0.4784 -0.4993 0.5383
            ]
        }
        coordIndex [
            0,1,2,-1,2,1,3,-1,2,3,4,-1,2,4,5,-1,5,4,6,-1,5,6,7,-1,7,6,8,-1,7,8,9,-1,9,8,10,-1,9,10,11,-1,11,10,12,-1,11,12,13,-1,13,12,14,-1,13,14,15,-1,15,14,16,-1,15,16,17,-1,17,16,18,-1,18,16,19,-1,20,21,22,-1,22,21,23,-1,24,25,26,-1,26,25,27,-1,25,24,28,-1,28,24,29,-1,28,29,30,-1,30,29,31,-1,30,31,32,-1,32,31,33,-1,32,33,34,-1,34,33,35,-1,34,35,36,-1,36,35,37,-1,36,37,38,-1,38,37,39,-1,38,39,40,-1,40,39,41,-1,42,43,41,-1,41,43,40,-1,43,42,44,-1,44,42,45,-1,44,45,46,-1,46,45,47,-1,46,47,48,-1,48,47,49,-1,48,49,50,-1,50,49,51,-1,52,53,51,-1,51,53,50,-1,53,52,54,-1,53,54,55,-1,55,54,56,-1,55,56,57,-1,57,56,58,-1,57,58,59,-1,59,58,60,-1,59,60,61,-1,62,63,60,-1,60,63,61,-1,63,62,64,-1,63,64,65,-1,65,64,66,-1,65,66,67,-1,67,66,68,-1,67,68,69,-1,69,68,70,-1,69,70,71,-1,72,73,70,-1,70,73,71,-1,73,72,74,-1,74,72,75,-1,74,75,76,-1,76,75,77,-1,76,77,78,-1,78,77,79,-1,78,79,80,-1,80,79,81,-1,82,83,81,-1,81,83,80,-1,83,82,84,-1,83,84,85,-1,85,84,86,-1,85,86,87,-1,87,86,88,-1,87,88,89,-1,89,88,90,-1,89,90,91,-1,91,90,92,-1,91,92,93,-1,93,92,94,-1,93,94,95,-1,95,94,96,-1,95,96,97,-1,98,99,96,-1,96,99,97,-1,100,101,102,-1,102,101,103,-1,104,105,103,-1,103,105,99,-1,103,99,102,-1,104,106,105,-1,105,106,107,-1,105,107,108,-1,109,110,111,-1,111,110,112,-1,99,98,102,-1,102,98,110,-1,102,110,113,-1,113,110,109,-1,114,115,116,-1,116,115,117,-1,116,117,118,-1,118,117,119,-1,118,119,120,-1,120,119,121,-1,122,123,124,-1,116,125,114,-1,114,125,126,-1,114,126,127,-1,127,126,128,-1,127,128,129,-1,129,128,130,-1,131,132,133,-1,133,132,134,-1,133,134,135,-1,135,134,136,-1,135,136,130,-1,130,136,137,-1,130,137,129,-1,138,139,140,-1,140,139,131,-1,140,131,141,-1,141,131,133,-1,142,143,144,-1,144,143,145,-1,144,145,122,-1,122,145,146,-1,122,146,123,-1,147,119,148,-1,148,119,122,-1,121,119,149,-1,149,119,147,-1,149,147,150,-1,150,147,151,-1,150,151,152,-1,142,153,143,-1,143,153,100,-1,143,100,154,-1,154,100,102,-1,124,155,122,-1,122,155,156,-1,122,156,157,-1,157,158,122,-1,122,158,159,-1,122,159,148,-1,102,160,154,-1,154,160,161,-1,154,161,162,-1,162,161,163,-1,163,164,162,-1,162,164,165,-1,162,165,166,-1,167,168,169,-1,170,171,172,-1,172,171,173,-1,172,173,174,-1,174,173,175,-1,174,175,176,-1,167,169,177,-1,178,179,180,-1,101,181,182,-1,182,181,183,-1,182,183,184,-1,184,183,185,-1,184,185,186,-1,186,185,187,-1,186,187,188,-1,180,189,178,-1,178,189,190,-1,178,190,191,-1,191,190,192,-1,191,192,193,-1,193,192,176,-1,193,176,194,-1,194,176,175,-1,195,103,101,-1,169,196,177,-1,177,196,197,-1,177,197,198,-1,198,197,170,-1,198,170,199,-1,199,170,172,-1,169,200,201,-1,168,202,169,-1,169,202,203,-1,169,203,200,-1,200,203,204,-1,200,204,205,-1,205,204,206,-1,201,207,169,-1,169,207,208,-1,169,208,209,-1,209,210,169,-1,169,210,211,-1,169,211,187,-1,187,211,212,-1,187,212,188,-1,101,182,195,-1,195,182,213,-1,195,213,214,-1,195,215,216,-1,216,215,217,-1,214,218,195,-1,195,218,219,-1,195,219,215,-1,220,221,222,-1,222,221,223,-1,222,223,224,-1,224,223,225,-1,224,225,226,-1,226,225,227,-1,226,227,228,-1,228,227,229,-1,228,229,0,-1,0,229,1,-1,101,100,181,-1,181,100,153,-1,181,153,183,-1,183,153,142,-1,183,142,185,-1,185,142,144,-1,230,231,232,-1,232,231,233,-1,234,235,236,-1,236,235,237,-1,238,239,240,-1,240,239,241,-1,242,243,244,-1,244,243,245,-1,246,247,248,-1,248,247,249,-1,250,251,241,-1,241,251,252,-1,241,252,240,-1,240,252,253,-1,245,254,255,-1,256,257,255,-1,255,257,244,-1,255,244,245,-1,258,259,260,-1,260,248,258,-1,258,248,249,-1,258,249,261,-1,230,262,263,-1,230,263,231,-1,231,263,264,-1,231,264,265,-1,98,96,266,-1,98,266,110,-1,110,266,267,-1,110,267,112,-1,112,267,268,-1,112,268,111,-1,111,268,269,-1,111,269,109,-1,109,269,270,-1,109,270,113,-1,113,270,160,-1,113,160,102,-1,82,271,272,-1,271,273,274,-1,273,275,276,-1,275,277,278,-1,277,279,280,-1,279,154,162,-1,279,162,280,-1,280,162,166,-1,280,166,281,-1,281,166,165,-1,281,165,282,-1,282,165,164,-1,282,164,283,-1,283,164,163,-1,283,163,284,-1,284,163,161,-1,284,161,285,-1,285,161,160,-1,285,160,270,-1,277,280,278,-1,278,280,281,-1,278,281,286,-1,286,281,282,-1,286,282,287,-1,287,282,283,-1,287,283,288,-1,288,283,284,-1,288,284,289,-1,289,284,285,-1,289,285,290,-1,290,285,270,-1,290,270,269,-1,275,278,276,-1,276,278,286,-1,276,286,291,-1,291,286,287,-1,291,287,292,-1,292,287,288,-1,292,288,293,-1,293,288,289,-1,293,289,294,-1,294,289,290,-1,294,290,295,-1,295,290,269,-1,295,269,268,-1,273,276,274,-1,274,276,291,-1,274,291,296,-1,296,291,292,-1,296,292,297,-1,297,292,293,-1,297,293,298,-1,298,293,294,-1,298,294,299,-1,299,294,295,-1,299,295,300,-1,300,295,268,-1,300,268,267,-1,271,274,272,-1,272,274,296,-1,272,296,301,-1,301,296,297,-1,301,297,302,-1,302,297,298,-1,302,298,303,-1,303,298,299,-1,303,299,304,-1,304,299,300,-1,304,300,305,-1,305,300,267,-1,305,267,266,-1,82,272,84,-1,84,272,301,-1,84,301,86,-1,86,301,302,-1,86,302,88,-1,88,302,303,-1,88,303,90,-1,90,303,304,-1,90,304,92,-1,92,304,305,-1,92,305,94,-1,94,305,266,-1,94,266,96,-1,97,99,105,-1,97,105,306,-1,306,105,108,-1,306,108,307,-1,307,108,107,-1,307,107,308,-1,308,107,106,-1,308,106,309,-1,309,106,104,-1,309,104,310,-1,310,104,103,-1,310,103,195,-1,82,81,311,-1,82,311,271,-1,271,311,312,-1,271,312,273,-1,273,312,313,-1,273,313,275,-1,275,313,314,-1,275,314,277,-1,277,314,315,-1,277,315,279,-1,279,315,143,-1,279,143,154,-1,213,316,317,-1,316,318,319,-1,318,320,321,-1,320,322,323,-1,322,324,325,-1,324,83,85,-1,324,85,325,-1,325,85,87,-1,325,87,326,-1,326,87,89,-1,326,89,327,-1,327,89,91,-1,327,91,328,-1,328,91,93,-1,328,93,329,-1,329,93,95,-1,329,95,330,-1,330,95,97,-1,330,97,306,-1,322,325,323,-1,323,325,326,-1,323,326,331,-1,331,326,327,-1,331,327,332,-1,332,327,328,-1,332,328,333,-1,333,328,329,-1,333,329,334,-1,334,329,330,-1,334,330,335,-1,335,330,306,-1,335,306,307,-1,320,323,321,-1,321,323,331,-1,321,331,336,-1,336,331,332,-1,336,332,337,-1,337,332,333,-1,337,333,338,-1,338,333,334,-1,338,334,339,-1,339,334,335,-1,339,335,340,-1,340,335,307,-1,340,307,308,-1,318,321,319,-1,319,321,336,-1,319,336,341,-1,341,336,337,-1,341,337,342,-1,342,337,338,-1,342,338,343,-1,343,338,339,-1,343,339,344,-1,344,339,340,-1,344,340,345,-1,345,340,308,-1,345,308,309,-1,316,319,317,-1,317,319,341,-1,317,341,346,-1,346,341,342,-1,346,342,347,-1,347,342,343,-1,347,343,348,-1,348,343,344,-1,348,344,349,-1,349,344,345,-1,349,345,350,-1,350,345,309,-1,350,309,310,-1,213,317,214,-1,214,317,346,-1,214,346,218,-1,218,346,347,-1,218,347,219,-1,219,347,348,-1,219,348,215,-1,215,348,349,-1,215,349,217,-1,217,349,350,-1,217,350,216,-1,216,350,310,-1,216,310,195,-1,81,79,311,-1,311,79,351,-1,311,351,312,-1,312,351,352,-1,312,352,313,-1,313,352,353,-1,313,353,314,-1,314,353,354,-1,314,354,315,-1,315,354,355,-1,315,355,143,-1,143,355,145,-1,79,77,351,-1,351,77,356,-1,351,356,352,-1,352,356,357,-1,352,357,353,-1,353,357,358,-1,353,358,354,-1,354,358,359,-1,354,359,355,-1,355,359,360,-1,355,360,145,-1,145,360,146,-1,77,75,356,-1,356,75,361,-1,356,361,357,-1,357,361,362,-1,357,362,358,-1,358,362,363,-1,358,363,359,-1,359,363,364,-1,359,364,360,-1,360,364,365,-1,360,365,146,-1,146,365,123,-1,75,72,361,-1,361,72,366,-1,361,366,362,-1,362,366,367,-1,362,367,363,-1,363,367,368,-1,363,368,364,-1,364,368,369,-1,364,369,365,-1,365,369,370,-1,365,370,123,-1,123,370,124,-1,371,80,83,-1,371,83,372,-1,372,83,324,-1,372,324,373,-1,373,324,374,-1,374,324,322,-1,374,322,375,-1,375,322,320,-1,375,320,376,-1,376,320,377,-1,377,320,318,-1,377,318,378,-1,378,318,379,-1,379,318,316,-1,379,316,380,-1,380,316,381,-1,381,316,213,-1,381,213,182,-1,72,70,382,-1,72,382,366,-1,366,382,383,-1,366,383,367,-1,367,383,384,-1,367,384,368,-1,368,384,385,-1,368,385,369,-1,369,385,386,-1,369,386,370,-1,370,386,155,-1,370,155,124,-1,387,188,212,-1,182,184,381,-1,381,184,388,-1,381,388,380,-1,380,388,389,-1,212,390,387,-1,387,390,391,-1,387,391,392,-1,393,378,389,-1,389,378,379,-1,389,379,380,-1,391,394,392,-1,392,394,395,-1,392,395,396,-1,397,376,393,-1,393,376,377,-1,393,377,378,-1,395,398,396,-1,396,398,399,-1,396,399,400,-1,372,373,401,-1,401,373,374,-1,401,374,397,-1,397,374,375,-1,397,375,376,-1,184,186,388,-1,388,186,402,-1,388,402,389,-1,389,402,403,-1,389,403,393,-1,393,403,404,-1,393,404,397,-1,397,404,405,-1,397,405,401,-1,401,405,406,-1,186,188,402,-1,402,188,387,-1,402,387,403,-1,403,387,392,-1,403,392,404,-1,404,392,396,-1,404,396,405,-1,405,396,400,-1,405,400,406,-1,406,400,407,-1,80,371,408,-1,408,371,372,-1,399,409,400,-1,400,409,410,-1,400,410,407,-1,407,410,411,-1,407,411,412,-1,372,401,408,-1,408,401,406,-1,408,406,413,-1,413,406,407,-1,413,407,414,-1,414,407,412,-1,414,412,415,-1,80,408,78,-1,78,408,413,-1,78,413,76,-1,76,413,414,-1,76,414,74,-1,74,414,415,-1,74,415,73,-1,159,158,416,-1,416,158,417,-1,416,417,418,-1,418,417,419,-1,418,419,420,-1,420,419,421,-1,420,421,422,-1,422,421,423,-1,422,423,424,-1,424,423,425,-1,424,425,62,-1,62,425,64,-1,158,157,417,-1,417,157,426,-1,417,426,419,-1,419,426,427,-1,419,427,421,-1,421,427,428,-1,421,428,423,-1,423,428,429,-1,423,429,425,-1,425,429,430,-1,425,430,64,-1,64,430,66,-1,157,156,426,-1,426,156,431,-1,426,431,427,-1,427,431,432,-1,427,432,428,-1,428,432,433,-1,428,433,429,-1,429,433,434,-1,429,434,430,-1,430,434,435,-1,430,435,66,-1,66,435,68,-1,156,155,431,-1,431,155,386,-1,431,386,432,-1,432,386,385,-1,432,385,433,-1,433,385,384,-1,433,384,434,-1,434,384,383,-1,434,383,435,-1,435,383,382,-1,435,382,68,-1,68,382,70,-1,73,415,71,-1,71,415,436,-1,415,412,436,-1,436,412,411,-1,436,411,437,-1,411,410,437,-1,437,410,409,-1,437,409,438,-1,409,399,438,-1,438,399,398,-1,438,398,439,-1,398,395,439,-1,439,395,394,-1,439,394,440,-1,212,211,390,-1,390,211,440,-1,390,440,391,-1,391,440,394,-1,62,60,441,-1,62,441,424,-1,424,441,442,-1,424,442,422,-1,422,442,443,-1,422,443,420,-1,420,443,444,-1,420,444,418,-1,418,444,445,-1,418,445,416,-1,416,445,148,-1,416,148,159,-1,63,65,446,-1,446,65,447,-1,446,447,448,-1,448,447,449,-1,448,449,450,-1,450,449,451,-1,450,451,452,-1,452,451,453,-1,452,453,454,-1,454,453,455,-1,454,455,207,-1,207,455,208,-1,65,67,447,-1,447,67,456,-1,447,456,449,-1,449,456,457,-1,449,457,451,-1,451,457,458,-1,451,458,453,-1,453,458,459,-1,453,459,455,-1,455,459,460,-1,455,460,208,-1,208,460,209,-1,67,69,456,-1,456,69,461,-1,456,461,457,-1,457,461,462,-1,457,462,458,-1,458,462,463,-1,458,463,459,-1,459,463,464,-1,459,464,460,-1,460,464,465,-1,460,465,209,-1,209,465,210,-1,69,71,461,-1,461,71,436,-1,461,436,462,-1,462,436,437,-1,462,437,463,-1,463,437,438,-1,463,438,464,-1,464,438,439,-1,464,439,465,-1,465,439,440,-1,465,440,210,-1,210,440,211,-1,150,152,466,-1,466,152,467,-1,466,467,468,-1,468,467,469,-1,468,469,470,-1,470,469,471,-1,470,471,472,-1,472,471,473,-1,472,473,474,-1,474,473,475,-1,474,475,52,-1,52,475,54,-1,152,151,467,-1,467,151,476,-1,467,476,469,-1,469,476,477,-1,469,477,471,-1,471,477,478,-1,471,478,473,-1,473,478,479,-1,473,479,475,-1,475,479,480,-1,475,480,54,-1,54,480,56,-1,151,147,476,-1,476,147,481,-1,476,481,477,-1,477,481,482,-1,477,482,478,-1,478,482,483,-1,478,483,479,-1,479,483,484,-1,479,484,480,-1,480,484,485,-1,480,485,56,-1,56,485,58,-1,147,148,481,-1,481,148,445,-1,481,445,482,-1,482,445,444,-1,482,444,483,-1,483,444,443,-1,483,443,484,-1,484,443,442,-1,484,442,485,-1,485,442,441,-1,485,441,58,-1,58,441,60,-1,61,63,446,-1,61,446,486,-1,486,446,448,-1,486,448,487,-1,487,448,450,-1,487,450,488,-1,488,450,452,-1,488,452,489,-1,489,452,454,-1,489,454,490,-1,490,454,207,-1,490,207,201,-1,52,51,491,-1,52,491,474,-1,474,491,492,-1,474,492,472,-1,472,492,493,-1,472,493,470,-1,470,493,494,-1,470,494,468,-1,468,494,495,-1,468,495,466,-1,466,495,149,-1,466,149,150,-1,53,55,496,-1,496,55,497,-1,496,497,498,-1,498,497,499,-1,498,499,500,-1,500,499,501,-1,500,501,502,-1,502,501,503,-1,502,503,504,-1,504,503,505,-1,504,505,204,-1,204,505,206,-1,55,57,497,-1,497,57,506,-1,497,506,499,-1,499,506,507,-1,499,507,501,-1,501,507,508,-1,501,508,503,-1,503,508,509,-1,503,509,505,-1,505,509,510,-1,505,510,206,-1,206,510,205,-1,57,59,506,-1,506,59,511,-1,506,511,507,-1,507,511,512,-1,507,512,508,-1,508,512,513,-1,508,513,509,-1,509,513,514,-1,509,514,510,-1,510,514,515,-1,510,515,205,-1,205,515,200,-1,59,61,511,-1,511,61,486,-1,511,486,512,-1,512,486,487,-1,512,487,513,-1,513,487,488,-1,513,488,514,-1,514,488,489,-1,514,489,515,-1,515,489,490,-1,515,490,200,-1,200,490,201,-1,51,49,491,-1,491,49,516,-1,491,516,492,-1,492,516,517,-1,492,517,493,-1,493,517,518,-1,493,518,494,-1,494,518,519,-1,494,519,495,-1,495,519,520,-1,495,520,149,-1,149,520,121,-1,49,47,516,-1,516,47,521,-1,516,521,517,-1,517,521,522,-1,517,522,518,-1,518,522,523,-1,518,523,519,-1,519,523,524,-1,519,524,520,-1,520,524,525,-1,520,525,121,-1,121,525,120,-1,47,45,521,-1,521,45,526,-1,521,526,522,-1,522,526,527,-1,522,527,523,-1,523,527,528,-1,523,528,524,-1,524,528,529,-1,524,529,525,-1,525,529,530,-1,525,530,120,-1,120,530,118,-1,45,42,526,-1,526,42,531,-1,526,531,527,-1,527,531,532,-1,527,532,528,-1,528,532,533,-1,528,533,529,-1,529,533,534,-1,529,534,530,-1,530,534,535,-1,530,535,118,-1,118,535,116,-1,50,53,496,-1,50,496,536,-1,536,496,498,-1,536,498,537,-1,537,498,500,-1,537,500,538,-1,538,500,502,-1,538,502,539,-1,539,502,504,-1,539,504,540,-1,540,504,204,-1,540,204,203,-1,42,41,541,-1,42,541,531,-1,531,541,542,-1,531,542,532,-1,532,542,543,-1,532,543,533,-1,533,543,544,-1,533,544,534,-1,534,544,545,-1,534,545,535,-1,535,545,125,-1,535,125,116,-1,203,202,540,-1,540,202,546,-1,540,546,539,-1,539,546,547,-1,539,547,538,-1,538,547,548,-1,538,548,537,-1,537,548,549,-1,537,549,536,-1,536,549,550,-1,536,550,50,-1,50,550,48,-1,202,168,546,-1,546,168,551,-1,546,551,547,-1,547,551,552,-1,547,552,548,-1,548,552,553,-1,548,553,549,-1,549,553,554,-1,549,554,550,-1,550,554,555,-1,550,555,48,-1,48,555,46,-1,168,167,551,-1,551,167,556,-1,551,556,552,-1,552,556,557,-1,552,557,553,-1,553,557,558,-1,553,558,554,-1,554,558,559,-1,554,559,555,-1,555,559,560,-1,555,560,46,-1,46,560,44,-1,167,177,556,-1,556,177,561,-1,556,561,557,-1,557,561,562,-1,557,562,558,-1,558,562,563,-1,558,563,559,-1,559,563,564,-1,559,564,560,-1,560,564,565,-1,560,565,44,-1,44,565,43,-1,125,545,566,-1,545,544,567,-1,544,543,568,-1,543,542,569,-1,542,541,570,-1,541,41,39,-1,541,39,570,-1,570,39,37,-1,570,37,571,-1,571,37,35,-1,571,35,572,-1,572,35,33,-1,572,33,573,-1,573,33,31,-1,573,31,574,-1,574,31,29,-1,574,29,575,-1,575,29,24,-1,575,24,576,-1,542,570,569,-1,569,570,571,-1,569,571,577,-1,577,571,572,-1,577,572,578,-1,578,572,573,-1,578,573,579,-1,579,573,574,-1,579,574,580,-1,580,574,575,-1,580,575,581,-1,581,575,576,-1,581,576,582,-1,543,569,568,-1,568,569,577,-1,568,577,583,-1,583,577,578,-1,583,578,584,-1,584,578,579,-1,584,579,585,-1,585,579,580,-1,585,580,586,-1,586,580,581,-1,586,581,587,-1,587,581,582,-1,587,582,588,-1,544,568,567,-1,567,568,583,-1,567,583,589,-1,589,583,584,-1,589,584,590,-1,590,584,585,-1,590,585,591,-1,591,585,586,-1,591,586,592,-1,592,586,587,-1,592,587,593,-1,593,587,588,-1,593,588,594,-1,545,567,566,-1,566,567,589,-1,566,589,595,-1,595,589,590,-1,595,590,596,-1,596,590,591,-1,596,591,597,-1,597,591,592,-1,597,592,598,-1,598,592,593,-1,598,593,599,-1,599,593,594,-1,599,594,600,-1,125,566,126,-1,126,566,595,-1,126,595,128,-1,128,595,596,-1,128,596,130,-1,130,596,597,-1,130,597,135,-1,135,597,598,-1,135,598,133,-1,133,598,599,-1,133,599,141,-1,141,599,600,-1,141,600,140,-1,601,602,603,-1,122,119,604,-1,605,606,604,-1,604,606,607,-1,604,607,122,-1,608,609,610,-1,610,609,605,-1,610,605,611,-1,611,605,604,-1,603,602,610,-1,610,602,612,-1,610,612,608,-1,613,614,603,-1,603,614,615,-1,603,615,601,-1,616,617,613,-1,613,617,618,-1,613,618,614,-1,1,229,619,-1,221,616,223,-1,223,616,613,-1,223,613,225,-1,225,613,227,-1,117,115,620,-1,620,115,621,-1,620,621,622,-1,622,621,623,-1,622,623,624,-1,624,623,625,-1,624,625,626,-1,626,625,627,-1,626,627,619,-1,619,627,628,-1,619,628,1,-1,229,227,619,-1,619,227,613,-1,619,613,626,-1,626,613,603,-1,626,603,624,-1,624,603,610,-1,624,610,622,-1,622,610,611,-1,622,611,620,-1,620,611,604,-1,620,604,117,-1,117,604,119,-1,40,43,565,-1,40,565,629,-1,629,565,564,-1,629,564,630,-1,630,564,563,-1,630,563,631,-1,631,563,562,-1,631,562,632,-1,632,562,561,-1,632,561,633,-1,633,561,177,-1,633,177,198,-1,24,26,634,-1,24,634,576,-1,576,634,635,-1,576,635,582,-1,582,635,636,-1,582,636,588,-1,588,636,637,-1,588,637,594,-1,594,637,638,-1,594,638,600,-1,600,638,138,-1,600,138,140,-1,3,1,628,-1,3,628,639,-1,639,628,627,-1,639,627,640,-1,640,627,625,-1,640,625,641,-1,641,625,623,-1,641,623,642,-1,642,623,621,-1,642,621,643,-1,643,621,115,-1,643,115,114,-1,40,629,644,-1,629,630,645,-1,630,631,646,-1,631,632,647,-1,632,633,648,-1,633,198,199,-1,633,199,648,-1,648,199,172,-1,648,172,649,-1,649,172,174,-1,649,174,650,-1,650,174,176,-1,650,176,651,-1,651,176,192,-1,651,192,652,-1,652,192,190,-1,652,190,653,-1,653,190,189,-1,653,189,654,-1,632,648,647,-1,647,648,649,-1,647,649,655,-1,655,649,650,-1,655,650,656,-1,656,650,651,-1,656,651,657,-1,657,651,652,-1,657,652,658,-1,658,652,653,-1,658,653,659,-1,659,653,654,-1,659,654,660,-1,631,647,646,-1,646,647,655,-1,646,655,661,-1,661,655,656,-1,661,656,662,-1,662,656,657,-1,662,657,663,-1,663,657,658,-1,663,658,664,-1,664,658,659,-1,664,659,665,-1,665,659,660,-1,665,660,666,-1,630,646,645,-1,645,646,661,-1,645,661,667,-1,667,661,662,-1,667,662,668,-1,668,662,663,-1,668,663,669,-1,669,663,664,-1,669,664,670,-1,670,664,665,-1,670,665,671,-1,671,665,666,-1,671,666,672,-1,629,645,644,-1,644,645,667,-1,644,667,673,-1,673,667,668,-1,673,668,674,-1,674,668,669,-1,674,669,675,-1,675,669,670,-1,675,670,676,-1,676,670,671,-1,676,671,677,-1,677,671,672,-1,677,672,678,-1,40,644,38,-1,38,644,673,-1,38,673,36,-1,36,673,674,-1,36,674,34,-1,34,674,675,-1,34,675,32,-1,32,675,676,-1,32,676,30,-1,30,676,677,-1,30,677,28,-1,28,677,678,-1,28,678,25,-1,138,638,679,-1,680,681,682,-1,26,683,684,-1,682,681,26,-1,685,26,681,-1,685,681,686,-1,686,681,680,-1,686,680,687,-1,634,26,685,-1,688,689,690,-1,690,689,684,-1,690,684,691,-1,691,684,683,-1,691,683,692,-1,634,685,635,-1,635,685,686,-1,635,686,636,-1,636,686,687,-1,636,687,637,-1,693,688,694,-1,694,688,690,-1,694,690,695,-1,695,690,691,-1,695,691,696,-1,696,691,692,-1,696,692,697,-1,698,693,699,-1,699,693,694,-1,699,694,700,-1,700,694,695,-1,700,695,701,-1,701,695,696,-1,701,696,702,-1,702,696,697,-1,702,697,703,-1,638,698,679,-1,679,698,699,-1,679,699,704,-1,704,699,700,-1,704,700,705,-1,705,700,701,-1,705,701,706,-1,706,701,702,-1,706,702,707,-1,707,702,703,-1,707,703,708,-1,138,679,709,-1,709,679,704,-1,709,704,710,-1,710,704,705,-1,710,705,711,-1,711,705,706,-1,711,706,712,-1,712,706,707,-1,712,707,713,-1,713,707,708,-1,713,708,21,-1,689,26,684,-1,638,637,698,-1,698,637,687,-1,698,687,693,-1,693,687,680,-1,693,680,688,-1,688,680,682,-1,688,682,689,-1,689,682,26,-1,3,639,714,-1,639,640,715,-1,640,641,716,-1,641,642,717,-1,642,643,718,-1,643,114,127,-1,643,127,718,-1,718,127,129,-1,718,129,719,-1,719,129,137,-1,719,137,720,-1,720,137,136,-1,720,136,721,-1,721,136,134,-1,721,134,722,-1,722,134,132,-1,722,132,723,-1,723,132,131,-1,723,131,724,-1,642,718,717,-1,717,718,719,-1,717,719,725,-1,725,719,720,-1,725,720,726,-1,726,720,721,-1,726,721,727,-1,727,721,722,-1,727,722,728,-1,728,722,723,-1,728,723,729,-1,729,723,724,-1,729,724,730,-1,641,717,716,-1,716,717,725,-1,716,725,731,-1,731,725,726,-1,731,726,732,-1,732,726,727,-1,732,727,733,-1,733,727,728,-1,733,728,734,-1,734,728,729,-1,734,729,735,-1,735,729,730,-1,735,730,736,-1,640,716,715,-1,715,716,731,-1,715,731,737,-1,737,731,732,-1,737,732,738,-1,738,732,733,-1,738,733,739,-1,739,733,734,-1,739,734,740,-1,740,734,735,-1,740,735,741,-1,741,735,736,-1,741,736,742,-1,639,715,714,-1,714,715,737,-1,714,737,743,-1,743,737,738,-1,743,738,744,-1,744,738,739,-1,744,739,745,-1,745,739,740,-1,745,740,746,-1,746,740,741,-1,746,741,747,-1,747,741,742,-1,747,742,748,-1,3,714,4,-1,4,714,743,-1,4,743,6,-1,6,743,744,-1,6,744,8,-1,8,744,745,-1,8,745,10,-1,10,745,746,-1,10,746,12,-1,12,746,747,-1,12,747,14,-1,14,747,748,-1,14,748,16,-1,27,25,678,-1,27,678,749,-1,749,678,672,-1,749,672,750,-1,750,672,666,-1,750,666,751,-1,751,666,660,-1,751,660,752,-1,752,660,654,-1,752,654,753,-1,753,654,189,-1,753,189,180,-1,23,21,708,-1,23,708,754,-1,754,708,703,-1,754,703,755,-1,755,703,697,-1,755,697,756,-1,756,697,692,-1,756,692,757,-1,757,692,683,-1,757,683,758,-1,758,683,26,-1,758,26,27,-1,21,20,759,-1,21,759,713,-1,713,759,760,-1,713,760,712,-1,712,760,761,-1,712,761,711,-1,711,761,762,-1,711,762,710,-1,710,762,763,-1,710,763,709,-1,709,763,139,-1,709,139,138,-1,19,16,748,-1,19,748,764,-1,764,748,742,-1,764,742,765,-1,765,742,736,-1,765,736,766,-1,766,736,730,-1,766,730,767,-1,767,730,724,-1,767,724,768,-1,768,724,131,-1,768,131,139,-1,23,754,769,-1,770,771,772,-1,27,749,773,-1,772,771,27,-1,774,27,771,-1,774,771,775,-1,775,771,770,-1,775,770,776,-1,758,27,774,-1,777,778,779,-1,779,778,773,-1,779,773,780,-1,780,773,749,-1,780,749,750,-1,758,774,757,-1,757,774,775,-1,757,775,756,-1,756,775,776,-1,756,776,755,-1,781,777,782,-1,782,777,779,-1,782,779,783,-1,783,779,780,-1,783,780,784,-1,784,780,750,-1,784,750,751,-1,785,781,786,-1,786,781,782,-1,786,782,787,-1,787,782,783,-1,787,783,788,-1,788,783,784,-1,788,784,789,-1,789,784,751,-1,789,751,752,-1,754,785,769,-1,769,785,786,-1,769,786,790,-1,790,786,787,-1,790,787,791,-1,791,787,788,-1,791,788,792,-1,792,788,789,-1,792,789,793,-1,793,789,752,-1,793,752,753,-1,23,769,794,-1,794,769,790,-1,794,790,795,-1,795,790,791,-1,795,791,796,-1,796,791,792,-1,796,792,797,-1,797,792,793,-1,797,793,798,-1,798,793,753,-1,798,753,180,-1,778,27,773,-1,754,755,785,-1,785,755,776,-1,785,776,781,-1,781,776,770,-1,781,770,777,-1,777,770,772,-1,777,772,778,-1,778,772,27,-1,763,762,799,-1,799,762,800,-1,799,800,801,-1,801,800,802,-1,801,802,803,-1,803,802,804,-1,803,804,805,-1,805,804,806,-1,805,806,807,-1,807,806,808,-1,807,808,19,-1,762,761,800,-1,800,761,809,-1,800,809,802,-1,802,809,810,-1,802,810,804,-1,804,810,811,-1,804,811,806,-1,806,811,812,-1,806,812,808,-1,808,812,813,-1,808,813,19,-1,139,763,768,-1,768,763,799,-1,768,799,767,-1,767,799,801,-1,767,801,766,-1,766,801,803,-1,766,803,765,-1,765,803,805,-1,765,805,764,-1,764,805,807,-1,764,807,19,-1,760,759,814,-1,814,759,815,-1,814,815,816,-1,816,815,817,-1,816,817,818,-1,818,817,819,-1,818,819,820,-1,820,819,821,-1,820,821,822,-1,822,821,823,-1,822,823,19,-1,759,20,815,-1,815,20,824,-1,815,824,817,-1,817,824,825,-1,817,825,819,-1,819,825,826,-1,819,826,821,-1,821,826,827,-1,821,827,823,-1,823,827,828,-1,823,828,19,-1,761,760,809,-1,809,760,814,-1,809,814,810,-1,810,814,816,-1,810,816,811,-1,811,816,818,-1,811,818,812,-1,812,818,820,-1,812,820,813,-1,813,820,822,-1,813,822,19,-1,22,23,794,-1,22,794,829,-1,829,794,795,-1,829,795,830,-1,830,795,796,-1,830,796,831,-1,831,796,797,-1,831,797,832,-1,832,797,798,-1,832,798,833,-1,833,798,180,-1,833,180,179,-1,18,19,828,-1,18,828,834,-1,834,828,827,-1,834,827,835,-1,835,827,826,-1,835,826,836,-1,836,826,825,-1,836,825,837,-1,837,825,824,-1,837,824,838,-1,838,824,20,-1,838,20,22,-1,829,830,839,-1,839,830,840,-1,839,840,841,-1,841,840,842,-1,841,842,843,-1,843,842,844,-1,843,844,845,-1,845,844,846,-1,845,846,847,-1,847,846,848,-1,847,848,18,-1,830,831,840,-1,840,831,849,-1,840,849,842,-1,842,849,850,-1,842,850,844,-1,844,850,851,-1,844,851,846,-1,846,851,852,-1,846,852,848,-1,848,852,853,-1,848,853,18,-1,22,829,838,-1,838,829,839,-1,838,839,837,-1,837,839,841,-1,837,841,836,-1,836,841,843,-1,836,843,835,-1,835,843,845,-1,835,845,834,-1,834,845,847,-1,834,847,18,-1,832,833,854,-1,854,833,855,-1,854,855,856,-1,856,855,857,-1,856,857,858,-1,858,857,859,-1,858,859,860,-1,860,859,861,-1,860,861,862,-1,862,861,863,-1,862,863,18,-1,833,179,855,-1,855,179,864,-1,855,864,857,-1,857,864,865,-1,857,865,859,-1,859,865,866,-1,859,866,861,-1,861,866,867,-1,861,867,863,-1,863,867,868,-1,863,868,18,-1,831,832,849,-1,849,832,854,-1,849,854,850,-1,850,854,856,-1,850,856,851,-1,851,856,858,-1,851,858,852,-1,852,858,860,-1,852,860,853,-1,853,860,862,-1,853,862,18,-1,17,18,868,-1,17,868,869,-1,869,868,867,-1,869,867,870,-1,870,867,866,-1,870,866,871,-1,871,866,865,-1,871,865,872,-1,872,865,864,-1,872,864,873,-1,873,864,179,-1,873,179,178,-1,170,874,875,-1,874,876,877,-1,876,878,879,-1,878,880,881,-1,880,882,883,-1,882,2,5,-1,882,5,883,-1,883,5,7,-1,883,7,884,-1,884,7,9,-1,884,9,885,-1,885,9,11,-1,885,11,886,-1,886,11,13,-1,886,13,887,-1,887,13,15,-1,887,15,888,-1,888,15,17,-1,888,17,869,-1,880,883,881,-1,881,883,884,-1,881,884,889,-1,889,884,885,-1,889,885,890,-1,890,885,886,-1,890,886,891,-1,891,886,887,-1,891,887,892,-1,892,887,888,-1,892,888,893,-1,893,888,869,-1,893,869,870,-1,878,881,879,-1,879,881,889,-1,879,889,894,-1,894,889,890,-1,894,890,895,-1,895,890,891,-1,895,891,896,-1,896,891,892,-1,896,892,897,-1,897,892,893,-1,897,893,898,-1,898,893,870,-1,898,870,871,-1,876,879,877,-1,877,879,894,-1,877,894,899,-1,899,894,895,-1,899,895,900,-1,900,895,896,-1,900,896,901,-1,901,896,897,-1,901,897,902,-1,902,897,898,-1,902,898,903,-1,903,898,871,-1,903,871,872,-1,874,877,875,-1,875,877,899,-1,875,899,904,-1,904,899,900,-1,904,900,905,-1,905,900,901,-1,905,901,906,-1,906,901,902,-1,906,902,907,-1,907,902,903,-1,907,903,908,-1,908,903,872,-1,908,872,873,-1,170,875,171,-1,171,875,904,-1,171,904,173,-1,173,904,905,-1,173,905,175,-1,175,905,906,-1,175,906,194,-1,194,906,907,-1,194,907,193,-1,193,907,908,-1,193,908,191,-1,191,908,873,-1,191,873,178,-1,0,2,882,-1,0,882,909,-1,909,882,880,-1,909,880,910,-1,910,880,878,-1,910,878,911,-1,911,878,876,-1,911,876,912,-1,912,876,874,-1,912,874,913,-1,913,874,170,-1,913,170,197,-1,224,226,914,-1,228,0,909,-1,220,222,915,-1,915,222,916,-1,915,916,917,-1,918,919,920,-1,920,919,921,-1,920,921,916,-1,916,921,922,-1,916,922,917,-1,918,920,923,-1,923,920,924,-1,923,924,925,-1,925,924,926,-1,926,924,927,-1,926,927,928,-1,928,927,929,-1,929,927,930,-1,929,930,931,-1,931,930,932,-1,932,930,169,-1,932,169,187,-1,226,228,914,-1,914,228,909,-1,914,909,933,-1,933,909,910,-1,933,910,934,-1,934,910,911,-1,934,911,935,-1,935,911,912,-1,935,912,936,-1,936,912,913,-1,936,913,196,-1,196,913,197,-1,222,224,916,-1,916,224,914,-1,916,914,920,-1,920,914,933,-1,920,933,924,-1,924,933,934,-1,924,934,927,-1,927,934,935,-1,927,935,930,-1,930,935,936,-1,930,936,169,-1,169,936,196,-1,246,248,937,-1,937,248,938,-1,938,939,937,-1,937,939,940,-1,937,940,941,-1,940,942,941,-1,941,942,943,-1,941,943,944,-1,943,945,944,-1,944,945,946,-1,944,946,947,-1,947,946,948,-1,947,948,949,-1,949,948,950,-1,949,950,951,-1,951,950,952,-1,951,952,953,-1,953,952,262,-1,953,262,954,-1,954,262,230,-1,954,230,232,-1,233,231,955,-1,955,231,265,-1,265,956,955,-1,955,956,957,-1,955,957,958,-1,957,959,958,-1,958,959,960,-1,958,960,961,-1,960,962,961,-1,961,962,963,-1,961,963,964,-1,963,965,964,-1,964,965,966,-1,964,966,967,-1,966,968,967,-1,967,968,969,-1,967,969,970,-1,970,969,971,-1,970,971,243,-1,243,971,972,-1,243,972,245,-1,973,263,262,-1,260,259,939,-1,939,259,974,-1,939,974,940,-1,940,974,975,-1,940,975,942,-1,942,975,976,-1,942,976,943,-1,976,977,943,-1,943,977,978,-1,943,978,945,-1,945,978,979,-1,945,979,946,-1,946,979,980,-1,946,980,948,-1,980,981,948,-1,948,981,982,-1,948,982,950,-1,982,983,950,-1,950,983,984,-1,950,984,952,-1,952,984,985,-1,952,985,262,-1,262,985,986,-1,262,986,973,-1,264,263,987,-1,987,263,988,-1,987,988,989,-1,989,988,990,-1,989,990,991,-1,991,990,992,-1,991,992,993,-1,993,992,994,-1,993,994,995,-1,995,994,996,-1,995,996,997,-1,997,996,998,-1,997,998,999,-1,999,998,1000,-1,999,1000,1001,-1,1001,1000,1002,-1,1001,1002,1003,-1,1003,1002,1004,-1,1003,1004,1005,-1,1004,1006,1005,-1,1005,1006,237,-1,1005,237,235,-1,1007,1008,959,-1,265,264,956,-1,956,264,1009,-1,1009,1010,956,-1,956,1010,1011,-1,956,1011,957,-1,1011,1012,957,-1,957,1012,1013,-1,957,1013,959,-1,959,1013,1014,-1,959,1014,1007,-1,966,965,1015,-1,1015,965,963,-1,1015,963,1016,-1,1016,963,962,-1,1016,962,1008,-1,1008,962,960,-1,1008,960,959,-1,1015,1017,966,-1,966,1017,1018,-1,966,1018,968,-1,968,1018,1019,-1,968,1019,969,-1,969,1019,971,-1,971,1019,254,-1,254,1019,1020,-1,254,1020,255,-1,238,240,1021,-1,1021,240,253,-1,253,1022,1021,-1,1021,1022,1023,-1,1021,1023,1024,-1,1023,1025,1024,-1,1024,1025,1026,-1,1024,1026,1027,-1,1026,1028,1027,-1,1027,1028,1029,-1,1027,1029,1030,-1,1029,1031,1030,-1,1030,1031,1032,-1,1030,1032,1033,-1,1032,1034,1033,-1,1033,1034,1035,-1,1033,1035,1036,-1,1036,1035,1037,-1,1036,1037,247,-1,247,1037,1038,-1,247,1038,249,-1,1039,1040,1041,-1,1042,1043,1044,-1,1045,1046,1047,-1,978,1048,1049,-1,1050,1051,259,-1,259,1051,974,-1,974,1051,975,-1,975,1051,1052,-1,975,1052,976,-1,1048,978,1052,-1,1052,978,977,-1,1052,977,976,-1,981,980,1049,-1,1049,980,979,-1,1049,979,978,-1,1053,984,983,-1,263,973,988,-1,988,973,1054,-1,988,1054,990,-1,990,1054,1055,-1,1056,994,1055,-1,1055,994,992,-1,1055,992,990,-1,1057,998,1056,-1,1056,998,996,-1,1056,996,994,-1,1006,1004,1058,-1,1058,1004,1002,-1,1058,1002,1057,-1,1057,1002,1000,-1,1057,1000,998,-1,237,1006,1059,-1,1059,1006,1058,-1,1059,1058,1060,-1,1060,1058,1061,-1,1046,1061,1047,-1,1047,1061,1058,-1,1047,1058,1062,-1,1062,1058,1057,-1,1062,1057,1063,-1,1063,1057,1056,-1,1063,1056,1064,-1,1064,1056,1055,-1,1064,1055,1065,-1,1065,1055,1054,-1,1065,1054,986,-1,986,1054,973,-1,1043,1045,1044,-1,1044,1045,1047,-1,1044,1047,1066,-1,1066,1047,1062,-1,1066,1062,1067,-1,1067,1062,1063,-1,1067,1063,1068,-1,1068,1063,1064,-1,1068,1064,1069,-1,1069,1064,1065,-1,1069,1065,985,-1,985,1065,986,-1,1040,1042,1041,-1,1041,1042,1044,-1,1041,1044,1070,-1,1070,1044,1066,-1,1070,1066,1071,-1,1071,1066,1067,-1,1071,1067,1072,-1,1072,1067,1068,-1,1072,1068,1053,-1,1053,1068,1069,-1,1053,1069,984,-1,984,1069,985,-1,1050,1039,1051,-1,1051,1039,1041,-1,1051,1041,1052,-1,1052,1041,1070,-1,1052,1070,1048,-1,1048,1070,1071,-1,1048,1071,1049,-1,1049,1071,1072,-1,1049,1072,981,-1,981,1072,1053,-1,981,1053,982,-1,982,1053,983,-1,1073,1074,1075,-1,1076,1077,1078,-1,1079,1080,1081,-1,1082,1083,1084,-1,1085,1086,1087,-1,1013,1012,1088,-1,1089,1009,264,-1,1090,1007,1088,-1,1088,1007,1014,-1,1088,1014,1013,-1,1091,1016,1008,-1,1016,1091,1015,-1,1015,1091,1092,-1,1015,1092,1017,-1,1017,1092,1093,-1,1017,1093,1018,-1,1018,1093,1019,-1,1019,1093,1087,-1,1019,1087,1020,-1,1020,1087,1086,-1,1020,1086,255,-1,264,987,1089,-1,1089,987,989,-1,1089,989,1094,-1,989,991,1094,-1,1094,991,993,-1,1094,993,1095,-1,993,995,1095,-1,1095,995,997,-1,1095,997,1096,-1,997,999,1096,-1,1096,999,1001,-1,1096,1001,1075,-1,1083,1085,1084,-1,1084,1085,1087,-1,1084,1087,1097,-1,1097,1087,1093,-1,1097,1093,1098,-1,1098,1093,1092,-1,1098,1092,1090,-1,1090,1092,1091,-1,1090,1091,1007,-1,1007,1091,1008,-1,1080,1082,1081,-1,1081,1082,1084,-1,1081,1084,1099,-1,1099,1084,1097,-1,1099,1097,1100,-1,1100,1097,1098,-1,1100,1098,1101,-1,1101,1098,1090,-1,1101,1090,1102,-1,1102,1090,1088,-1,1102,1088,1011,-1,1011,1088,1012,-1,1077,1079,1078,-1,1078,1079,1081,-1,1078,1081,1103,-1,1103,1081,1099,-1,1103,1099,1104,-1,1104,1099,1100,-1,1104,1100,1105,-1,1105,1100,1101,-1,1105,1101,1106,-1,1106,1101,1102,-1,1106,1102,1010,-1,1010,1102,1011,-1,1074,1076,1075,-1,1075,1076,1078,-1,1075,1078,1096,-1,1096,1078,1103,-1,1096,1103,1095,-1,1095,1103,1104,-1,1095,1104,1094,-1,1094,1104,1105,-1,1094,1105,1089,-1,1089,1105,1106,-1,1089,1106,1009,-1,1009,1106,1010,-1,235,1073,1005,-1,1005,1073,1075,-1,1005,1075,1003,-1,1003,1075,1001,-1,242,244,1107,-1,1107,244,1108,-1,1108,1109,1107,-1,1107,1109,1110,-1,1107,1110,1111,-1,1110,1112,1111,-1,1111,1112,1113,-1,1111,1113,1114,-1,1113,1115,1114,-1,1114,1115,1116,-1,1114,1116,1117,-1,1117,1116,1118,-1,1117,1118,1119,-1,1119,1118,1120,-1,1119,1120,1121,-1,1121,1120,1122,-1,1121,1122,1123,-1,1123,1122,250,-1,1123,250,1124,-1,1124,250,241,-1,1124,241,239,-1,252,1125,253,-1,253,1125,1126,-1,253,1126,1022,-1,1126,1127,1022,-1,1022,1127,1128,-1,1022,1128,1023,-1,1023,1128,1129,-1,1023,1129,1025,-1,1025,1129,1130,-1,1025,1130,1026,-1,1130,1131,1026,-1,1026,1131,1132,-1,1026,1132,1028,-1,1028,1132,1133,-1,1028,1133,1029,-1,1029,1133,1134,-1,1029,1134,1031,-1,1031,1134,1135,-1,1031,1135,1032,-1,1032,1135,1136,-1,1032,1136,1034,-1,1034,1136,1137,-1,1034,1137,1035,-1,1035,1137,1037,-1,1037,1137,261,-1,261,1137,1138,-1,261,1138,258,-1,236,237,1059,-1,259,258,1050,-1,1050,258,1139,-1,1050,1139,1039,-1,1039,1139,1140,-1,1039,1140,1040,-1,1040,1140,1141,-1,1040,1141,1042,-1,1042,1141,1142,-1,1042,1142,1043,-1,1043,1142,1143,-1,1043,1143,1045,-1,1045,1143,1144,-1,1045,1144,1046,-1,1046,1144,1145,-1,1046,1145,1061,-1,1061,1145,1146,-1,1061,1146,1060,-1,1060,1146,1147,-1,1060,1147,1059,-1,1059,1147,1148,-1,1059,1148,236,-1,256,255,1149,-1,1149,255,1086,-1,1149,1086,1150,-1,1150,1086,1085,-1,1150,1085,1151,-1,1151,1085,1083,-1,1151,1083,1152,-1,1152,1083,1082,-1,1152,1082,1153,-1,1153,1082,1080,-1,1153,1080,1154,-1,1154,1080,1079,-1,1154,1079,1155,-1,1155,1079,1077,-1,1155,1077,1156,-1,1156,1077,1076,-1,1156,1076,1157,-1,1157,1076,1074,-1,1157,1074,1158,-1,1074,1073,1158,-1,1158,1073,235,-1,1158,235,234,-1,1122,1120,1159,-1,257,256,1109,-1,1109,256,1160,-1,1109,1160,1110,-1,1110,1160,1161,-1,1110,1161,1112,-1,1112,1161,1162,-1,1112,1162,1113,-1,1162,1163,1113,-1,1113,1163,1164,-1,1113,1164,1115,-1,1115,1164,1165,-1,1115,1165,1116,-1,1116,1165,1166,-1,1116,1166,1118,-1,1159,1120,1167,-1,1118,1166,1120,-1,1120,1166,1168,-1,1120,1168,1167,-1,1122,1159,250,-1,250,1159,1169,-1,250,1169,1170,-1,1170,1171,250,-1,250,1171,1172,-1,250,1172,251,-1,1140,1139,1173,-1,1142,1141,1174,-1,1144,1143,1175,-1,1146,1145,1176,-1,1129,1128,1177,-1,1178,1125,252,-1,1179,1131,1177,-1,1177,1131,1130,-1,1177,1130,1129,-1,1180,1133,1132,-1,1133,1180,1134,-1,1134,1180,1181,-1,1134,1181,1135,-1,1135,1181,1182,-1,1135,1182,1136,-1,1136,1182,1137,-1,1137,1182,1173,-1,1137,1173,1138,-1,1138,1173,1139,-1,1138,1139,258,-1,1147,1183,1148,-1,1148,1183,1184,-1,1148,1184,236,-1,1185,1186,1183,-1,1183,1186,1187,-1,1183,1187,1184,-1,1188,1189,1185,-1,1185,1189,1190,-1,1185,1190,1186,-1,1191,1192,1188,-1,1188,1192,1193,-1,1188,1193,1189,-1,1141,1140,1174,-1,1174,1140,1173,-1,1174,1173,1194,-1,1194,1173,1182,-1,1194,1182,1195,-1,1195,1182,1181,-1,1195,1181,1179,-1,1179,1181,1180,-1,1179,1180,1131,-1,1131,1180,1132,-1,252,1196,1178,-1,1178,1196,1197,-1,1178,1197,1191,-1,1191,1197,1198,-1,1191,1198,1192,-1,1147,1146,1183,-1,1183,1146,1176,-1,1183,1176,1185,-1,1185,1176,1199,-1,1185,1199,1188,-1,1188,1199,1200,-1,1188,1200,1191,-1,1191,1200,1201,-1,1191,1201,1178,-1,1178,1201,1202,-1,1178,1202,1125,-1,1125,1202,1126,-1,1145,1144,1176,-1,1176,1144,1175,-1,1176,1175,1199,-1,1199,1175,1203,-1,1199,1203,1200,-1,1200,1203,1204,-1,1200,1204,1201,-1,1201,1204,1205,-1,1201,1205,1202,-1,1202,1205,1206,-1,1202,1206,1126,-1,1126,1206,1127,-1,1143,1142,1175,-1,1175,1142,1174,-1,1175,1174,1203,-1,1203,1174,1194,-1,1203,1194,1204,-1,1204,1194,1195,-1,1204,1195,1205,-1,1205,1195,1179,-1,1205,1179,1206,-1,1206,1179,1177,-1,1206,1177,1127,-1,1127,1177,1128,-1,1161,1160,1207,-1,1207,1160,256,-1,1163,1162,1208,-1,1208,1162,1161,-1,1209,1165,1164,-1,1165,1209,1166,-1,1159,1167,1210,-1,1210,1167,1168,-1,1159,1210,1169,-1,1169,1210,1211,-1,1169,1211,1170,-1,1170,1211,1212,-1,1170,1212,1171,-1,1171,1212,1213,-1,1171,1213,1172,-1,1172,1213,1214,-1,1172,1214,251,-1,256,1149,1207,-1,1207,1149,1150,-1,1207,1150,1215,-1,1150,1151,1215,-1,1215,1151,1152,-1,1215,1152,1216,-1,1152,1153,1216,-1,1216,1153,1154,-1,1216,1154,1217,-1,1154,1155,1217,-1,1217,1155,1156,-1,1217,1156,1218,-1,234,1219,1158,-1,1158,1219,1218,-1,1158,1218,1157,-1,1157,1218,1156,-1,1161,1207,1208,-1,1208,1207,1215,-1,1208,1215,1220,-1,1220,1215,1216,-1,1220,1216,1221,-1,1221,1216,1217,-1,1221,1217,1222,-1,1222,1217,1218,-1,1222,1218,1223,-1,1219,1224,1218,-1,1218,1224,1225,-1,1218,1225,1223,-1,1223,1225,1226,-1,1223,1226,1227,-1,1227,1228,1223,-1,1223,1228,1229,-1,1223,1229,1222,-1,1222,1229,1230,-1,1222,1230,1221,-1,1221,1230,1231,-1,1221,1231,1220,-1,1220,1231,1232,-1,1220,1232,1208,-1,1163,1208,1164,-1,1164,1208,1232,-1,1164,1232,1209,-1,1209,1232,1231,-1,1209,1231,1233,-1,1233,1231,1230,-1,1233,1230,1234,-1,1234,1230,1229,-1,1234,1229,1235,-1,1235,1229,1228,-1,1235,1228,1236,-1,1227,1237,1228,-1,1228,1237,1238,-1,1228,1238,1236,-1,1236,1238,1239,-1,1236,1239,1240,-1,1166,1209,1168,-1,1168,1209,1233,-1,1168,1233,1210,-1,1210,1233,1234,-1,1210,1234,1211,-1,1211,1234,1235,-1,1211,1235,1212,-1,1212,1235,1236,-1,1212,1236,1213,-1,1213,1236,1240,-1,1213,1240,1214,-1,252,251,1196,-1,1196,251,1214,-1,1196,1214,1197,-1,1197,1214,1240,-1,1197,1240,1198,-1,1198,1240,1239,-1,1198,1239,1192,-1,1192,1239,1238,-1,1192,1238,1193,-1,1193,1238,1237,-1,1193,1237,1189,-1,1189,1237,1227,-1,1189,1227,1190,-1,1190,1227,1226,-1,1190,1226,1186,-1,1186,1226,1225,-1,1186,1225,1187,-1,1187,1225,1224,-1,1187,1224,1184,-1,1224,1219,1184,-1,1184,1219,234,-1,1184,234,236,-1,
        ]
    }
}