#VRML V2.0 utf8
# 3D model generated by easyeda2kicad.py (https://github.com/uPesy/easyeda2kicad.py)

Shape{
    appearance Appearance {
        material  Material 	{
            diffuseColor 0.2235294117647059 0.2235294117647059 0.2235294117647059
            specularColor 0.11372549019607843 0.11372549019607843 0.11372549019607843
            ambientIntensity 0.2
            transparency 0
            shininess 0.5
        }
    }
    geometry IndexedFaceSet {
        ccw TRUE
        solid FALSE
        coord DEF co Coordinate {
            point [
                -0.8759 0.6299 -0.2731, -0.8759 0.6299 -0.1682, -0.3585 0.6299 -0.1682, -0.1839 0.6299 -0.4008, -0.1833 0.6299 -0.4011, -0.1833 0.6299 -0.4083, -0.086 0.6299 -0.1689, -0.0922 0.6299 -0.1682, -0.0603 0.6299 -0.1682, -0.0555 0.6299 -0.1682, -0.0555 0.6299 -0.0787, 0.0216 0.6299 -0.0787, -0.1481 0.6299 -0.3762, -0.1445 0.6299 -0.3766, -0.1646 0.6299 -0.3766, 0.2165 0.6299 -0.4724, 0.2165 0.6299 -0.5433, 0.0216 0.6299 -0.5433, 0.1229 0.6299 -0.1984, 0.1107 0.6299 -0.2219, 0.0216 0.6299 -0.1682, 0.1068 0.6299 -0.2233, 0.09 0.6299 -0.232, 0.1669 0.6299 -0.1599, 0.1546 0.6299 -0.1682, 0.1415 0.6299 -0.177, 0.285 0.6299 -0.1682, 0.2734 0.6299 -0.161, 1.1024 0.6299 -0.0787, 0.2472 0.6299 -0.1509, 0.2189 0.6299 -0.1474, 0.1954 0.6299 -0.1498, 1.3189 0.6299 -0.1682, 1.3189 0.6299 -0.1772, 1.1811 0.6299 -0.1772, 0.4127 0.6299 -0.2559, 0.4162 0.6299 -0.2731, 1.1811 0.6299 -0.2731, 0.4173 0.6299 -0.2784, 1.3138 0.6299 -0.0737, 1.3189 0.6299 -0.0787, 0.2872 0.6299 -0.1696, 0.403 0.6299 -0.2358, 0.3908 0.6299 -0.2208, 0.3852 0.6299 -0.2156, 0.3661 0.6299 -0.203, 0.3448 0.6299 -0.1955, 0.3254 0.6299 -0.1935, 0.3006 0.6299 -0.181, 0.3188 0.6299 -0.1938, 0.3123 0.6299 -0.1946, 0.3481 0.6299 -0.3751, 0.3586 0.6299 -0.3717, 1.1811 0.6299 -0.3766, 0.3787 0.6299 -0.361, 0.3937 0.6299 -0.3478, 0.3962 0.6299 -0.3448, 0.4081 0.6299 -0.3264, 0.4155 0.6299 -0.305, 0.4176 0.6299 -0.2857, 0.3176 0.6299 -0.4083, 0.3229 0.6299 -0.4061, 0.334 0.6299 -0.3977, 0.3424 0.6299 -0.3873, 0.3474 0.6299 -0.3766, 1.1811 0.6299 -0.5433, 0.9646 0.6299 -0.5433, 1.1811 0.6299 -0.4083, 0.9646 0.6299 -0.4724, 0.8071 0.6299 -0.4724, 0.8071 0.6299 -0.5433, 0.374 0.6299 -0.5433, 0.374 0.6299 -0.4724, 0.2705 0.6299 -0.4083, 0.2803 0.6299 -0.4121, 0.294 0.6299 -0.4138, 0.3097 0.6299 -0.4116, 0.2963 0.6299 -0.4137, 0.2407 0.6299 -0.3766, 0.2407 0.6299 -0.3767, 0.0216 0.6299 -0.4083, 0.2474 0.6299 -0.3894, 0.2563 0.6299 -0.3993, 0.2676 0.6299 -0.4072, 0.2514 0.6299 -0.3187, 0.1751 0.6299 -0.2789, 0.2613 0.6299 -0.3097, 0.2734 0.6299 -0.3032, 0.0748 0.6299 -0.2452, 0.0634 0.6299 -0.2616, 0.0216 0.6299 -0.2731, 0.059 0.6299 -0.2731, 0.0567 0.6299 -0.2791, 0.0921 0.6299 -0.3645, 0.1096 0.6299 -0.3726, 0.0216 0.6299 -0.3766, 0.1272 0.6299 -0.3762, 0.0899 0.6299 -0.2922, 0.0926 0.6299 -0.2812, 0.097 0.6299 -0.2731, 0.3803 0.6299 -0.2731, 0.1709 0.6299 -0.3721, 0.173 0.6299 -0.37, 0.1712 0.6299 -0.3453, 0.1677 0.6299 -0.3429, 0.1574 0.6299 -0.309, 0.1638 0.6299 -0.3414, 0.0648 0.6299 -0.3361, 0.0754 0.6299 -0.3506, 0.0771 0.6299 -0.3524, 0.1608 0.6299 -0.3762, 0.1632 0.6299 -0.3759, 0.167 0.6299 -0.3746, 0.377 0.6299 -0.3072, 0.3702 0.6299 -0.3188, 0.3412 0.6299 -0.3247, 0.3599 0.6299 -0.3293, 0.3476 0.6299 -0.3369, 0.3202 0.6299 -0.3058, 0.3318 0.6299 -0.3139, 0.3817 0.6299 -0.2846, 0.3811 0.6299 -0.2932, 0.0544 0.6299 -0.2965, 0.0544 0.6299 -0.2996, 0.0574 0.6299 -0.3182, 0.1773 0.6299 -0.3586, 0.1773 0.6299 -0.3569, 0.2371 0.6299 -0.3512, 0.1763 0.6299 -0.3525, 0.1742 0.6299 -0.3486, 0.3076 0.6299 -0.301, 0.294 0.6299 -0.2994, 0.2871 0.6299 -0.2998, 0.1754 0.6299 -0.3664, 0.1769 0.6299 -0.3626, 0.2374 0.6299 -0.3627, 0.2371 0.6299 -0.3569, 0.1597 0.6299 -0.3409, 0.1591 0.6299 -0.341, 0.1574 0.6299 -0.3413, 0.1012 0.6299 -0.3272, 0.095 0.6299 -0.3183, 0.091 0.6299 -0.3081, 0.0897 0.6299 -0.2971, 0.1563 0.6299 -0.3415, 0.1307 0.6299 -0.3415, 0.1205 0.6299 -0.3396, 0.1105 0.6299 -0.3349, 0.102 0.6299 -0.3281, 0.1407 0.6299 -0.2414, 0.1484 0.6299 -0.2226, 0.1604 0.6299 -0.2065, 0.1825 0.6299 -0.19, 0.2005 0.6299 -0.1835, 0.1386 0.6299 -0.2527, 0.2946 0.6299 -0.2362, 0.2988 0.6299 -0.2339, 0.3116 0.6299 -0.2293, 0.2868 0.6299 -0.2196, 0.1341 0.6299 -0.2527, 0.0979 0.6299 -0.2714, 0.1045 0.6299 -0.264, 0.1133 0.6299 -0.2578, 0.1233 0.6299 -0.254, 0.1664 0.6299 -0.2008, 0.2183 0.6299 -0.1815, 0.2213 0.6299 -0.1816, 0.2402 0.6299 -0.1845, 0.3447 0.6299 -0.2312, 0.3574 0.6299 -0.2379, 0.3306 0.6299 -0.2279, 0.3673 0.6299 -0.2468, 0.3752 0.6299 -0.2581, 0.2587 0.6299 -0.1922, 0.2744 0.6299 -0.2041, 0.3248 0.6299 -0.2276, 0.38 0.6299 -0.2708, -0.276 0.6299 -0.3668, -0.276 0.6299 -0.3759, -0.2836 0.6299 -0.3766, -0.2583 0.6299 -0.3766, -0.2742 0.6299 -0.3051, -0.2836 0.6299 -0.2731, -0.2583 0.6299 -0.3668, -0.2719 0.6299 -0.3399, -0.2719 0.6299 -0.3307, -0.2583 0.6299 -0.3307, -0.2583 0.6299 -0.3399, -0.2433 0.6299 -0.3399, -0.2433 0.6299 -0.3668, -0.2583 0.6299 -0.3051, -0.2433 0.6299 -0.3051, -0.2433 0.6299 -0.3307, -0.2583 0.6299 -0.3759, -0.2329 0.6299 -0.3759, -0.1993 0.6299 -0.3766, -0.2221 0.6299 -0.3188, -0.1934 0.6299 -0.3617, -0.1946 0.6299 -0.3664, -0.1949 0.6299 -0.3664, -0.1833 0.6299 -0.2731, -0.2329 0.6299 -0.2959, -0.2583 0.6299 -0.2731, -0.2583 0.6299 -0.2959, -0.2742 0.6299 -0.2959, -0.1954 0.6299 -0.3645, -0.1961 0.6299 -0.3618, -0.1833 0.6299 -0.3327, -0.2117 0.6299 -0.3188, -0.1132 0.6299 -0.2731, -0.1132 0.6299 -0.3766, -0.1234 0.6299 -0.3636, -0.1234 0.6299 -0.3739, -0.127 0.6299 -0.3658, -0.128 0.6299 -0.3662, -0.128 0.6299 -0.345, -0.1263 0.6299 -0.3432, -0.1251 0.6299 -0.3414, -0.1249 0.6299 -0.3276, -0.1267 0.6299 -0.3249, -0.1279 0.6299 -0.3449, -0.128 0.6299 -0.2731, -0.124 0.6299 -0.3384, -0.1235 0.6299 -0.3342, -0.1238 0.6299 -0.3308, -0.128 0.6299 -0.3756, -0.128 0.6299 -0.3766, -0.1304 0.6299 -0.3764, -0.1324 0.6299 -0.3766, -0.1389 0.6299 -0.3773, -0.128 0.6299 -0.4083, -0.1593 0.6299 -0.32, -0.1593 0.6299 -0.3297, -0.1587 0.6299 -0.3509, -0.1604 0.6299 -0.3534, -0.1605 0.6299 -0.3673, -0.1587 0.6299 -0.37, -0.128 0.6299 -0.3237, -0.1299 0.6299 -0.322, -0.1323 0.6299 -0.3205, -0.1377 0.6299 -0.3184, -0.1457 0.6299 -0.3174, -0.1646 0.6299 -0.2731, -0.1528 0.6299 -0.3181, -0.1556 0.6299 -0.3727, -0.1533 0.6299 -0.3741, -0.1615 0.6299 -0.3563, -0.162 0.6299 -0.3604, -0.1616 0.6299 -0.3641, -0.1447 0.6299 -0.3256, -0.1418 0.6299 -0.3258, -0.1338 0.6299 -0.3333, -0.1391 0.6299 -0.3265, -0.1368 0.6299 -0.3277, -0.1339 0.6299 -0.3346, -0.1343 0.6299 -0.3362, -0.135 0.6299 -0.3375, -0.136 0.6299 -0.3386, -0.1395 0.6299 -0.3408, -0.1518 0.6299 -0.3264, -0.1457 0.6299 -0.3435, -0.1574 0.6299 -0.3286, -0.1496 0.6299 -0.3451, -0.1563 0.6299 -0.3488, -0.1353 0.6299 -0.3291, -0.1345 0.6299 -0.3303, -0.134 0.6299 -0.3317, -0.1333 0.6299 -0.3683, -0.1386 0.6299 -0.3508, -0.1327 0.6299 -0.3481, -0.1399 0.6299 -0.3691, -0.1403 0.6299 -0.3691, -0.1452 0.6299 -0.3536, -0.1455 0.6299 -0.3685, -0.1517 0.6299 -0.3614, -0.1516 0.6299 -0.3601, -0.1481 0.6299 -0.3676, -0.149 0.6299 -0.367, -0.1501 0.6299 -0.366, -0.151 0.6299 -0.3647, -0.1515 0.6299 -0.3633, -0.1512 0.6299 -0.3586, -0.1504 0.6299 -0.3572, -0.1491 0.6299 -0.3559, -0.313 0.6299 -0.227, -0.2836 0.6299 -0.227, -0.3211 0.6299 -0.2489, -0.3325 0.6299 -0.2489, -0.3585 0.6299 -0.2731, -0.302 0.6299 -0.1688, -0.2605 0.6299 -0.2489, -0.2719 0.6299 -0.2489, -0.2796 0.6299 -0.227, -0.1646 0.6299 -0.1682, -0.1739 0.6299 -0.1688, -0.1833 0.6299 -0.1682, -0.1739 0.6299 -0.1781, -0.1716 0.6299 -0.2037, -0.1716 0.6299 -0.2129, -0.143 0.6299 -0.2129, -0.143 0.6299 -0.2398, -0.1646 0.6299 -0.2398, -0.1646 0.6299 -0.1781, -0.1646 0.6299 -0.2037, -0.143 0.6299 -0.1781, -0.143 0.6299 -0.2037, -0.1327 0.6299 -0.2489, -0.1646 0.6299 -0.2489, -0.1757 0.6299 -0.2489, -0.1757 0.6299 -0.2398, -0.1646 0.6299 -0.2129, -0.128 0.6299 -0.1682, -0.1327 0.6299 -0.1688, -0.1646 0.6299 -0.1688, 1.1024 0.6299 -0.0737, 1.1024 0.6299 0.0, 1.2402 0.6299 0.0, -0.0603 0.6299 -0.0787, -0.1132 0.6299 -0.0787, -0.0977 0.6299 -0.1675, -0.0978 0.6299 -0.1675, -1.1024 0.6299 -0.0787, -0.8759 0.6299 -0.0787, -0.3585 0.6299 -0.0787, -0.2836 0.6299 -0.0787, -0.2836 0.6299 -0.1682, -0.2583 0.6299 -0.0787, -0.2583 0.6299 -0.1682, -0.1833 0.6299 -0.0787, -0.1646 0.6299 -0.0787, -0.128 0.6299 -0.0787, -0.1132 0.6299 -0.1682, -0.1062 0.6299 -0.1682, -1.3189 0.6299 -0.1682, -1.3189 0.6299 -0.0787, -1.1024 0.6299 -0.0737, -1.3138 0.6299 -0.0737, -1.2402 0.6299 0.0, -1.1024 0.6299 0.0, -1.3189 0.6299 -0.1772, -1.1811 0.6299 -0.1772, -1.1811 0.6299 -0.2731, -1.1811 0.6299 -0.3766, -0.8759 0.6299 -0.3766, -0.9646 0.6299 -0.5433, -1.1811 0.6299 -0.5433, -0.9646 0.6299 -0.4724, -1.1811 0.6299 -0.4083, -0.8759 0.6299 -0.4083, -0.3585 0.6299 -0.4083, -0.8071 0.6299 -0.4724, -0.8759 0.6299 -0.4724, -0.1132 0.6299 -0.247, -0.1153 0.6299 -0.2463, -0.1166 0.6299 -0.2456, -0.1166 0.6299 -0.2357, -0.0997 0.6299 -0.2409, -0.1088 0.6299 -0.2392, -0.1132 0.6299 -0.1801, -0.1132 0.6299 -0.2372, -0.1158 0.6299 -0.1811, -0.1166 0.6299 -0.1816, -0.0715 0.6299 -0.2272, -0.0754 0.6299 -0.2326, -0.077 0.6299 -0.2342, -0.0822 0.6299 -0.2379, -0.076 0.6299 -0.1857, -0.0716 0.6299 -0.1918, -0.0814 0.6299 -0.1812, -0.0877 0.6299 -0.1783, -0.1076 0.6299 -0.178, -0.0978 0.6299 -0.1768, -0.0676 0.6299 -0.2127, -0.0947 0.6299 -0.177, -0.0675 0.6299 -0.2098, -0.0689 0.6299 -0.1986, -0.0879 0.6299 -0.2401, -0.096 0.6299 -0.2411, -0.0689 0.6299 -0.2207, -0.1083 0.6299 -0.1683, -0.1132 0.6299 -0.1698, -0.1166 0.6299 -0.1708, -0.0603 0.6299 -0.192, -0.0625 0.6299 -0.1869, -0.0683 0.6299 -0.1793, -0.0702 0.6299 -0.1775, -0.0776 0.6299 -0.1722, -0.0586 0.6299 -0.1958, -0.0603 0.6299 -0.2287, -0.058 0.6299 -0.2223, -0.0555 0.6299 -0.2731, -0.0567 0.6299 -0.2104, -0.0568 0.6299 -0.2062, -0.081 0.6299 -0.2483, -0.0734 0.6299 -0.2447, -0.0603 0.6299 -0.2731, -0.067 0.6299 -0.2393, -0.0657 0.6299 -0.2379, -0.0611 0.6299 -0.2309, -0.1067 0.6299 -0.2491, -0.0945 0.6299 -0.2503, -0.0897 0.6299 -0.25, -0.0679 0.6299 -0.3487, -0.0694 0.6299 -0.3325, -0.0659 0.6299 -0.3516, -0.0645 0.6299 -0.3551, -0.0603 0.6299 -0.3766, -0.0656 0.6299 -0.3686, -0.0644 0.6299 -0.3652, -0.0916 0.6299 -0.326, -0.0882 0.6299 -0.3256, -0.0828 0.6299 -0.342, -0.1054 0.6299 -0.3237, -0.1074 0.6299 -0.3269, -0.071 0.6299 -0.346, -0.0752 0.6299 -0.3438, -0.0764 0.6299 -0.3281, -0.0827 0.6299 -0.3261, -0.072 0.6299 -0.3751, -0.0688 0.6299 -0.3728, -0.0677 0.6299 -0.3717, -0.0951 0.6299 -0.318, -0.0993 0.6299 -0.3192, -0.1027 0.6299 -0.3211, -0.0998 0.6299 -0.3671, -0.0995 0.6299 -0.3671, -0.0998 0.6299 -0.3759, -0.0979 0.6299 -0.3696, -0.0947 0.6299 -0.373, -0.0639 0.6299 -0.3606, -0.0639 0.6299 -0.3594, -0.0694 0.6299 -0.3228, -0.0715 0.6299 -0.3216, -0.0789 0.6299 -0.3187, -0.0891 0.6299 -0.3174, -0.109 0.6299 -0.3314, -0.1098 0.6299 -0.3391, -0.1098 0.6299 -0.3759, -0.0998 0.6299 -0.3396, -0.0994 0.6299 -0.3352, -0.0984 0.6299 -0.3316, -0.0972 0.6299 -0.3296, -0.0957 0.6299 -0.3279, -0.094 0.6299 -0.3268, -0.0874 0.6299 -0.3766, -0.0869 0.6299 -0.3768, -0.1132 0.6299 -0.4083, -0.082 0.6299 -0.3773, -0.0603 0.6299 -0.4083, -0.0806 0.6299 -0.3773, -0.0763 0.6299 -0.3766, -0.0758 0.6299 -0.3765, -0.1833 0.6299 -0.3766, -0.1833 0.6299 -0.3596, -0.1672 0.6299 -0.3188, -0.1785 0.6299 -0.3188, -0.1897 0.6299 -0.3758, -0.1893 0.6299 -0.3766, -0.1853 0.6299 -0.3862, -0.1646 0.6299 -0.4083, -0.1693 0.6299 -0.4021, -0.1693 0.6299 -0.3931, -0.1714 0.6299 -0.3938, -0.175 0.6299 -0.3943, -0.1769 0.6299 -0.3941, -0.1791 0.6299 -0.3934, -0.181 0.6299 -0.3923, -0.18 0.6299 -0.4024, -0.1758 0.6299 -0.4029, -0.1735 0.6299 -0.4028, -0.1831 0.6299 -0.3901, -0.1833 0.6299 -0.3897, -0.1962 0.6299 -0.3846, -0.1961 0.6299 -0.3847, -0.2583 0.6299 -0.4083, -0.1913 0.6299 -0.3939, -0.1876 0.6299 -0.3982, -0.1874 0.6299 -0.3983, -0.3722 0.6299 -0.3759, -0.3608 0.6299 -0.3759, -0.3585 0.6299 -0.3766, -0.4214 0.6299 -0.3759, -0.4132 0.6299 -0.354, -0.3799 0.6299 -0.354, -0.3913 0.6299 -0.2959, -0.4023 0.6299 -0.2959, -0.4328 0.6299 -0.3759, -0.291 0.6299 -0.1688, -0.2836 0.6299 -0.1883, -0.3541 0.6299 -0.3493, -0.3502 0.6299 -0.3576, -0.3442 0.6299 -0.3647, -0.336 0.6299 -0.3707, -0.3269 0.6299 -0.3742, -0.3132 0.6299 -0.3759, -0.2911 0.6299 -0.3759, -0.2911 0.6299 -0.2959, -0.314 0.6299 -0.2959, -0.3262 0.6299 -0.2972, -0.3359 0.6299 -0.3007, -0.3442 0.6299 -0.3065, -0.347 0.6299 -0.3092, -0.352 0.6299 -0.3161, -0.355 0.6299 -0.3237, -0.3563 0.6299 -0.3349, -0.3561 0.6299 -0.34, -0.2836 0.6299 -0.4083, -0.1909 0.6299 -0.2489, -0.2558 0.6299 -0.2129, -0.2539 0.6299 -0.2223, -0.2499 0.6299 -0.2306, -0.244 0.6299 -0.2377, -0.2517 0.6299 -0.1891, -0.2547 0.6299 -0.1967, -0.256 0.6299 -0.2079, -0.2357 0.6299 -0.2436, -0.2266 0.6299 -0.2472, -0.2129 0.6299 -0.2489, -0.1909 0.6299 -0.1688, -0.2137 0.6299 -0.1688, -0.2259 0.6299 -0.1702, -0.2356 0.6299 -0.1737, -0.244 0.6299 -0.1794, -0.2467 0.6299 -0.1821, -0.1646 0.6299 -0.5433, -0.1833 0.6299 -0.5433, -0.2583 0.6299 -0.5433, -0.2836 0.6299 -0.5433, -0.3585 0.6299 -0.5433, -0.8071 0.6299 -0.5433, -0.1132 0.6299 -0.5433, -0.128 0.6299 -0.5433, -0.091 0.6299 -0.3754, -0.0555 0.6299 -0.4083, -0.0555 0.6299 -0.5433, -0.0603 0.6299 -0.5433, -0.0555 0.6299 -0.3766, -0.0524 0.6299 -0.2959, -0.0524 0.6299 -0.3051, -0.0543 0.6299 -0.3668, -0.0543 0.6299 -0.3759, -0.0112 0.6299 -0.3759, -0.0112 0.6299 -0.2959, -0.0215 0.6299 -0.3399, -0.0215 0.6299 -0.3668, -0.0502 0.6299 -0.3399, -0.0502 0.6299 -0.3307, -0.0215 0.6299 -0.3307, -0.0215 0.6299 -0.3051, -0.0215 0.6299 -0.1688, -0.0215 0.6299 -0.2398, -0.0534 0.6299 -0.2398, -0.0534 0.6299 -0.2489, -0.0112 0.6299 -0.2489, -0.0112 0.6299 -0.1688, -1.1024 -0.4528 -0.0787, -1.1024 -0.4528 0.0, -1.2402 -0.4528 0.0, -1.3189 -0.4528 -0.0787, -1.3189 -0.4528 -0.1772, -1.1811 -0.4528 -0.1772, 1.2402 -0.4528 0.0, 1.1024 -0.4528 0.0, 1.1024 -0.4528 -0.0787, 0.5512 -0.4528 -0.0787, 1.1811 -0.4528 -0.1772, 0.5512 -0.4528 -0.2756, 1.1811 -0.4528 -0.5433, 1.3189 -0.4528 -0.0787, 1.3189 -0.4528 -0.1772, -0.5709 -0.4528 -0.4724, -0.5709 -0.4528 -0.0787, -0.0591 -0.4528 -0.2756, -0.0591 -0.4528 -0.4724, -1.1811 -0.4528 -0.5433, -0.0591 -0.3346 -0.2756, 0.5512 -0.3346 -0.2756, -0.0591 -0.3346 -0.0787, 0.5512 -0.3346 -0.0787, 0.5512 -0.3346 -0.0787
            ]
        }
        coordIndex [
            0,1,2,-1,3,4,5,-1,6,7,8,-1,9,10,11,-1,12,13,14,-1,15,16,17,-1,18,19,20,-1,20,19,21,-1,20,21,22,-1,23,24,20,-1,20,24,25,-1,20,25,18,-1,26,27,28,-1,28,27,29,-1,28,29,11,-1,11,29,30,-1,11,30,31,-1,32,33,34,-1,35,34,36,-1,36,34,37,-1,36,37,38,-1,39,40,28,-1,28,40,32,-1,28,32,26,-1,26,32,34,-1,26,34,41,-1,35,42,34,-1,34,42,43,-1,34,43,44,-1,44,45,34,-1,34,45,46,-1,34,46,41,-1,41,46,47,-1,41,47,48,-1,48,47,49,-1,48,49,50,-1,51,52,53,-1,52,54,53,-1,53,54,55,-1,53,55,56,-1,56,57,53,-1,53,57,58,-1,53,58,37,-1,37,58,59,-1,37,59,38,-1,60,61,53,-1,53,61,62,-1,62,63,53,-1,53,63,64,-1,53,64,51,-1,65,66,67,-1,67,66,68,-1,67,68,69,-1,70,71,69,-1,69,71,72,-1,73,74,15,-1,15,74,75,-1,15,75,72,-1,53,67,60,-1,60,67,69,-1,60,69,76,-1,76,69,72,-1,76,72,77,-1,77,72,75,-1,78,79,80,-1,80,79,81,-1,81,82,80,-1,80,82,83,-1,80,83,73,-1,84,85,86,-1,86,85,87,-1,22,88,20,-1,20,88,89,-1,20,89,90,-1,90,89,91,-1,90,91,92,-1,93,94,95,-1,95,94,96,-1,97,98,85,-1,85,98,99,-1,85,99,100,-1,78,101,102,-1,103,104,105,-1,105,104,106,-1,107,108,95,-1,95,108,109,-1,95,109,93,-1,110,111,78,-1,78,111,112,-1,78,112,101,-1,113,114,115,-1,115,114,116,-1,115,116,117,-1,118,100,119,-1,119,100,120,-1,119,120,115,-1,115,120,121,-1,115,121,113,-1,92,122,90,-1,90,122,123,-1,90,123,95,-1,95,123,124,-1,95,124,107,-1,125,126,127,-1,127,126,128,-1,127,128,105,-1,105,128,129,-1,105,129,103,-1,118,130,100,-1,100,130,131,-1,100,131,85,-1,85,131,132,-1,85,132,87,-1,102,133,78,-1,78,133,134,-1,78,134,135,-1,135,134,125,-1,135,125,136,-1,136,125,127,-1,106,137,105,-1,105,137,138,-1,105,138,139,-1,140,141,105,-1,105,141,142,-1,105,142,85,-1,85,142,143,-1,85,143,97,-1,139,144,105,-1,105,144,145,-1,105,145,146,-1,146,147,105,-1,105,147,148,-1,105,148,140,-1,149,150,151,-1,152,153,154,-1,99,155,100,-1,100,155,156,-1,100,156,157,-1,158,155,154,-1,154,155,99,-1,154,99,159,-1,159,99,160,-1,160,161,159,-1,159,161,162,-1,159,162,163,-1,149,151,154,-1,154,151,164,-1,154,164,152,-1,153,165,154,-1,154,165,166,-1,154,166,167,-1,168,169,170,-1,170,169,171,-1,170,171,172,-1,167,173,154,-1,154,173,174,-1,154,174,158,-1,157,175,100,-1,100,175,170,-1,100,170,176,-1,176,170,172,-1,177,178,179,-1,179,178,180,-1,181,179,182,-1,183,177,184,-1,184,177,179,-1,184,179,185,-1,185,179,181,-1,185,181,186,-1,184,187,183,-1,183,187,188,-1,183,188,189,-1,181,190,186,-1,186,190,191,-1,186,191,192,-1,178,193,180,-1,180,193,194,-1,180,194,195,-1,195,194,196,-1,197,198,199,-1,200,201,202,-1,202,201,203,-1,202,203,182,-1,182,203,204,-1,182,204,181,-1,199,205,197,-1,197,205,206,-1,197,206,207,-1,207,206,208,-1,207,208,200,-1,200,208,196,-1,200,196,201,-1,201,196,194,-1,209,210,211,-1,211,210,212,-1,213,214,215,-1,216,217,211,-1,209,218,219,-1,213,215,211,-1,211,215,220,-1,211,220,216,-1,209,219,221,-1,217,222,211,-1,211,222,223,-1,211,223,209,-1,209,223,224,-1,209,224,218,-1,225,226,227,-1,227,226,228,-1,229,228,230,-1,230,228,226,-1,230,226,210,-1,210,226,225,-1,210,225,212,-1,231,232,14,-1,233,234,232,-1,235,236,14,-1,219,237,221,-1,221,237,238,-1,221,238,239,-1,239,240,221,-1,221,240,241,-1,221,241,242,-1,242,241,243,-1,242,243,231,-1,236,244,14,-1,14,244,245,-1,14,245,12,-1,234,246,232,-1,232,246,247,-1,232,247,14,-1,14,247,248,-1,14,248,235,-1,249,250,251,-1,251,250,252,-1,251,252,253,-1,251,254,249,-1,249,254,255,-1,249,255,256,-1,256,257,249,-1,249,257,258,-1,249,258,259,-1,259,258,260,-1,259,260,261,-1,261,260,262,-1,261,262,232,-1,232,262,263,-1,232,263,233,-1,264,265,253,-1,253,265,266,-1,253,266,251,-1,267,268,214,-1,214,268,269,-1,214,269,215,-1,267,270,268,-1,268,270,271,-1,268,271,272,-1,272,271,273,-1,272,274,275,-1,273,276,272,-1,272,276,277,-1,272,277,278,-1,278,279,272,-1,272,279,280,-1,272,280,274,-1,275,281,272,-1,272,281,282,-1,272,282,283,-1,284,285,286,-1,286,285,182,-1,286,182,287,-1,287,182,288,-1,287,288,289,-1,290,202,291,-1,291,202,182,-1,291,182,292,-1,292,182,285,-1,293,294,295,-1,295,294,296,-1,297,298,200,-1,299,300,301,-1,296,302,303,-1,303,302,304,-1,303,304,305,-1,306,221,307,-1,307,221,242,-1,307,242,308,-1,308,242,200,-1,308,200,309,-1,309,200,298,-1,309,298,301,-1,301,298,310,-1,301,310,299,-1,311,312,293,-1,293,312,313,-1,293,313,294,-1,28,314,39,-1,39,314,315,-1,39,315,316,-1,10,8,317,-1,317,8,7,-1,317,7,318,-1,318,7,319,-1,318,319,320,-1,321,322,1,-1,1,322,323,-1,1,323,2,-1,2,323,324,-1,2,324,325,-1,325,324,326,-1,325,326,327,-1,327,326,328,-1,327,328,295,-1,295,328,329,-1,295,329,293,-1,293,329,330,-1,293,330,311,-1,311,330,318,-1,311,318,331,-1,331,318,320,-1,331,320,332,-1,1,333,321,-1,321,333,334,-1,321,334,335,-1,334,336,335,-1,335,336,337,-1,335,337,338,-1,339,333,340,-1,340,333,1,-1,340,1,341,-1,341,1,0,-1,341,0,342,-1,342,0,343,-1,344,345,346,-1,346,345,347,-1,346,347,348,-1,349,350,348,-1,348,350,351,-1,348,351,346,-1,352,209,353,-1,353,209,221,-1,353,221,354,-1,354,221,355,-1,356,357,358,-1,358,357,359,-1,358,359,360,-1,360,359,355,-1,360,355,361,-1,361,355,221,-1,361,221,311,-1,311,221,306,-1,311,306,312,-1,362,363,358,-1,358,363,364,-1,358,364,365,-1,366,367,368,-1,368,367,369,-1,370,371,372,-1,372,371,373,-1,372,373,374,-1,374,373,369,-1,374,369,375,-1,375,369,367,-1,365,376,358,-1,358,376,377,-1,358,377,356,-1,370,372,358,-1,358,372,378,-1,358,378,362,-1,332,379,331,-1,331,379,380,-1,331,380,311,-1,311,380,381,-1,311,381,361,-1,382,383,8,-1,8,383,384,-1,384,385,8,-1,8,385,386,-1,8,386,6,-1,10,9,8,-1,8,9,387,-1,8,387,382,-1,388,389,390,-1,390,389,391,-1,390,391,9,-1,9,391,392,-1,9,392,387,-1,393,394,395,-1,394,396,395,-1,395,396,397,-1,395,397,398,-1,352,399,209,-1,209,399,400,-1,209,400,395,-1,395,400,401,-1,395,401,393,-1,402,403,404,-1,404,403,405,-1,406,407,408,-1,409,410,411,-1,209,412,413,-1,402,414,403,-1,403,414,415,-1,403,415,416,-1,416,415,411,-1,416,411,417,-1,417,411,410,-1,418,419,406,-1,406,419,420,-1,406,420,407,-1,421,422,209,-1,209,422,423,-1,209,423,412,-1,424,425,426,-1,426,425,427,-1,426,427,428,-1,408,429,406,-1,406,429,430,-1,406,430,395,-1,395,430,405,-1,395,405,431,-1,431,405,403,-1,431,432,395,-1,395,432,433,-1,395,433,209,-1,209,433,434,-1,209,434,421,-1,413,435,209,-1,209,435,436,-1,209,436,210,-1,210,436,437,-1,210,437,426,-1,438,439,411,-1,411,439,440,-1,411,440,441,-1,441,442,411,-1,411,442,443,-1,411,443,409,-1,444,445,446,-1,445,447,448,-1,447,449,448,-1,448,449,450,-1,448,450,406,-1,406,450,451,-1,406,451,418,-1,452,453,14,-1,14,453,454,-1,231,14,242,-1,242,14,454,-1,242,454,200,-1,200,454,455,-1,200,455,207,-1,456,453,457,-1,457,453,452,-1,457,452,458,-1,459,460,461,-1,229,230,13,-1,13,230,459,-1,13,459,14,-1,14,459,461,-1,14,461,452,-1,452,461,462,-1,452,462,463,-1,463,464,452,-1,452,464,465,-1,452,465,466,-1,4,467,5,-1,5,467,468,-1,5,468,459,-1,459,468,469,-1,459,469,460,-1,466,470,452,-1,452,470,471,-1,452,471,458,-1,472,473,474,-1,472,474,195,-1,473,475,474,-1,474,475,476,-1,474,476,5,-1,5,476,477,-1,5,477,3,-1,478,479,480,-1,481,482,483,-1,480,479,288,-1,288,479,484,-1,288,484,485,-1,483,478,481,-1,481,478,480,-1,481,480,486,-1,486,480,343,-1,486,343,485,-1,485,343,0,-1,485,0,288,-1,288,0,2,-1,288,2,289,-1,289,2,325,-1,289,325,487,-1,487,325,488,-1,489,490,480,-1,480,490,491,-1,480,491,492,-1,492,493,480,-1,480,493,494,-1,480,494,179,-1,179,494,495,-1,179,495,182,-1,495,496,182,-1,182,496,497,-1,182,497,288,-1,288,497,498,-1,288,498,499,-1,499,500,288,-1,288,500,501,-1,288,501,502,-1,502,503,288,-1,288,503,504,-1,288,504,480,-1,480,504,505,-1,480,505,489,-1,195,474,180,-1,180,474,506,-1,180,506,179,-1,179,506,349,-1,179,349,480,-1,480,349,348,-1,480,348,343,-1,343,348,347,-1,343,347,342,-1,303,297,296,-1,296,297,200,-1,296,200,295,-1,295,200,507,-1,508,509,202,-1,202,509,510,-1,202,510,511,-1,512,513,327,-1,327,513,514,-1,511,515,202,-1,202,515,516,-1,202,516,200,-1,200,516,517,-1,200,517,507,-1,507,518,295,-1,295,518,519,-1,295,519,327,-1,327,519,520,-1,327,520,521,-1,521,522,327,-1,327,522,523,-1,327,523,512,-1,488,325,290,-1,290,325,327,-1,290,327,202,-1,202,327,514,-1,202,514,508,-1,230,524,459,-1,459,524,525,-1,459,525,5,-1,5,525,526,-1,5,526,474,-1,474,526,527,-1,474,527,506,-1,506,527,528,-1,506,528,349,-1,349,528,529,-1,349,529,350,-1,445,448,446,-1,446,448,530,-1,446,530,531,-1,428,532,426,-1,426,532,444,-1,426,444,210,-1,210,444,446,-1,210,446,230,-1,230,446,531,-1,230,531,524,-1,533,534,535,-1,398,388,395,-1,395,388,390,-1,395,390,406,-1,406,390,536,-1,406,536,448,-1,73,15,80,-1,80,15,17,-1,80,17,534,-1,534,533,80,-1,80,533,95,-1,80,95,78,-1,78,95,96,-1,78,96,110,-1,537,538,390,-1,390,538,539,-1,390,539,536,-1,536,539,540,-1,536,540,541,-1,537,390,542,-1,542,390,90,-1,542,90,541,-1,541,90,95,-1,541,95,536,-1,536,95,533,-1,536,533,448,-1,448,533,535,-1,448,535,530,-1,543,544,545,-1,545,544,539,-1,545,539,546,-1,546,539,538,-1,546,538,547,-1,547,538,548,-1,31,23,11,-1,11,23,20,-1,11,20,9,-1,9,20,549,-1,549,550,9,-1,9,550,551,-1,9,551,390,-1,390,551,552,-1,390,552,90,-1,90,552,553,-1,90,553,20,-1,20,553,554,-1,20,554,549,-1,555,556,557,-1,558,559,560,-1,561,562,563,-1,563,564,565,-1,565,564,566,-1,565,566,567,-1,561,563,568,-1,568,563,565,-1,568,565,569,-1,570,571,555,-1,566,572,567,-1,567,572,573,-1,567,573,574,-1,574,573,570,-1,574,570,560,-1,560,570,555,-1,560,555,558,-1,558,555,557,-1,575,576,577,-1,577,576,578,-1,566,576,572,-1,572,576,575,-1,
        ]
    }
}
Shape{
    appearance Appearance {
        material  Material 	{
            diffuseColor 0.0 0.0 0.0
            specularColor 0.0 0.0 0.0
            ambientIntensity 0.2
            transparency 0
            shininess 0.5
        }
    }
    geometry IndexedFaceSet {
        ccw TRUE
        solid FALSE
        coord DEF co Coordinate {
            point [
                -1.1811 0.4409 -0.0787, -1.1811 -0.2638 -0.0787, -1.1024 0.4409 -0.0787, -1.1024 -0.2638 -0.0787, -0.2583 0.6299 -0.0787, -0.2836 0.6299 -0.0787, -0.5417 -1.042 -0.0787, -0.5315 -1.0433 -0.0787, -0.5709 -1.0039 -0.0787, -0.5709 -0.4528 -0.0787, 1.1811 -0.2638 -0.0787, 1.1811 0.4409 -0.0787, 1.1024 -0.2638 -0.0787, 1.1024 0.4409 -0.0787, -0.0555 0.6299 -0.0787, -0.0603 0.6299 -0.0787, -0.5656 -1.0236 -0.0787, -0.5593 -1.0318 -0.0787, -0.5512 -1.038 -0.0787, -0.0591 -0.3346 -0.0787, -0.0984 -1.0433 -0.0787, -0.0591 -1.0039 -0.0787, 0.5512 -0.4528 -0.0787, 1.1024 -0.4528 -0.0787, -0.3585 0.6299 -0.0787, -0.8759 0.6299 -0.0787, -1.1024 0.6299 -0.0787, -1.1024 -0.4528 -0.0787, -0.1132 0.6299 -0.0787, -0.128 0.6299 -0.0787, 0.5512 -0.3346 -0.0787, 1.1024 0.6299 -0.0787, 0.0216 0.6299 -0.0787, -0.1646 0.6299 -0.0787, -0.1833 0.6299 -0.0787, -0.5695 -1.0141 -0.0787, -0.0787 -1.038 -0.0787, -0.0706 -1.0318 -0.0787, -0.0643 -1.0236 -0.0787, -0.0882 -1.042 -0.0787, -0.0604 -1.0141 -0.0787, -0.0604 -1.0141 -0.0787
            ]
        }
        coordIndex [
            0,1,2,-1,2,1,3,-1,3,4,5,-1,6,7,8,-1,8,7,9,-1,10,11,12,-1,12,11,13,-1,9,14,15,-1,16,17,18,-1,9,7,19,-1,19,7,20,-1,19,20,21,-1,22,23,12,-1,5,24,3,-1,3,24,25,-1,3,25,2,-1,2,25,26,-1,9,15,27,-1,27,15,3,-1,3,15,28,-1,3,28,29,-1,22,12,30,-1,30,12,13,-1,30,13,19,-1,19,13,31,-1,19,31,9,-1,9,31,32,-1,9,32,14,-1,29,33,3,-1,3,33,34,-1,3,34,4,-1,6,8,18,-1,18,8,35,-1,18,35,16,-1,36,37,38,-1,20,39,21,-1,21,39,36,-1,21,36,40,-1,40,36,38,-1,
        ]
    }
}
Shape{
    appearance Appearance {
        material  Material 	{
            diffuseColor 0.2235294117647059 0.2235294117647059 0.2235294117647059
            specularColor 0.11372549019607843 0.11372549019607843 0.11372549019607843
            ambientIntensity 0.2
            transparency 0
            shininess 0.5
        }
    }
    geometry IndexedFaceSet {
        ccw TRUE
        solid FALSE
        coord DEF co Coordinate {
            point [
                -1.1811 0.6299 -0.5433, -1.1811 -0.4528 -0.5433, -1.1811 -0.4528 -0.1772, -1.1811 -0.2638 -0.0787, -1.1811 0.4409 -0.0787, -1.1811 -0.2638 -0.1772, -1.1811 0.4409 -0.1772, -1.1811 0.6299 -0.1772, -1.1811 0.6299 -0.2731, -1.1811 0.6299 -0.3766, -1.1811 0.6299 -0.4083, 1.1811 -0.4528 -0.5433, 1.1811 0.6299 -0.5433, 1.1811 0.6299 -0.4083, 1.1811 -0.4528 -0.1772, 1.1811 -0.2638 -0.1772, 1.1811 0.4409 -0.1772, 1.1811 -0.2638 -0.0787, 1.1811 0.4409 -0.0787, 1.1811 0.6299 -0.1772, 1.1811 0.6299 -0.2731, 1.1811 0.6299 -0.3766, -0.8071 0.4331 -0.5433, -0.8071 0.6299 -0.5433, -0.3585 0.6299 -0.5433, 0.9646 0.4331 -0.5433, 0.9646 0.6299 -0.5433, 0.374 0.4331 -0.5433, 0.688 0.186 -0.5433, 0.6594 0.2079 -0.5433, 0.4528 0.0886 -0.5433, -0.4931 -0.0089 -0.5433, -0.4712 0.0197 -0.5433, -0.5906 0.2264 -0.5433, -0.6262 0.2217 -0.5433, -0.9646 0.4331 -0.5433, -0.2836 0.6299 -0.5433, 0.2165 0.4331 -0.5433, 0.4931 0.186 -0.5433, 0.4712 0.1575 -0.5433, -0.4528 0.0886 -0.5433, 0.6262 0.2217 -0.5433, 0.5906 0.2264 -0.5433, -0.4712 0.1575 -0.5433, -0.4931 0.186 -0.5433, -0.5217 0.2079 -0.5433, -0.5549 0.2217 -0.5433, -0.4575 0.0529 -0.5433, 0.4575 0.1242 -0.5433, -0.7283 0.0886 -0.5433, -0.7237 0.1242 -0.5433, -0.7099 0.1575 -0.5433, -0.2583 0.6299 -0.5433, -0.1833 0.6299 -0.5433, -0.1646 0.6299 -0.5433, 0.7237 0.1242 -0.5433, 0.7099 0.1575 -0.5433, 0.8071 0.4331 -0.5433, -0.6594 0.2079 -0.5433, -0.688 0.186 -0.5433, 0.4712 0.0197 -0.5433, 0.4931 -0.0089 -0.5433, 0.7099 0.0197 -0.5433, 0.7237 0.0529 -0.5433, -0.4575 0.1242 -0.5433, 0.5549 0.2217 -0.5433, 0.5217 0.2079 -0.5433, 0.374 0.6299 -0.5433, 0.8071 0.6299 -0.5433, -0.9646 0.6299 -0.5433, -0.7237 0.0529 -0.5433, 0.7283 0.0886 -0.5433, -0.128 0.6299 -0.5433, -0.1132 0.6299 -0.5433, -0.0603 0.6299 -0.5433, -0.7099 0.0197 -0.5433, -0.688 -0.0089 -0.5433, -0.6594 -0.0308 -0.5433, 0.5217 -0.0308 -0.5433, 0.5549 -0.0445 -0.5433, 0.5906 -0.0492 -0.5433, 0.6262 -0.0445 -0.5433, -0.0555 0.6299 -0.5433, 0.0216 0.6299 -0.5433, 0.2165 0.6299 -0.5433, -0.6262 -0.0445 -0.5433, -0.5906 -0.0492 -0.5433, -0.5549 -0.0445 -0.5433, 0.6594 -0.0308 -0.5433, 0.688 -0.0089 -0.5433, 0.4575 0.0529 -0.5433, -0.5217 -0.0308 -0.5433, 1.3189 0.6299 -0.1772, 1.3189 0.4409 -0.1772, 1.1024 0.6299 -0.0787, 1.1024 0.4409 -0.0787, 1.1024 0.6299 -0.0737, 1.1024 0.4409 0.0, 1.1024 0.6299 0.0, 1.3189 0.4409 -0.0787, 1.2402 0.4409 0.0, 1.3189 0.6299 -0.0787, 1.3189 0.6299 -0.1682, 1.2402 0.6299 0.0, 1.3138 0.6299 -0.0737, 1.3189 -0.2638 -0.1772, 1.3189 -0.4528 -0.1772, 1.1024 -0.4528 -0.0787, 1.1024 -0.4528 0.0, 1.1024 -0.2638 -0.0787, 1.1024 -0.2638 0.0, 1.2402 -0.2638 0.0, 1.3189 -0.2638 -0.0787, 1.2402 -0.4528 0.0, 1.3189 -0.4528 -0.0787, -1.3189 -0.2638 -0.1772, -1.3189 -0.2638 -0.0787, -1.2402 -0.2638 0.0, -1.1024 -0.2638 -0.0787, -1.1024 -0.2638 0.0, -1.3189 -0.4528 -0.1772, -1.1024 -0.4528 0.0, -1.1024 -0.4528 -0.0787, -1.3189 -0.4528 -0.0787, -1.2402 -0.4528 0.0, -1.1024 0.4409 -0.0787, -1.1024 0.4409 0.0, -1.2402 0.4409 0.0, -1.3189 0.4409 -0.0787, -1.3189 0.4409 -0.1772, -1.1024 0.6299 0.0, -1.1024 0.6299 -0.0737, -1.1024 0.6299 -0.0787, -1.3189 0.6299 -0.1772, -1.2402 0.6299 0.0, -1.3189 0.6299 -0.0787, -1.3138 0.6299 -0.0737, -1.3189 0.6299 -0.1682, -0.4568 0.0556 -0.7205, -0.4685 0.0245 -0.7205, -0.4577 0.053 -0.7205, -0.4874 -0.0028 -0.7205, -0.4717 0.02 -0.7205, -0.5123 -0.0248 -0.7205, -0.4936 -0.0083 -0.7205, -0.5417 -0.0403 -0.7205, -0.5221 -0.03 -0.7205, -0.5739 -0.0482 -0.7205, -0.5551 -0.0436 -0.7205, -0.6072 -0.0482 -0.7205, -0.5906 -0.0482 -0.7205, -0.6394 -0.0403 -0.7205, -0.626 -0.0436 -0.7205, -0.6688 -0.0248 -0.7205, -0.659 -0.03 -0.7205, -0.6937 -0.0028 -0.7205, -0.6875 -0.0083 -0.7205, -0.7126 0.0245 -0.7205, -0.7094 0.02 -0.7205, -0.7243 0.0556 -0.7205, -0.7234 0.053 -0.7205, -0.7243 0.1216 -0.7205, -0.7283 0.0886 -0.7205, -0.7126 0.1526 -0.7205, -0.7234 0.1241 -0.7205, -0.6937 0.18 -0.7205, -0.7094 0.1572 -0.7205, -0.6688 0.202 -0.7205, -0.6875 0.1855 -0.7205, -0.6394 0.2174 -0.7205, -0.659 0.2071 -0.7205, -0.6072 0.2254 -0.7205, -0.626 0.2207 -0.7205, -0.5739 0.2254 -0.7205, -0.5906 0.2254 -0.7205, -0.5417 0.2174 -0.7205, -0.5551 0.2207 -0.7205, -0.5123 0.202 -0.7205, -0.5221 0.2071 -0.7205, -0.4874 0.18 -0.7205, -0.4936 0.1855 -0.7205, -0.4685 0.1526 -0.7205, -0.4717 0.1572 -0.7205, -0.4528 0.0886 -0.7205, -0.4568 0.1216 -0.7205, -0.4577 0.1241 -0.7205, -0.689 0.0886 -0.7598, -0.6861 0.1121 -0.7598, -0.5906 0.0886 -0.7598, -0.6861 0.065 -0.7598, -0.6465 0.0076 -0.7598, -0.6642 0.0233 -0.7598, -0.6777 0.0428 -0.7598, -0.5787 -0.0091 -0.7598, -0.6024 -0.0091 -0.7598, -0.6255 -0.0034 -0.7598, -0.5169 0.0233 -0.7598, -0.5346 0.0076 -0.7598, -0.5556 -0.0034 -0.7598, -0.4921 0.0886 -0.7598, -0.495 0.065 -0.7598, -0.5034 0.0428 -0.7598, -0.5169 0.1539 -0.7598, -0.5034 0.1343 -0.7598, -0.495 0.1121 -0.7598, -0.5787 0.1863 -0.7598, -0.5556 0.1806 -0.7598, -0.5346 0.1696 -0.7598, -0.6465 0.1696 -0.7598, -0.6255 0.1806 -0.7598, -0.6024 0.1863 -0.7598, -0.6777 0.1343 -0.7598, -0.6642 0.1539 -0.7598, 0.7243 0.0556 -0.7205, 0.7126 0.0245 -0.7205, 0.7234 0.053 -0.7205, 0.6937 -0.0028 -0.7205, 0.7094 0.02 -0.7205, 0.6688 -0.0248 -0.7205, 0.6875 -0.0083 -0.7205, 0.6394 -0.0403 -0.7205, 0.659 -0.03 -0.7205, 0.6072 -0.0482 -0.7205, 0.626 -0.0436 -0.7205, 0.5739 -0.0482 -0.7205, 0.5906 -0.0482 -0.7205, 0.5417 -0.0403 -0.7205, 0.5551 -0.0436 -0.7205, 0.5123 -0.0248 -0.7205, 0.5221 -0.03 -0.7205, 0.4874 -0.0028 -0.7205, 0.4936 -0.0083 -0.7205, 0.4685 0.0245 -0.7205, 0.4717 0.02 -0.7205, 0.4568 0.0556 -0.7205, 0.4577 0.053 -0.7205, 0.4568 0.1216 -0.7205, 0.4528 0.0886 -0.7205, 0.4685 0.1526 -0.7205, 0.4577 0.1241 -0.7205, 0.4874 0.18 -0.7205, 0.4717 0.1572 -0.7205, 0.5123 0.202 -0.7205, 0.4936 0.1855 -0.7205, 0.5417 0.2174 -0.7205, 0.5221 0.2071 -0.7205, 0.5739 0.2254 -0.7205, 0.5551 0.2207 -0.7205, 0.6072 0.2254 -0.7205, 0.5906 0.2254 -0.7205, 0.6394 0.2174 -0.7205, 0.626 0.2207 -0.7205, 0.6688 0.202 -0.7205, 0.659 0.2071 -0.7205, 0.6937 0.18 -0.7205, 0.6875 0.1855 -0.7205, 0.7126 0.1526 -0.7205, 0.7094 0.1572 -0.7205, 0.7283 0.0886 -0.7205, 0.7243 0.1216 -0.7205, 0.7234 0.1241 -0.7205, 0.689 0.0886 -0.7598, 0.6861 0.065 -0.7598, 0.5906 0.0886 -0.7598, 0.6861 0.1121 -0.7598, 0.6465 0.1696 -0.7598, 0.6642 0.1539 -0.7598, 0.6777 0.1343 -0.7598, 0.5787 0.1863 -0.7598, 0.6024 0.1863 -0.7598, 0.6255 0.1806 -0.7598, 0.5169 0.1539 -0.7598, 0.5346 0.1696 -0.7598, 0.5556 0.1806 -0.7598, 0.4921 0.0886 -0.7598, 0.495 0.1121 -0.7598, 0.5034 0.1343 -0.7598, 0.5169 0.0233 -0.7598, 0.5034 0.0428 -0.7598, 0.495 0.065 -0.7598, 0.5787 -0.0091 -0.7598, 0.5556 -0.0034 -0.7598, 0.5346 0.0076 -0.7598, 0.6465 0.0076 -0.7598, 0.6255 -0.0034 -0.7598, 0.6024 -0.0091 -0.7598, 0.6777 0.0428 -0.7598, 0.6642 0.0233 -0.7598, -0.7114 0.152 -0.7307, -0.6927 0.1791 -0.7307, -0.6681 0.2009 -0.7307, -0.6389 0.2162 -0.7307, -0.513 0.2009 -0.7307, -0.4884 0.1791 -0.7307, -0.4697 0.152 -0.7307, -0.4581 0.1212 -0.7307, -0.4697 0.0252 -0.7307, -0.4884 -0.0019 -0.7307, -0.513 -0.0237 -0.7307, -0.5422 -0.039 -0.7307, -0.6681 -0.0237 -0.7307, -0.6927 -0.0019 -0.7307, -0.7114 0.0252 -0.7307, -0.723 0.0559 -0.7307, -0.6291 -0.013 -0.7585, -0.6036 -0.0192 -0.7585, -0.6324 -0.0219 -0.7546, -0.6048 -0.0287 -0.7546, -0.6353 -0.0295 -0.7483, -0.552 0.1901 -0.7585, -0.5775 0.1964 -0.7585, -0.5487 0.199 -0.7546, -0.5763 0.2058 -0.7546, -0.5458 0.2066 -0.7483, -0.6523 -0.0008 -0.7585, -0.6576 -0.0086 -0.7546, -0.6623 -0.0153 -0.7483, -0.6658 -0.0205 -0.7402, -0.5289 0.178 -0.7585, -0.5235 0.1858 -0.7546, -0.5188 0.1925 -0.7483, -0.5153 0.1976 -0.7402, -0.6719 0.0166 -0.7585, -0.679 0.0103 -0.7546, -0.6851 0.0049 -0.7483, -0.6897 0.0007 -0.7402, -0.5093 0.1606 -0.7585, -0.5021 0.1669 -0.7546, -0.496 0.1723 -0.7483, -0.4914 0.1765 -0.7402, -0.6065 -0.043 -0.7402, -0.607 -0.0469 -0.7307, -0.6389 -0.039 -0.7307, -0.5746 0.2201 -0.7402, -0.5741 0.224 -0.7307, -0.5422 0.2162 -0.7307, -0.6992 0.0886 -0.7585, -0.696 0.0626 -0.7585, -0.7087 0.0886 -0.7546, -0.7052 0.0603 -0.7546, -0.7168 0.0886 -0.7483, -0.7131 0.0584 -0.7483, -0.7231 0.0886 -0.7402, -0.7192 0.0569 -0.7402, -0.727 0.0886 -0.7307, -0.7079 0.027 -0.7402, -0.7024 0.0299 -0.7483, -0.6951 0.0337 -0.7546, -0.6867 0.0381 -0.7585, -0.6058 -0.0368 -0.7483, -0.6375 -0.0353 -0.7402, -0.5741 -0.0469 -0.7307, -0.5746 -0.043 -0.7402, -0.5753 -0.0368 -0.7483, -0.5763 -0.0287 -0.7546, -0.5775 -0.0192 -0.7585, -0.5436 -0.0353 -0.7402, -0.5458 -0.0295 -0.7483, -0.5487 -0.0219 -0.7546, -0.552 -0.013 -0.7585, -0.5153 -0.0205 -0.7402, -0.5188 -0.0153 -0.7483, -0.5235 -0.0086 -0.7546, -0.5289 -0.0008 -0.7585, -0.4914 0.0007 -0.7402, -0.496 0.0049 -0.7483, -0.5021 0.0103 -0.7546, -0.5093 0.0166 -0.7585, -0.4732 0.027 -0.7402, -0.4787 0.0299 -0.7483, -0.486 0.0337 -0.7546, -0.4944 0.0381 -0.7585, -0.4581 0.0559 -0.7307, -0.4619 0.0569 -0.7402, -0.468 0.0584 -0.7483, -0.4759 0.0603 -0.7546, -0.4851 0.0626 -0.7585, -0.4819 0.0886 -0.7585, -0.4724 0.0886 -0.7546, -0.4643 0.0886 -0.7483, -0.458 0.0886 -0.7402, -0.4541 0.0886 -0.7307, -0.4851 0.1146 -0.7585, -0.4759 0.1168 -0.7546, -0.468 0.1188 -0.7483, -0.4619 0.1203 -0.7402, -0.4732 0.1502 -0.7402, -0.4787 0.1473 -0.7483, -0.486 0.1435 -0.7546, -0.4944 0.1391 -0.7585, -0.5753 0.2139 -0.7483, -0.5436 0.2125 -0.7402, -0.607 0.224 -0.7307, -0.6065 0.2201 -0.7402, -0.6058 0.2139 -0.7483, -0.6048 0.2058 -0.7546, -0.6036 0.1964 -0.7585, -0.6375 0.2125 -0.7402, -0.6353 0.2066 -0.7483, -0.6324 0.199 -0.7546, -0.6291 0.1901 -0.7585, -0.6658 0.1976 -0.7402, -0.6623 0.1925 -0.7483, -0.6576 0.1858 -0.7546, -0.6523 0.178 -0.7585, -0.6897 0.1765 -0.7402, -0.6851 0.1723 -0.7483, -0.679 0.1669 -0.7546, -0.6719 0.1606 -0.7585, -0.7079 0.1502 -0.7402, -0.7024 0.1473 -0.7483, -0.6951 0.1435 -0.7546, -0.6867 0.1391 -0.7585, -0.723 0.1212 -0.7307, -0.7192 0.1203 -0.7402, -0.7131 0.1188 -0.7483, -0.7052 0.1168 -0.7546, -0.696 0.1146 -0.7585, 0.6927 -0.0019 -0.7307, 0.7114 0.0252 -0.7307, 0.6681 -0.0237 -0.7307, 0.6389 -0.039 -0.7307, 0.607 -0.0469 -0.7307, 0.5741 -0.0469 -0.7307, 0.5422 -0.039 -0.7307, 0.513 -0.0237 -0.7307, 0.4884 -0.0019 -0.7307, 0.4697 0.0252 -0.7307, 0.4581 0.0559 -0.7307, 0.4541 0.0886 -0.7307, 0.4581 0.1212 -0.7307, 0.4697 0.152 -0.7307, 0.4884 0.1791 -0.7307, 0.513 0.2009 -0.7307, 0.5422 0.2162 -0.7307, 0.5741 0.224 -0.7307, 0.607 0.224 -0.7307, 0.6389 0.2162 -0.7307, 0.6681 0.2009 -0.7307, 0.6927 0.1791 -0.7307, 0.7114 0.152 -0.7307, 0.723 0.1212 -0.7307, 0.727 0.0886 -0.7307, 0.723 0.0559 -0.7307, 0.7192 0.1203 -0.7402, 0.7079 0.1502 -0.7402, 0.6897 0.1765 -0.7402, 0.6658 0.1976 -0.7402, 0.6375 0.2125 -0.7402, 0.6065 0.2201 -0.7402, 0.5746 0.2201 -0.7402, 0.5436 0.2125 -0.7402, 0.5153 0.1976 -0.7402, 0.4914 0.1765 -0.7402, 0.4732 0.1502 -0.7402, 0.4619 0.1203 -0.7402, 0.458 0.0886 -0.7402, 0.4619 0.0569 -0.7402, 0.4732 0.027 -0.7402, 0.4914 0.0007 -0.7402, 0.5153 -0.0205 -0.7402, 0.5436 -0.0353 -0.7402, 0.5746 -0.043 -0.7402, 0.6065 -0.043 -0.7402, 0.6375 -0.0353 -0.7402, 0.6658 -0.0205 -0.7402, 0.6897 0.0007 -0.7402, 0.7079 0.027 -0.7402, 0.7192 0.0569 -0.7402, 0.7231 0.0886 -0.7402, 0.7131 0.1188 -0.7483, 0.7024 0.1473 -0.7483, 0.6851 0.1723 -0.7483, 0.6623 0.1925 -0.7483, 0.6353 0.2066 -0.7483, 0.6058 0.2139 -0.7483, 0.5753 0.2139 -0.7483, 0.5458 0.2066 -0.7483, 0.5188 0.1925 -0.7483, 0.496 0.1723 -0.7483, 0.4787 0.1473 -0.7483, 0.468 0.1188 -0.7483, 0.4643 0.0886 -0.7483, 0.468 0.0584 -0.7483, 0.4787 0.0299 -0.7483, 0.496 0.0049 -0.7483, 0.5188 -0.0153 -0.7483, 0.5458 -0.0295 -0.7483, 0.5753 -0.0368 -0.7483, 0.6058 -0.0368 -0.7483, 0.6353 -0.0295 -0.7483, 0.6623 -0.0153 -0.7483, 0.6851 0.0049 -0.7483, 0.7024 0.0299 -0.7483, 0.7131 0.0584 -0.7483, 0.7168 0.0886 -0.7483, 0.7052 0.1168 -0.7546, 0.6951 0.1435 -0.7546, 0.679 0.1669 -0.7546, 0.6576 0.1858 -0.7546, 0.6324 0.199 -0.7546, 0.6048 0.2058 -0.7546, 0.5763 0.2058 -0.7546, 0.5487 0.199 -0.7546, 0.5235 0.1858 -0.7546, 0.5021 0.1669 -0.7546, 0.486 0.1435 -0.7546, 0.4759 0.1168 -0.7546, 0.4724 0.0886 -0.7546, 0.4759 0.0603 -0.7546, 0.486 0.0337 -0.7546, 0.5021 0.0103 -0.7546, 0.5235 -0.0086 -0.7546, 0.5487 -0.0219 -0.7546, 0.5763 -0.0287 -0.7546, 0.6048 -0.0287 -0.7546, 0.6324 -0.0219 -0.7546, 0.6576 -0.0086 -0.7546, 0.679 0.0103 -0.7546, 0.6951 0.0337 -0.7546, 0.7052 0.0603 -0.7546, 0.7087 0.0886 -0.7546, 0.696 0.1146 -0.7585, 0.6867 0.1391 -0.7585, 0.6719 0.1606 -0.7585, 0.6523 0.178 -0.7585, 0.6291 0.1901 -0.7585, 0.6036 0.1964 -0.7585, 0.5775 0.1964 -0.7585, 0.552 0.1901 -0.7585, 0.5289 0.178 -0.7585, 0.5093 0.1606 -0.7585, 0.4944 0.1391 -0.7585, 0.4851 0.1146 -0.7585, 0.4819 0.0886 -0.7585, 0.4851 0.0626 -0.7585, 0.4944 0.0381 -0.7585, 0.5093 0.0166 -0.7585, 0.5289 -0.0008 -0.7585, 0.552 -0.013 -0.7585, 0.5775 -0.0192 -0.7585, 0.6036 -0.0192 -0.7585, 0.6291 -0.013 -0.7585, 0.6523 -0.0008 -0.7585, 0.6719 0.0166 -0.7585, 0.6867 0.0381 -0.7585, 0.696 0.0626 -0.7585, 0.6992 0.0886 -0.7585, 0.5512 -0.4528 -0.2756, 0.5512 -0.4528 -0.0787, 0.5512 -0.3346 -0.2756, 0.5512 -0.3346 -0.0787, 0.5512 -0.3346 -0.0787
            ]
        }
        coordIndex [
            0,1,2,-1,3,4,5,-1,5,4,6,-1,7,8,6,-1,6,8,9,-1,2,5,0,-1,0,5,6,-1,0,6,10,-1,10,6,9,-1,11,12,13,-1,14,11,15,-1,15,11,16,-1,15,16,17,-1,17,16,18,-1,19,16,20,-1,20,16,11,-1,20,11,21,-1,21,11,13,-1,22,23,24,-1,25,26,12,-1,27,28,29,-1,30,31,32,-1,33,34,35,-1,24,36,37,-1,38,39,40,-1,27,29,37,-1,37,29,41,-1,37,41,42,-1,43,44,42,-1,42,44,45,-1,42,45,46,-1,32,47,30,-1,30,47,40,-1,30,40,48,-1,48,40,39,-1,24,37,22,-1,22,37,42,-1,22,42,35,-1,35,42,46,-1,35,46,33,-1,49,35,50,-1,50,35,51,-1,36,52,37,-1,37,52,53,-1,37,53,54,-1,55,56,57,-1,57,56,28,-1,34,58,35,-1,35,58,59,-1,35,59,51,-1,60,61,1,-1,11,62,63,-1,43,42,64,-1,64,42,65,-1,64,65,40,-1,40,65,66,-1,40,66,38,-1,28,27,57,-1,57,27,67,-1,57,67,68,-1,69,35,0,-1,0,35,49,-1,0,49,1,-1,1,49,70,-1,12,11,25,-1,25,11,63,-1,25,63,57,-1,57,63,71,-1,57,71,55,-1,54,72,37,-1,37,72,73,-1,37,73,74,-1,70,75,1,-1,1,75,76,-1,1,76,77,-1,61,78,1,-1,1,78,79,-1,1,79,11,-1,11,79,80,-1,11,80,81,-1,74,82,37,-1,37,82,83,-1,37,83,84,-1,77,85,1,-1,1,85,86,-1,1,86,87,-1,81,88,11,-1,11,88,89,-1,11,89,62,-1,60,1,90,-1,90,1,87,-1,90,87,30,-1,30,87,91,-1,30,91,31,-1,92,93,19,-1,19,93,16,-1,94,95,96,-1,96,95,97,-1,96,97,98,-1,93,99,100,-1,16,93,18,-1,18,93,100,-1,18,100,95,-1,95,100,97,-1,101,99,102,-1,102,99,93,-1,102,93,92,-1,103,100,104,-1,104,100,99,-1,104,99,101,-1,97,100,98,-1,98,100,103,-1,15,105,14,-1,14,105,106,-1,107,108,109,-1,109,108,110,-1,109,110,17,-1,17,110,111,-1,111,112,17,-1,17,112,105,-1,17,105,15,-1,111,110,113,-1,113,110,108,-1,112,111,114,-1,114,111,113,-1,105,112,106,-1,106,112,114,-1,115,116,117,-1,5,115,3,-1,3,115,117,-1,3,117,118,-1,118,117,119,-1,120,115,2,-1,2,115,5,-1,119,121,118,-1,118,121,122,-1,116,115,123,-1,123,115,120,-1,117,116,124,-1,124,116,123,-1,119,117,121,-1,121,117,124,-1,125,126,4,-1,4,126,127,-1,127,128,4,-1,4,128,129,-1,4,129,6,-1,130,126,131,-1,131,126,125,-1,131,125,132,-1,6,129,7,-1,7,129,133,-1,127,126,134,-1,134,126,130,-1,135,128,136,-1,136,128,127,-1,136,127,134,-1,133,129,137,-1,137,129,128,-1,137,128,135,-1,40,47,138,-1,32,139,47,-1,47,139,140,-1,47,140,138,-1,31,141,32,-1,32,141,142,-1,32,142,139,-1,91,143,31,-1,31,143,144,-1,31,144,141,-1,87,145,91,-1,91,145,146,-1,91,146,143,-1,86,147,87,-1,87,147,148,-1,87,148,145,-1,85,149,86,-1,86,149,150,-1,86,150,147,-1,77,151,85,-1,85,151,152,-1,85,152,149,-1,76,153,77,-1,77,153,154,-1,77,154,151,-1,75,155,76,-1,76,155,156,-1,76,156,153,-1,70,157,75,-1,75,157,158,-1,75,158,155,-1,49,159,70,-1,70,159,160,-1,70,160,157,-1,50,161,49,-1,49,161,162,-1,49,162,159,-1,51,163,50,-1,50,163,164,-1,50,164,161,-1,59,165,51,-1,51,165,166,-1,51,166,163,-1,58,167,59,-1,59,167,168,-1,59,168,165,-1,34,169,58,-1,58,169,170,-1,58,170,167,-1,33,171,34,-1,34,171,172,-1,34,172,169,-1,46,173,33,-1,33,173,174,-1,33,174,171,-1,45,175,46,-1,46,175,176,-1,46,176,173,-1,44,177,45,-1,45,177,178,-1,45,178,175,-1,43,179,44,-1,44,179,180,-1,44,180,177,-1,64,181,43,-1,43,181,182,-1,43,182,179,-1,138,183,40,-1,40,183,184,-1,40,184,64,-1,64,184,185,-1,64,185,181,-1,186,187,188,-1,186,188,189,-1,190,191,188,-1,188,191,192,-1,188,192,189,-1,193,194,188,-1,188,194,195,-1,188,195,190,-1,196,197,188,-1,188,197,198,-1,188,198,193,-1,199,200,188,-1,188,200,201,-1,188,201,196,-1,202,203,188,-1,188,203,204,-1,188,204,199,-1,205,206,188,-1,188,206,207,-1,188,207,202,-1,208,209,188,-1,188,209,210,-1,188,210,205,-1,187,211,188,-1,188,211,212,-1,188,212,208,-1,71,63,213,-1,62,214,63,-1,63,214,215,-1,63,215,213,-1,89,216,62,-1,62,216,217,-1,62,217,214,-1,88,218,89,-1,89,218,219,-1,89,219,216,-1,81,220,88,-1,88,220,221,-1,88,221,218,-1,80,222,81,-1,81,222,223,-1,81,223,220,-1,79,224,80,-1,80,224,225,-1,80,225,222,-1,78,226,79,-1,79,226,227,-1,79,227,224,-1,61,228,78,-1,78,228,229,-1,78,229,226,-1,60,230,61,-1,61,230,231,-1,61,231,228,-1,90,232,60,-1,60,232,233,-1,60,233,230,-1,30,234,90,-1,90,234,235,-1,90,235,232,-1,48,236,30,-1,30,236,237,-1,30,237,234,-1,39,238,48,-1,48,238,239,-1,48,239,236,-1,38,240,39,-1,39,240,241,-1,39,241,238,-1,66,242,38,-1,38,242,243,-1,38,243,240,-1,65,244,66,-1,66,244,245,-1,66,245,242,-1,42,246,65,-1,65,246,247,-1,65,247,244,-1,41,248,42,-1,42,248,249,-1,42,249,246,-1,29,250,41,-1,41,250,251,-1,41,251,248,-1,28,252,29,-1,29,252,253,-1,29,253,250,-1,56,254,28,-1,28,254,255,-1,28,255,252,-1,55,256,56,-1,56,256,257,-1,56,257,254,-1,213,258,71,-1,71,258,259,-1,71,259,55,-1,55,259,260,-1,55,260,256,-1,261,262,263,-1,261,263,264,-1,265,266,263,-1,263,266,267,-1,263,267,264,-1,268,269,263,-1,263,269,270,-1,263,270,265,-1,271,272,263,-1,263,272,273,-1,263,273,268,-1,274,275,263,-1,263,275,276,-1,263,276,271,-1,277,278,263,-1,263,278,279,-1,263,279,274,-1,280,281,263,-1,263,281,282,-1,263,282,277,-1,283,284,263,-1,263,284,285,-1,263,285,280,-1,262,286,263,-1,263,286,287,-1,263,287,283,-1,164,163,288,-1,166,165,289,-1,168,167,290,-1,170,169,291,-1,178,177,292,-1,180,179,293,-1,182,181,294,-1,185,184,295,-1,140,139,296,-1,142,141,297,-1,144,143,298,-1,146,145,299,-1,154,153,300,-1,156,155,301,-1,158,157,302,-1,160,159,303,-1,195,194,304,-1,304,194,305,-1,304,305,306,-1,306,305,307,-1,306,307,308,-1,206,205,309,-1,309,205,310,-1,309,310,311,-1,311,310,312,-1,311,312,313,-1,190,195,314,-1,314,195,304,-1,314,304,315,-1,315,304,306,-1,315,306,316,-1,316,306,308,-1,316,308,317,-1,207,206,318,-1,318,206,309,-1,318,309,319,-1,319,309,311,-1,319,311,320,-1,320,311,313,-1,320,313,321,-1,191,190,322,-1,322,190,314,-1,322,314,323,-1,323,314,315,-1,323,315,324,-1,324,315,316,-1,324,316,325,-1,325,316,317,-1,325,317,301,-1,202,207,326,-1,326,207,318,-1,326,318,327,-1,327,318,319,-1,327,319,328,-1,328,319,320,-1,328,320,329,-1,329,320,321,-1,329,321,293,-1,330,331,332,-1,333,334,335,-1,186,189,336,-1,336,189,337,-1,336,337,338,-1,338,337,339,-1,338,339,340,-1,340,339,341,-1,340,341,342,-1,342,341,343,-1,342,343,344,-1,344,343,303,-1,344,303,162,-1,162,303,159,-1,157,160,302,-1,302,160,303,-1,302,303,345,-1,345,303,343,-1,345,343,346,-1,346,343,341,-1,346,341,347,-1,347,341,339,-1,347,339,348,-1,348,339,337,-1,348,337,192,-1,192,337,189,-1,155,158,301,-1,301,158,302,-1,301,302,325,-1,325,302,345,-1,325,345,324,-1,324,345,346,-1,324,346,323,-1,323,346,347,-1,323,347,322,-1,322,347,348,-1,322,348,191,-1,191,348,192,-1,307,349,308,-1,308,349,350,-1,308,350,317,-1,317,350,300,-1,317,300,301,-1,301,300,153,-1,301,153,156,-1,349,330,350,-1,350,330,332,-1,350,332,300,-1,300,332,151,-1,300,151,154,-1,148,147,351,-1,351,147,331,-1,351,331,352,-1,352,331,330,-1,352,330,353,-1,353,330,349,-1,353,349,354,-1,354,349,307,-1,354,307,355,-1,355,307,305,-1,355,305,193,-1,193,305,194,-1,147,150,331,-1,331,150,149,-1,331,149,332,-1,332,149,152,-1,332,152,151,-1,145,148,299,-1,299,148,351,-1,299,351,356,-1,356,351,352,-1,356,352,357,-1,357,352,353,-1,357,353,358,-1,358,353,354,-1,358,354,359,-1,359,354,355,-1,359,355,198,-1,198,355,193,-1,143,146,298,-1,298,146,299,-1,298,299,360,-1,360,299,356,-1,360,356,361,-1,361,356,357,-1,361,357,362,-1,362,357,358,-1,362,358,363,-1,363,358,359,-1,363,359,197,-1,197,359,198,-1,141,144,297,-1,297,144,298,-1,297,298,364,-1,364,298,360,-1,364,360,365,-1,365,360,361,-1,365,361,366,-1,366,361,362,-1,366,362,367,-1,367,362,363,-1,367,363,196,-1,196,363,197,-1,139,142,296,-1,296,142,297,-1,296,297,368,-1,368,297,364,-1,368,364,369,-1,369,364,365,-1,369,365,370,-1,370,365,366,-1,370,366,371,-1,371,366,367,-1,371,367,201,-1,201,367,196,-1,138,140,372,-1,372,140,296,-1,372,296,373,-1,373,296,368,-1,373,368,374,-1,374,368,369,-1,374,369,375,-1,375,369,370,-1,375,370,376,-1,376,370,371,-1,376,371,200,-1,200,371,201,-1,200,199,376,-1,376,199,377,-1,376,377,375,-1,375,377,378,-1,375,378,374,-1,374,378,379,-1,374,379,373,-1,373,379,380,-1,373,380,372,-1,372,380,381,-1,372,381,138,-1,138,381,183,-1,199,204,377,-1,377,204,382,-1,377,382,378,-1,378,382,383,-1,378,383,379,-1,379,383,384,-1,379,384,380,-1,380,384,385,-1,380,385,381,-1,381,385,295,-1,381,295,183,-1,183,295,184,-1,181,185,294,-1,294,185,295,-1,294,295,386,-1,386,295,385,-1,386,385,387,-1,387,385,384,-1,387,384,388,-1,388,384,383,-1,388,383,389,-1,389,383,382,-1,389,382,203,-1,203,382,204,-1,179,182,293,-1,293,182,294,-1,293,294,329,-1,329,294,386,-1,329,386,328,-1,328,386,387,-1,328,387,327,-1,327,387,388,-1,327,388,326,-1,326,388,389,-1,326,389,202,-1,202,389,203,-1,312,390,313,-1,313,390,391,-1,313,391,321,-1,321,391,292,-1,321,292,293,-1,293,292,177,-1,293,177,180,-1,390,333,391,-1,391,333,335,-1,391,335,292,-1,292,335,175,-1,292,175,178,-1,172,171,392,-1,392,171,334,-1,392,334,393,-1,393,334,333,-1,393,333,394,-1,394,333,390,-1,394,390,395,-1,395,390,312,-1,395,312,396,-1,396,312,310,-1,396,310,210,-1,210,310,205,-1,171,174,334,-1,334,174,173,-1,334,173,335,-1,335,173,176,-1,335,176,175,-1,169,172,291,-1,291,172,392,-1,291,392,397,-1,397,392,393,-1,397,393,398,-1,398,393,394,-1,398,394,399,-1,399,394,395,-1,399,395,400,-1,400,395,396,-1,400,396,209,-1,209,396,210,-1,167,170,290,-1,290,170,291,-1,290,291,401,-1,401,291,397,-1,401,397,402,-1,402,397,398,-1,402,398,403,-1,403,398,399,-1,403,399,404,-1,404,399,400,-1,404,400,208,-1,208,400,209,-1,165,168,289,-1,289,168,290,-1,289,290,405,-1,405,290,401,-1,405,401,406,-1,406,401,402,-1,406,402,407,-1,407,402,403,-1,407,403,408,-1,408,403,404,-1,408,404,212,-1,212,404,208,-1,163,166,288,-1,288,166,289,-1,288,289,409,-1,409,289,405,-1,409,405,410,-1,410,405,406,-1,410,406,411,-1,411,406,407,-1,411,407,412,-1,412,407,408,-1,412,408,211,-1,211,408,212,-1,161,164,413,-1,413,164,288,-1,413,288,414,-1,414,288,409,-1,414,409,415,-1,415,409,410,-1,415,410,416,-1,416,410,411,-1,416,411,417,-1,417,411,412,-1,417,412,187,-1,187,412,211,-1,187,186,417,-1,417,186,336,-1,417,336,416,-1,416,336,338,-1,416,338,415,-1,415,338,340,-1,415,340,414,-1,414,340,342,-1,414,342,413,-1,413,342,344,-1,413,344,161,-1,161,344,162,-1,418,419,217,-1,217,216,418,-1,418,216,219,-1,418,219,420,-1,219,218,420,-1,420,218,221,-1,420,221,421,-1,221,220,421,-1,421,220,223,-1,421,223,422,-1,422,223,222,-1,422,222,423,-1,222,225,423,-1,423,225,224,-1,423,224,424,-1,224,227,424,-1,424,227,226,-1,424,226,425,-1,226,229,425,-1,425,229,228,-1,425,228,426,-1,426,228,231,-1,231,230,426,-1,426,230,233,-1,426,233,427,-1,233,232,427,-1,427,232,235,-1,427,235,428,-1,235,234,428,-1,428,234,237,-1,428,237,429,-1,429,237,236,-1,429,236,430,-1,430,236,239,-1,430,239,431,-1,239,238,431,-1,431,238,241,-1,431,241,432,-1,241,240,432,-1,432,240,243,-1,432,243,433,-1,243,242,433,-1,433,242,245,-1,433,245,434,-1,245,244,434,-1,434,244,247,-1,434,247,435,-1,435,247,246,-1,435,246,436,-1,246,249,436,-1,436,249,248,-1,436,248,437,-1,248,251,437,-1,437,251,250,-1,437,250,438,-1,250,253,438,-1,438,253,252,-1,438,252,439,-1,439,252,255,-1,255,254,439,-1,439,254,257,-1,439,257,440,-1,257,256,440,-1,440,256,260,-1,440,260,441,-1,260,259,441,-1,441,259,258,-1,441,258,442,-1,442,258,213,-1,442,213,443,-1,443,213,215,-1,443,215,419,-1,419,215,214,-1,419,214,217,-1,442,444,441,-1,441,444,445,-1,441,445,440,-1,440,445,446,-1,440,446,439,-1,439,446,447,-1,439,447,438,-1,438,447,448,-1,438,448,437,-1,437,448,449,-1,437,449,436,-1,436,449,450,-1,436,450,435,-1,435,450,451,-1,435,451,434,-1,434,451,452,-1,434,452,433,-1,433,452,453,-1,433,453,432,-1,432,453,454,-1,432,454,431,-1,431,454,455,-1,431,455,430,-1,430,455,456,-1,430,456,429,-1,429,456,457,-1,429,457,428,-1,428,457,458,-1,428,458,427,-1,427,458,459,-1,427,459,426,-1,426,459,460,-1,426,460,425,-1,425,460,461,-1,425,461,424,-1,424,461,462,-1,424,462,423,-1,423,462,463,-1,423,463,422,-1,422,463,464,-1,422,464,421,-1,421,464,465,-1,421,465,420,-1,420,465,466,-1,420,466,418,-1,418,466,467,-1,418,467,419,-1,419,467,468,-1,419,468,443,-1,443,468,469,-1,443,469,442,-1,442,469,444,-1,469,470,444,-1,444,470,471,-1,444,471,445,-1,445,471,472,-1,445,472,446,-1,446,472,473,-1,446,473,447,-1,447,473,474,-1,447,474,448,-1,448,474,475,-1,448,475,449,-1,449,475,476,-1,449,476,450,-1,450,476,477,-1,450,477,451,-1,451,477,478,-1,451,478,452,-1,452,478,479,-1,452,479,453,-1,453,479,480,-1,453,480,454,-1,454,480,481,-1,454,481,455,-1,455,481,482,-1,455,482,456,-1,456,482,483,-1,456,483,457,-1,457,483,484,-1,457,484,458,-1,458,484,485,-1,458,485,459,-1,459,485,486,-1,459,486,460,-1,460,486,487,-1,460,487,461,-1,461,487,488,-1,461,488,462,-1,462,488,489,-1,462,489,463,-1,463,489,490,-1,463,490,464,-1,464,490,491,-1,464,491,465,-1,465,491,492,-1,465,492,466,-1,466,492,493,-1,466,493,467,-1,467,493,494,-1,467,494,468,-1,468,494,495,-1,468,495,469,-1,469,495,470,-1,495,496,470,-1,470,496,497,-1,470,497,471,-1,471,497,498,-1,471,498,472,-1,472,498,499,-1,472,499,473,-1,473,499,500,-1,473,500,474,-1,474,500,501,-1,474,501,475,-1,475,501,502,-1,475,502,476,-1,476,502,503,-1,476,503,477,-1,477,503,504,-1,477,504,478,-1,478,504,505,-1,478,505,479,-1,479,505,506,-1,479,506,480,-1,480,506,507,-1,480,507,481,-1,481,507,508,-1,481,508,482,-1,482,508,509,-1,482,509,483,-1,483,509,510,-1,483,510,484,-1,484,510,511,-1,484,511,485,-1,485,511,512,-1,485,512,486,-1,486,512,513,-1,486,513,487,-1,487,513,514,-1,487,514,488,-1,488,514,515,-1,488,515,489,-1,489,515,516,-1,489,516,490,-1,490,516,517,-1,490,517,491,-1,491,517,518,-1,491,518,492,-1,492,518,519,-1,492,519,493,-1,493,519,520,-1,493,520,494,-1,494,520,521,-1,494,521,495,-1,495,521,496,-1,521,522,496,-1,496,522,523,-1,496,523,497,-1,497,523,524,-1,497,524,498,-1,498,524,525,-1,498,525,499,-1,499,525,526,-1,499,526,500,-1,500,526,527,-1,500,527,501,-1,501,527,528,-1,501,528,502,-1,502,528,529,-1,502,529,503,-1,503,529,530,-1,503,530,504,-1,504,530,531,-1,504,531,505,-1,505,531,532,-1,505,532,506,-1,506,532,533,-1,506,533,507,-1,507,533,534,-1,507,534,508,-1,508,534,535,-1,508,535,509,-1,509,535,536,-1,509,536,510,-1,510,536,537,-1,510,537,511,-1,511,537,538,-1,511,538,512,-1,512,538,539,-1,512,539,513,-1,513,539,540,-1,513,540,514,-1,514,540,541,-1,514,541,515,-1,515,541,542,-1,515,542,516,-1,516,542,543,-1,516,543,517,-1,517,543,544,-1,517,544,518,-1,518,544,545,-1,518,545,519,-1,519,545,546,-1,519,546,520,-1,520,546,547,-1,520,547,521,-1,521,547,522,-1,547,264,522,-1,522,264,267,-1,522,267,523,-1,523,267,266,-1,523,266,524,-1,524,266,265,-1,524,265,525,-1,525,265,270,-1,525,270,526,-1,526,270,269,-1,526,269,527,-1,527,269,268,-1,527,268,528,-1,528,268,273,-1,528,273,529,-1,529,273,272,-1,529,272,530,-1,530,272,271,-1,530,271,531,-1,531,271,276,-1,531,276,532,-1,532,276,275,-1,532,275,533,-1,533,275,274,-1,533,274,534,-1,534,274,279,-1,534,279,535,-1,535,279,278,-1,535,278,536,-1,536,278,277,-1,536,277,537,-1,537,277,282,-1,537,282,538,-1,538,282,281,-1,538,281,539,-1,539,281,280,-1,539,280,540,-1,540,280,285,-1,540,285,541,-1,541,285,284,-1,541,284,542,-1,542,284,283,-1,542,283,543,-1,543,283,287,-1,543,287,544,-1,544,287,286,-1,544,286,545,-1,545,286,262,-1,545,262,546,-1,546,262,261,-1,546,261,547,-1,547,261,264,-1,548,549,550,-1,550,549,551,-1,
        ]
    }
}
Shape{
    appearance Appearance {
        material  Material 	{
            diffuseColor 0.0 0.0 0.0
            specularColor 0.0 0.0 0.0
            ambientIntensity 0.2
            transparency 0
            shininess 0.5
        }
    }
    geometry IndexedFaceSet {
        ccw TRUE
        solid FALSE
        coord DEF co Coordinate {
            point [
                -0.0882 -1.042 -0.4724, -0.0984 -1.0433 -0.4724, -0.0591 -1.0039 -0.4724, -0.0591 -0.4528 -0.4724, -0.0643 -1.0236 -0.4724, -0.0706 -1.0318 -0.4724, -0.0787 -1.038 -0.4724, -0.5709 -0.4528 -0.4724, -0.5315 -1.0433 -0.4724, -0.5709 -1.0039 -0.4724, -0.5417 -1.042 -0.4724, -0.5512 -1.038 -0.4724, -0.5593 -1.0318 -0.4724, -0.5656 -1.0236 -0.4724, -0.5695 -1.0141 -0.4724, -0.0604 -1.0141 -0.4724, -0.5709 -1.0039 -0.0787, -0.5709 -0.4528 -0.0787, -0.0591 -0.3346 -0.2756, -0.0591 -0.3346 -0.0787, -0.0591 -0.4528 -0.2756, -0.0591 -1.0039 -0.0787, -0.5315 -1.0433 -0.0787, -0.0984 -1.0433 -0.0787, -0.5417 -1.042 -0.0787, -0.5512 -1.038 -0.0787, -0.5593 -1.0318 -0.0787, -0.5656 -1.0236 -0.0787, -0.5695 -1.0141 -0.0787, -0.0882 -1.042 -0.0787, -0.0787 -1.038 -0.0787, -0.0706 -1.0318 -0.0787, -0.0643 -1.0236 -0.0787, -0.0604 -1.0141 -0.0787, -0.0604 -1.0141 -0.0787
            ]
        }
        coordIndex [
            0,1,2,-1,2,1,3,-1,4,5,6,-1,3,1,7,-1,7,1,8,-1,7,8,9,-1,9,8,10,-1,9,10,11,-1,12,13,11,-1,11,13,14,-1,11,14,9,-1,0,2,6,-1,6,2,15,-1,6,15,4,-1,16,17,9,-1,9,17,7,-1,18,19,20,-1,20,19,21,-1,20,21,3,-1,3,21,2,-1,8,1,22,-1,22,1,23,-1,8,22,24,-1,8,24,10,-1,10,24,25,-1,10,25,11,-1,11,25,26,-1,11,26,12,-1,12,26,27,-1,12,27,13,-1,13,27,28,-1,13,28,14,-1,14,28,16,-1,14,16,9,-1,23,1,0,-1,23,0,29,-1,29,0,6,-1,29,6,30,-1,30,6,5,-1,30,5,31,-1,31,5,4,-1,31,4,32,-1,32,4,15,-1,32,15,33,-1,33,15,2,-1,33,2,21,-1,
        ]
    }
}
Shape{
    appearance Appearance {
        material  Material 	{
            diffuseColor 0.6666666666666666 0.6980392156862745 0.7686274509803922
            specularColor 0.3333333333333333 0.34901960784313724 0.3843137254901961
            ambientIntensity 0.2
            transparency 0
            shininess 0.5
        }
    }
    geometry IndexedFaceSet {
        ccw TRUE
        solid FALSE
        coord DEF co Coordinate {
            point [
                0.374 1.0236 -0.4724, 0.2165 1.0236 -0.4724, 0.374 0.6299 -0.4724, 0.2165 0.6299 -0.4724, 0.2165 0.6299 -0.5433, 0.2165 1.0236 -0.5512, 0.2165 0.4567 -0.5512, 0.2165 0.4331 -0.5433, 0.2165 0.4483 -0.5503, 0.2165 0.4403 -0.5476, 0.374 1.0236 -0.5512, 0.374 0.6299 -0.5433, 0.374 0.4567 -0.5512, 0.374 0.4331 -0.5433, 0.374 0.4483 -0.5503, 0.374 0.4403 -0.5476, -0.8071 0.6299 -0.4724, -0.8071 1.0236 -0.4724, -0.8759 0.6299 -0.4724, -0.9646 1.0236 -0.4724, -0.9646 0.6299 -0.4724, -0.9646 0.6299 -0.5433, -0.9646 1.0236 -0.5512, -0.9646 0.4567 -0.5512, -0.9646 0.4331 -0.5433, -0.9646 0.4483 -0.5503, -0.9646 0.4403 -0.5476, -0.8071 1.0236 -0.5512, -0.8071 0.6299 -0.5433, -0.8071 0.4567 -0.5512, -0.8071 0.4331 -0.5433, -0.8071 0.4483 -0.5503, -0.8071 0.4403 -0.5476, 0.9646 0.6299 -0.4724, 0.9646 1.0236 -0.4724, 0.8071 0.6299 -0.4724, 0.8071 1.0236 -0.4724, 0.8071 0.6299 -0.5433, 0.8071 1.0236 -0.5512, 0.8071 0.4567 -0.5512, 0.8071 0.4331 -0.5433, 0.8071 0.4483 -0.5503, 0.8071 0.4403 -0.5476, 0.9646 1.0236 -0.5512, 0.9646 0.6299 -0.5433, 0.9646 0.4567 -0.5512, 0.9646 0.4331 -0.5433, 0.9646 0.4483 -0.5503, 0.9646 0.4403 -0.5476, 0.9646 0.4403 -0.5476
            ]
        }
        coordIndex [
            0,1,2,-1,2,1,3,-1,4,3,1,-1,1,5,4,-1,4,5,6,-1,4,6,7,-1,7,6,8,-1,7,8,9,-1,0,2,10,-1,10,2,11,-1,10,11,12,-1,12,11,13,-1,12,13,14,-1,14,13,15,-1,5,1,10,-1,10,1,0,-1,6,5,12,-1,12,5,10,-1,16,17,18,-1,18,17,19,-1,18,19,20,-1,21,20,19,-1,19,22,21,-1,21,22,23,-1,21,23,24,-1,24,23,25,-1,24,25,26,-1,17,16,27,-1,27,16,28,-1,27,28,29,-1,29,28,30,-1,29,30,31,-1,31,30,32,-1,22,19,27,-1,27,19,17,-1,23,22,29,-1,29,22,27,-1,33,34,35,-1,35,34,36,-1,37,35,36,-1,36,38,37,-1,37,38,39,-1,37,39,40,-1,40,39,41,-1,40,41,42,-1,34,33,43,-1,43,33,44,-1,43,44,45,-1,45,44,46,-1,45,46,47,-1,47,46,48,-1,38,36,43,-1,43,36,34,-1,39,38,45,-1,45,38,43,-1,39,45,47,-1,39,47,41,-1,41,47,48,-1,41,48,42,-1,42,48,46,-1,42,46,40,-1,23,29,31,-1,23,31,25,-1,25,31,32,-1,25,32,26,-1,26,32,30,-1,26,30,24,-1,6,12,14,-1,6,14,8,-1,8,14,15,-1,8,15,9,-1,9,15,13,-1,9,13,7,-1,
        ]
    }
}
Shape{
    appearance Appearance {
        material  Material 	{
            diffuseColor 1.0 1.0 1.0
            specularColor 0.5019607843137255 0.5019607843137255 0.5019607843137255
            ambientIntensity 0.2
            transparency 0
            shininess 0.5
        }
    }
    geometry IndexedFaceSet {
        ccw TRUE
        solid FALSE
        coord DEF co Coordinate {
            point [
                -0.0534 0.6339 -0.2398, -0.0534 0.6339 -0.2489, -0.0534 0.6299 -0.2398, -0.0534 0.6299 -0.2489, -0.0215 0.6339 -0.2398, -0.0215 0.6299 -0.2398, -0.0215 0.6339 -0.1688, -0.0215 0.6299 -0.1688, -0.0112 0.6339 -0.1688, -0.0112 0.6299 -0.1688, -0.0112 0.6339 -0.2489, -0.0112 0.6299 -0.2489, -0.1166 0.6299 -0.2456, -0.1166 0.6339 -0.2456, -0.1153 0.6339 -0.2463, -0.0945 0.6339 -0.2503, -0.0945 0.6299 -0.2503, -0.1067 0.6299 -0.2491, -0.1067 0.6339 -0.2491, -0.1132 0.6299 -0.247, -0.1153 0.6299 -0.2463, -0.1166 0.6339 -0.2357, -0.1166 0.6299 -0.2357, -0.1132 0.6299 -0.2372, -0.1088 0.6339 -0.2392, -0.1088 0.6299 -0.2392, -0.0997 0.6299 -0.2409, -0.0997 0.6339 -0.2409, -0.096 0.6299 -0.2411, -0.096 0.6339 -0.2411, -0.0879 0.6299 -0.2401, -0.0879 0.6339 -0.2401, -0.0822 0.6299 -0.2379, -0.0822 0.6339 -0.2379, -0.077 0.6299 -0.2342, -0.077 0.6339 -0.2342, -0.0754 0.6299 -0.2326, -0.0754 0.6339 -0.2326, -0.0715 0.6299 -0.2272, -0.0715 0.6339 -0.2272, -0.0689 0.6299 -0.2207, -0.0689 0.6339 -0.2207, -0.0676 0.6299 -0.2127, -0.0676 0.6339 -0.2127, -0.0675 0.6299 -0.2098, -0.0675 0.6339 -0.2098, -0.0689 0.6299 -0.1986, -0.0689 0.6339 -0.1986, -0.0716 0.6299 -0.1918, -0.0716 0.6339 -0.1918, -0.076 0.6299 -0.1857, -0.076 0.6339 -0.1857, -0.0814 0.6299 -0.1812, -0.0814 0.6339 -0.1812, -0.0877 0.6299 -0.1783, -0.0877 0.6339 -0.1783, -0.0947 0.6299 -0.177, -0.0947 0.6339 -0.177, -0.0978 0.6299 -0.1768, -0.0978 0.6339 -0.1768, -0.1076 0.6299 -0.178, -0.1132 0.6299 -0.1801, -0.1158 0.6339 -0.1811, -0.1076 0.6339 -0.178, -0.1158 0.6299 -0.1811, -0.1166 0.6299 -0.1816, -0.1166 0.6339 -0.1816, -0.1166 0.6339 -0.1708, -0.1166 0.6299 -0.1708, -0.0977 0.6299 -0.1675, -0.0977 0.6339 -0.1675, -0.0978 0.6339 -0.1675, -0.1132 0.6299 -0.1698, -0.1083 0.6339 -0.1683, -0.1083 0.6299 -0.1683, -0.1062 0.6299 -0.1682, -0.0978 0.6299 -0.1675, -0.0922 0.6299 -0.1682, -0.086 0.6339 -0.1689, -0.086 0.6299 -0.1689, -0.0776 0.6299 -0.1722, -0.0776 0.6339 -0.1722, -0.0702 0.6299 -0.1775, -0.0702 0.6339 -0.1775, -0.0683 0.6299 -0.1793, -0.0683 0.6339 -0.1793, -0.0625 0.6299 -0.1869, -0.0603 0.6299 -0.192, -0.0586 0.6339 -0.1958, -0.0625 0.6339 -0.1869, -0.0586 0.6299 -0.1958, -0.0568 0.6299 -0.2062, -0.0568 0.6339 -0.2062, -0.0567 0.6299 -0.2104, -0.0567 0.6339 -0.2104, -0.058 0.6299 -0.2223, -0.0603 0.6299 -0.2287, -0.0611 0.6339 -0.2309, -0.058 0.6339 -0.2223, -0.0611 0.6299 -0.2309, -0.0657 0.6299 -0.2379, -0.0657 0.6339 -0.2379, -0.067 0.6299 -0.2393, -0.067 0.6339 -0.2393, -0.0734 0.6299 -0.2447, -0.0734 0.6339 -0.2447, -0.081 0.6299 -0.2483, -0.081 0.6339 -0.2483, -0.0897 0.6299 -0.25, -0.0897 0.6339 -0.25, -0.1757 0.6339 -0.2398, -0.1757 0.6339 -0.2489, -0.1757 0.6299 -0.2398, -0.1757 0.6299 -0.2489, -0.143 0.6299 -0.2398, -0.143 0.6339 -0.2398, -0.1646 0.6299 -0.2398, -0.143 0.6339 -0.2129, -0.143 0.6299 -0.2129, -0.1716 0.6339 -0.2129, -0.1646 0.6299 -0.2129, -0.1716 0.6299 -0.2129, -0.1716 0.6339 -0.2037, -0.1716 0.6299 -0.2037, -0.143 0.6299 -0.2037, -0.143 0.6339 -0.2037, -0.1646 0.6299 -0.2037, -0.143 0.6339 -0.1781, -0.143 0.6299 -0.1781, -0.1739 0.6339 -0.1781, -0.1646 0.6299 -0.1781, -0.1739 0.6299 -0.1781, -0.1739 0.6339 -0.1688, -0.1739 0.6299 -0.1688, -0.1327 0.6299 -0.1688, -0.1327 0.6339 -0.1688, -0.1646 0.6299 -0.1688, -0.1327 0.6339 -0.2489, -0.1327 0.6299 -0.2489, -0.1646 0.6299 -0.2489, -0.2406 0.6339 -0.2265, -0.2366 0.6339 -0.2314, -0.244 0.6339 -0.2377, -0.2352 0.6339 -0.2328, -0.2357 0.6339 -0.2436, -0.2298 0.6339 -0.2362, -0.2266 0.6339 -0.2472, -0.223 0.6339 -0.2387, -0.2129 0.6339 -0.2489, -0.2128 0.6339 -0.2398, -0.1909 0.6339 -0.2489, -0.2012 0.6339 -0.2398, -0.1909 0.6339 -0.1688, -0.2012 0.6339 -0.1781, -0.2137 0.6339 -0.1688, -0.2133 0.6339 -0.1781, -0.2259 0.6339 -0.1702, -0.2236 0.6339 -0.1792, -0.2356 0.6339 -0.1737, -0.2305 0.6339 -0.1817, -0.244 0.6339 -0.1794, -0.2364 0.6339 -0.1856, -0.2467 0.6339 -0.1821, -0.239 0.6339 -0.1882, -0.2517 0.6339 -0.1891, -0.242 0.6339 -0.1929, -0.2547 0.6339 -0.1967, -0.2442 0.6339 -0.1989, -0.256 0.6339 -0.2079, -0.2452 0.6339 -0.2081, -0.2558 0.6339 -0.2129, -0.2449 0.6339 -0.2132, -0.2539 0.6339 -0.2223, -0.2434 0.6339 -0.2205, -0.2499 0.6339 -0.2306, -0.2129 0.6299 -0.2489, -0.1909 0.6299 -0.2489, -0.2266 0.6299 -0.2472, -0.2357 0.6299 -0.2436, -0.244 0.6299 -0.2377, -0.2499 0.6299 -0.2306, -0.2539 0.6299 -0.2223, -0.2558 0.6299 -0.2129, -0.256 0.6299 -0.2079, -0.2547 0.6299 -0.1967, -0.2517 0.6299 -0.1891, -0.2467 0.6299 -0.1821, -0.244 0.6299 -0.1794, -0.2356 0.6299 -0.1737, -0.2259 0.6299 -0.1702, -0.2137 0.6299 -0.1688, -0.1909 0.6299 -0.1688, -0.2133 0.6299 -0.1781, -0.2012 0.6299 -0.1781, -0.2012 0.6299 -0.2398, -0.2128 0.6299 -0.2398, -0.2366 0.6299 -0.2314, -0.2352 0.6299 -0.2328, -0.2298 0.6299 -0.2362, -0.223 0.6299 -0.2387, -0.2452 0.6299 -0.2081, -0.2449 0.6299 -0.2132, -0.2434 0.6299 -0.2205, -0.2406 0.6299 -0.2265, -0.2364 0.6299 -0.1856, -0.239 0.6299 -0.1882, -0.242 0.6299 -0.1929, -0.2442 0.6299 -0.1989, -0.2236 0.6299 -0.1792, -0.2305 0.6299 -0.1817, -0.2305 0.6299 -0.1817
            ]
        }
        coordIndex [
            0,1,2,-1,2,1,3,-1,4,0,5,-1,5,0,2,-1,6,4,7,-1,7,4,5,-1,8,6,9,-1,9,6,7,-1,10,8,11,-1,11,8,9,-1,1,10,3,-1,3,10,11,-1,6,8,4,-1,4,8,10,-1,4,10,0,-1,0,10,1,-1,12,13,14,-1,15,16,17,-1,15,17,18,-1,18,17,19,-1,18,19,14,-1,14,19,20,-1,14,20,12,-1,21,13,22,-1,22,13,12,-1,21,22,23,-1,21,23,24,-1,23,25,24,-1,24,25,26,-1,24,26,27,-1,27,26,28,-1,27,28,29,-1,29,28,30,-1,29,30,31,-1,31,30,32,-1,31,32,33,-1,33,32,34,-1,33,34,35,-1,35,34,36,-1,35,36,37,-1,37,36,38,-1,37,38,39,-1,39,38,40,-1,39,40,41,-1,41,40,42,-1,41,42,43,-1,43,42,44,-1,43,44,45,-1,45,44,46,-1,45,46,47,-1,47,46,48,-1,47,48,49,-1,49,48,50,-1,49,50,51,-1,51,50,52,-1,51,52,53,-1,53,52,54,-1,53,54,55,-1,55,54,56,-1,55,56,57,-1,57,56,58,-1,57,58,59,-1,59,58,60,-1,61,62,60,-1,60,62,63,-1,60,63,59,-1,61,64,62,-1,62,64,65,-1,62,65,66,-1,67,66,68,-1,68,66,65,-1,69,70,71,-1,67,68,72,-1,67,72,73,-1,72,74,73,-1,73,74,75,-1,73,75,71,-1,71,75,76,-1,71,76,69,-1,70,69,77,-1,70,77,78,-1,77,79,78,-1,78,79,80,-1,78,80,81,-1,81,80,82,-1,81,82,83,-1,83,82,84,-1,83,84,85,-1,85,84,86,-1,87,88,86,-1,86,88,89,-1,86,89,85,-1,87,90,88,-1,88,90,91,-1,88,91,92,-1,92,91,93,-1,92,93,94,-1,94,93,95,-1,96,97,95,-1,95,97,98,-1,95,98,94,-1,96,99,97,-1,97,99,100,-1,97,100,101,-1,101,100,102,-1,101,102,103,-1,103,102,104,-1,103,104,105,-1,105,104,106,-1,105,106,107,-1,107,106,108,-1,107,108,109,-1,109,108,16,-1,109,16,15,-1,62,66,67,-1,53,83,51,-1,51,83,85,-1,51,85,49,-1,49,85,89,-1,49,89,47,-1,62,67,63,-1,63,67,73,-1,63,73,59,-1,59,73,71,-1,59,71,57,-1,57,71,70,-1,57,70,55,-1,55,70,78,-1,55,78,53,-1,53,78,81,-1,53,81,83,-1,13,21,14,-1,14,21,24,-1,14,24,18,-1,18,24,27,-1,18,27,15,-1,15,27,29,-1,15,29,109,-1,109,29,31,-1,109,31,107,-1,107,31,33,-1,107,33,105,-1,105,33,35,-1,105,35,103,-1,103,35,37,-1,103,37,101,-1,101,37,39,-1,101,39,97,-1,94,45,92,-1,92,45,47,-1,92,47,88,-1,88,47,89,-1,97,39,98,-1,98,39,41,-1,98,41,94,-1,94,41,43,-1,94,43,45,-1,110,111,112,-1,112,111,113,-1,114,115,116,-1,116,115,110,-1,116,110,112,-1,117,115,118,-1,118,115,114,-1,117,118,119,-1,119,118,120,-1,119,120,121,-1,122,119,123,-1,123,119,121,-1,124,125,126,-1,126,125,122,-1,126,122,123,-1,127,125,128,-1,128,125,124,-1,127,128,129,-1,129,128,130,-1,129,130,131,-1,132,129,133,-1,133,129,131,-1,134,135,136,-1,136,135,132,-1,136,132,133,-1,137,135,138,-1,138,135,134,-1,137,138,111,-1,111,138,139,-1,111,139,113,-1,137,111,110,-1,110,115,137,-1,137,115,117,-1,137,117,135,-1,129,132,127,-1,127,132,135,-1,127,135,125,-1,125,135,117,-1,125,117,122,-1,122,117,119,-1,140,141,142,-1,142,141,143,-1,142,143,144,-1,144,143,145,-1,144,145,146,-1,146,145,147,-1,146,147,148,-1,148,147,149,-1,148,149,150,-1,150,149,151,-1,150,151,152,-1,152,151,153,-1,152,153,154,-1,154,153,155,-1,154,155,156,-1,156,155,157,-1,156,157,158,-1,158,157,159,-1,158,159,160,-1,160,159,161,-1,160,161,162,-1,162,161,163,-1,162,163,164,-1,164,163,165,-1,164,165,166,-1,166,165,167,-1,166,167,168,-1,168,167,169,-1,168,169,170,-1,170,169,171,-1,170,171,172,-1,172,171,173,-1,172,173,174,-1,174,173,140,-1,174,140,142,-1,148,150,175,-1,175,150,176,-1,148,175,177,-1,148,177,146,-1,146,177,178,-1,146,178,144,-1,144,178,179,-1,144,179,142,-1,142,179,180,-1,142,180,174,-1,174,180,181,-1,174,181,172,-1,172,181,182,-1,172,182,170,-1,170,182,183,-1,170,183,168,-1,168,183,184,-1,168,184,166,-1,166,184,185,-1,166,185,164,-1,164,185,186,-1,164,186,162,-1,162,186,187,-1,162,187,160,-1,160,187,188,-1,160,188,158,-1,158,188,189,-1,158,189,156,-1,156,189,190,-1,156,190,154,-1,152,154,191,-1,191,154,190,-1,150,152,176,-1,176,152,191,-1,155,153,192,-1,192,153,193,-1,153,151,193,-1,193,151,194,-1,151,149,194,-1,194,149,195,-1,141,196,197,-1,141,197,143,-1,143,197,198,-1,143,198,145,-1,145,198,199,-1,145,199,147,-1,147,199,195,-1,147,195,149,-1,169,200,201,-1,169,201,171,-1,171,201,202,-1,171,202,173,-1,173,202,203,-1,173,203,140,-1,140,203,196,-1,140,196,141,-1,161,204,205,-1,161,205,163,-1,163,205,206,-1,163,206,165,-1,165,206,207,-1,165,207,167,-1,167,207,200,-1,167,200,169,-1,155,192,208,-1,155,208,157,-1,157,208,209,-1,157,209,159,-1,159,209,204,-1,159,204,161,-1,
        ]
    }
}
Shape{
    appearance Appearance {
        material  Material 	{
            diffuseColor 0.2235294117647059 0.2235294117647059 0.2235294117647059
            specularColor 0.11372549019607843 0.11372549019607843 0.11372549019607843
            ambientIntensity 0.2
            transparency 0
            shininess 0.5
        }
    }
    geometry IndexedFaceSet {
        ccw TRUE
        solid FALSE
        coord DEF co Coordinate {
            point [
                -0.2012 0.6299 -0.1781, -0.2012 0.6299 -0.2398, -0.2133 0.6299 -0.1781, -0.2128 0.6299 -0.2398, -0.223 0.6299 -0.2387, -0.2298 0.6299 -0.2362, -0.2352 0.6299 -0.2328, -0.2366 0.6299 -0.2314, -0.2406 0.6299 -0.2265, -0.2434 0.6299 -0.2205, -0.2449 0.6299 -0.2132, -0.2452 0.6299 -0.2081, -0.2442 0.6299 -0.1989, -0.242 0.6299 -0.1929, -0.239 0.6299 -0.1882, -0.2364 0.6299 -0.1856, -0.2236 0.6299 -0.1792, -0.2305 0.6299 -0.1817, -0.2305 0.6299 -0.1817
            ]
        }
        coordIndex [
            0,1,2,-1,2,1,3,-1,2,3,4,-1,4,5,2,-1,2,5,6,-1,2,6,7,-1,7,8,2,-1,2,8,9,-1,2,9,10,-1,10,11,2,-1,2,11,12,-1,2,12,13,-1,13,14,2,-1,2,14,15,-1,2,15,16,-1,16,15,17,-1,
        ]
    }
}
Shape{
    appearance Appearance {
        material  Material 	{
            diffuseColor 1.0 1.0 1.0
            specularColor 0.5019607843137255 0.5019607843137255 0.5019607843137255
            ambientIntensity 0.2
            transparency 0
            shininess 0.5
        }
    }
    geometry IndexedFaceSet {
        ccw TRUE
        solid FALSE
        coord DEF co Coordinate {
            point [
                -0.2829 0.6339 -0.218, -0.2949 0.6339 -0.1847, -0.291 0.6339 -0.1688, -0.2605 0.6339 -0.2489, -0.2719 0.6339 -0.2489, -0.2796 0.6339 -0.227, -0.2955 0.6339 -0.1823, -0.2962 0.6339 -0.1791, -0.302 0.6339 -0.1688, -0.2964 0.6339 -0.1791, -0.2971 0.6339 -0.1825, -0.2977 0.6339 -0.1847, -0.3098 0.6339 -0.218, -0.3325 0.6339 -0.2489, -0.3211 0.6339 -0.2489, -0.313 0.6339 -0.227, -0.302 0.6299 -0.1688, -0.3325 0.6299 -0.2489, -0.291 0.6299 -0.1688, -0.2605 0.6299 -0.2489, -0.2836 0.6299 -0.1883, -0.2719 0.6299 -0.2489, -0.2796 0.6299 -0.227, -0.313 0.6299 -0.227, -0.2836 0.6299 -0.227, -0.3211 0.6299 -0.2489, -0.2829 0.6299 -0.218, -0.3098 0.6299 -0.218, -0.2977 0.6299 -0.1847, -0.2964 0.6299 -0.1791, -0.2971 0.6299 -0.1825, -0.2962 0.6299 -0.1791, -0.2949 0.6299 -0.1847, -0.2955 0.6299 -0.1823, -0.2955 0.6299 -0.1823
            ]
        }
        coordIndex [
            0,1,2,-1,3,4,5,-1,1,6,2,-1,2,6,7,-1,2,7,8,-1,8,7,9,-1,8,9,10,-1,10,11,8,-1,8,11,12,-1,8,12,13,-1,14,13,15,-1,15,13,12,-1,15,12,5,-1,5,12,0,-1,5,0,3,-1,3,0,2,-1,8,13,16,-1,16,13,17,-1,2,8,18,-1,18,8,16,-1,19,3,20,-1,20,3,2,-1,20,2,18,-1,4,3,21,-1,21,3,19,-1,5,4,22,-1,22,4,21,-1,23,15,24,-1,24,15,5,-1,24,5,22,-1,14,15,25,-1,25,15,23,-1,13,14,17,-1,17,14,25,-1,0,12,26,-1,26,12,27,-1,12,11,27,-1,27,11,28,-1,9,29,30,-1,9,30,10,-1,10,30,28,-1,10,28,11,-1,9,7,29,-1,29,7,31,-1,1,32,33,-1,1,33,6,-1,6,33,31,-1,6,31,7,-1,1,0,32,-1,32,0,26,-1,
        ]
    }
}
Shape{
    appearance Appearance {
        material  Material 	{
            diffuseColor 0.2235294117647059 0.2235294117647059 0.2235294117647059
            specularColor 0.11372549019607843 0.11372549019607843 0.11372549019607843
            ambientIntensity 0.2
            transparency 0
            shininess 0.5
        }
    }
    geometry IndexedFaceSet {
        ccw TRUE
        solid FALSE
        coord DEF co Coordinate {
            point [
                -0.2964 0.6299 -0.1791, -0.2962 0.6299 -0.1791, -0.2971 0.6299 -0.1825, -0.2955 0.6299 -0.1823, -0.2977 0.6299 -0.1847, -0.2949 0.6299 -0.1847, -0.3098 0.6299 -0.218, -0.2829 0.6299 -0.218, -0.2829 0.6299 -0.218
            ]
        }
        coordIndex [
            0,1,2,-1,2,1,3,-1,2,3,4,-1,4,3,5,-1,4,5,6,-1,6,5,7,-1,
        ]
    }
}
Shape{
    appearance Appearance {
        material  Material 	{
            diffuseColor 1.0 1.0 1.0
            specularColor 0.5019607843137255 0.5019607843137255 0.5019607843137255
            ambientIntensity 0.2
            transparency 0
            shininess 0.5
        }
    }
    geometry IndexedFaceSet {
        ccw TRUE
        solid FALSE
        coord DEF co Coordinate {
            point [
                -0.0543 0.6339 -0.3668, -0.0543 0.6339 -0.3759, -0.0543 0.6299 -0.3668, -0.0543 0.6299 -0.3759, -0.0215 0.6339 -0.3668, -0.0215 0.6299 -0.3668, -0.0215 0.6339 -0.3399, -0.0215 0.6299 -0.3399, -0.0502 0.6339 -0.3399, -0.0502 0.6299 -0.3399, -0.0502 0.6339 -0.3307, -0.0502 0.6299 -0.3307, -0.0215 0.6339 -0.3307, -0.0215 0.6299 -0.3307, -0.0215 0.6339 -0.3051, -0.0215 0.6299 -0.3051, -0.0524 0.6339 -0.3051, -0.0524 0.6299 -0.3051, -0.0524 0.6339 -0.2959, -0.0524 0.6299 -0.2959, -0.0112 0.6339 -0.2959, -0.0112 0.6299 -0.2959, -0.0112 0.6339 -0.3759, -0.0112 0.6299 -0.3759, -0.0864 0.6339 -0.349, -0.0998 0.6339 -0.3472, -0.1098 0.6339 -0.3391, -0.0998 0.6339 -0.3759, -0.1098 0.6339 -0.3759, -0.0998 0.6339 -0.3671, -0.0998 0.6339 -0.3396, -0.078 0.6339 -0.3515, -0.0805 0.6339 -0.3504, -0.0995 0.6339 -0.3671, -0.0945 0.6339 -0.3654, -0.0979 0.6339 -0.3696, -0.0917 0.6339 -0.3674, -0.0998 0.6339 -0.3527, -0.0992 0.6339 -0.3576, -0.0978 0.6339 -0.3612, -0.0955 0.6339 -0.3644, -0.0812 0.6339 -0.3687, -0.082 0.6339 -0.3773, -0.0846 0.6339 -0.3691, -0.0869 0.6339 -0.3768, -0.0887 0.6339 -0.3686, -0.091 0.6339 -0.3754, -0.0947 0.6339 -0.373, -0.0994 0.6339 -0.3352, -0.109 0.6339 -0.3314, -0.0984 0.6339 -0.3316, -0.1074 0.6339 -0.3269, -0.0972 0.6339 -0.3296, -0.1054 0.6339 -0.3237, -0.0957 0.6339 -0.3279, -0.1027 0.6339 -0.3211, -0.094 0.6339 -0.3268, -0.0993 0.6339 -0.3192, -0.0916 0.6339 -0.326, -0.0951 0.6339 -0.318, -0.0882 0.6339 -0.3256, -0.0891 0.6339 -0.3174, -0.0827 0.6339 -0.3261, -0.0789 0.6339 -0.3187, -0.0764 0.6339 -0.3281, -0.0715 0.6339 -0.3216, -0.0694 0.6339 -0.3325, -0.0694 0.6339 -0.3228, -0.0761 0.6339 -0.3656, -0.0688 0.6339 -0.3728, -0.0769 0.6339 -0.3665, -0.072 0.6339 -0.3751, -0.0789 0.6339 -0.3678, -0.0758 0.6339 -0.3765, -0.0806 0.6339 -0.3773, -0.0741 0.6339 -0.3582, -0.0639 0.6339 -0.3594, -0.074 0.6339 -0.3598, -0.0639 0.6339 -0.3606, -0.0743 0.6339 -0.3621, -0.0644 0.6339 -0.3652, -0.0749 0.6339 -0.3639, -0.0656 0.6339 -0.3686, -0.0677 0.6339 -0.3717, -0.0828 0.6339 -0.342, -0.0752 0.6339 -0.3438, -0.0767 0.6339 -0.3526, -0.071 0.6339 -0.346, -0.0755 0.6339 -0.354, -0.0679 0.6339 -0.3487, -0.0746 0.6339 -0.3559, -0.0659 0.6339 -0.3516, -0.0645 0.6339 -0.3551, -0.0891 0.6299 -0.3174, -0.0789 0.6299 -0.3187, -0.0715 0.6299 -0.3216, -0.0694 0.6299 -0.3228, -0.0694 0.6299 -0.3325, -0.0764 0.6299 -0.3281, -0.0827 0.6299 -0.3261, -0.0882 0.6299 -0.3256, -0.0916 0.6299 -0.326, -0.094 0.6299 -0.3268, -0.0957 0.6299 -0.3279, -0.0972 0.6299 -0.3296, -0.0984 0.6299 -0.3316, -0.0994 0.6299 -0.3352, -0.0998 0.6299 -0.3396, -0.0828 0.6299 -0.342, -0.0752 0.6299 -0.3438, -0.071 0.6299 -0.346, -0.0679 0.6299 -0.3487, -0.0659 0.6299 -0.3516, -0.0645 0.6299 -0.3551, -0.0639 0.6299 -0.3594, -0.0639 0.6299 -0.3606, -0.0644 0.6299 -0.3652, -0.0656 0.6299 -0.3686, -0.0677 0.6299 -0.3717, -0.0688 0.6299 -0.3728, -0.082 0.6299 -0.3773, -0.072 0.6299 -0.3751, -0.0758 0.6299 -0.3765, -0.0763 0.6299 -0.3766, -0.0806 0.6299 -0.3773, -0.0869 0.6299 -0.3768, -0.0874 0.6299 -0.3766, -0.091 0.6299 -0.3754, -0.0947 0.6299 -0.373, -0.0979 0.6299 -0.3696, -0.0995 0.6299 -0.3671, -0.0998 0.6299 -0.3671, -0.0998 0.6299 -0.3759, -0.1098 0.6299 -0.3759, -0.1098 0.6299 -0.3391, -0.109 0.6299 -0.3314, -0.1074 0.6299 -0.3269, -0.1054 0.6299 -0.3237, -0.1027 0.6299 -0.3211, -0.0993 0.6299 -0.3192, -0.0951 0.6299 -0.318, -0.0767 0.6299 -0.3526, -0.078 0.6299 -0.3515, -0.0805 0.6299 -0.3504, -0.0864 0.6299 -0.349, -0.074 0.6299 -0.3598, -0.0741 0.6299 -0.3582, -0.0746 0.6299 -0.3559, -0.0755 0.6299 -0.354, -0.0769 0.6299 -0.3665, -0.0761 0.6299 -0.3656, -0.0749 0.6299 -0.3639, -0.0743 0.6299 -0.3621, -0.0846 0.6299 -0.3691, -0.0812 0.6299 -0.3687, -0.0789 0.6299 -0.3678, -0.0955 0.6299 -0.3644, -0.0945 0.6299 -0.3654, -0.0917 0.6299 -0.3674, -0.0887 0.6299 -0.3686, -0.0998 0.6299 -0.3527, -0.0992 0.6299 -0.3576, -0.0978 0.6299 -0.3612, -0.0998 0.6299 -0.3472, -0.0998 0.6299 -0.3472
            ]
        }
        coordIndex [
            0,1,2,-1,2,1,3,-1,4,0,5,-1,5,0,2,-1,6,4,7,-1,7,4,5,-1,8,6,9,-1,9,6,7,-1,10,8,11,-1,11,8,9,-1,12,10,13,-1,13,10,11,-1,14,12,15,-1,15,12,13,-1,16,14,17,-1,17,14,15,-1,18,16,19,-1,19,16,17,-1,20,18,21,-1,21,18,19,-1,22,20,23,-1,23,20,21,-1,1,22,3,-1,3,22,23,-1,1,0,22,-1,22,0,4,-1,8,10,6,-1,6,10,12,-1,16,18,14,-1,14,18,20,-1,14,20,12,-1,12,20,22,-1,12,22,6,-1,6,22,4,-1,24,25,26,-1,27,28,29,-1,29,28,26,-1,30,31,32,-1,33,34,35,-1,35,34,36,-1,25,37,26,-1,26,37,38,-1,26,38,29,-1,29,38,39,-1,29,39,33,-1,33,39,40,-1,33,40,34,-1,41,42,43,-1,43,42,44,-1,43,44,45,-1,45,44,46,-1,45,46,36,-1,36,46,47,-1,36,47,35,-1,32,24,30,-1,30,24,26,-1,30,26,48,-1,48,26,49,-1,48,49,50,-1,50,49,51,-1,50,51,52,-1,52,51,53,-1,52,53,54,-1,54,53,55,-1,54,55,56,-1,56,55,57,-1,56,57,58,-1,58,57,59,-1,58,59,60,-1,60,59,61,-1,60,61,62,-1,62,61,63,-1,62,63,64,-1,64,63,65,-1,64,65,66,-1,66,65,67,-1,68,69,70,-1,70,69,71,-1,70,71,72,-1,72,71,73,-1,72,73,41,-1,41,73,74,-1,41,74,42,-1,75,76,77,-1,77,76,78,-1,77,78,79,-1,79,78,80,-1,79,80,81,-1,81,80,82,-1,81,82,68,-1,68,82,83,-1,68,83,69,-1,30,84,31,-1,31,84,85,-1,31,85,86,-1,86,85,87,-1,86,87,88,-1,88,87,89,-1,88,89,90,-1,90,89,91,-1,90,91,75,-1,75,91,92,-1,75,92,76,-1,61,93,94,-1,61,94,63,-1,63,94,95,-1,63,95,65,-1,65,95,96,-1,65,96,67,-1,66,67,97,-1,97,67,96,-1,66,97,98,-1,66,98,64,-1,64,98,99,-1,64,99,62,-1,62,99,100,-1,62,100,60,-1,60,100,101,-1,60,101,58,-1,58,101,102,-1,58,102,56,-1,56,102,103,-1,56,103,54,-1,54,103,104,-1,54,104,52,-1,52,104,105,-1,52,105,50,-1,50,105,106,-1,50,106,48,-1,48,106,107,-1,48,107,30,-1,84,30,108,-1,108,30,107,-1,84,108,109,-1,84,109,85,-1,85,109,110,-1,85,110,87,-1,87,110,111,-1,87,111,89,-1,89,111,112,-1,89,112,91,-1,91,112,113,-1,91,113,92,-1,92,113,114,-1,92,114,76,-1,76,114,115,-1,76,115,78,-1,78,115,116,-1,78,116,80,-1,80,116,117,-1,80,117,82,-1,82,117,118,-1,82,118,83,-1,83,118,119,-1,83,119,69,-1,120,42,74,-1,69,119,121,-1,69,121,71,-1,71,121,122,-1,71,122,73,-1,73,122,123,-1,73,123,74,-1,74,123,124,-1,74,124,120,-1,42,120,125,-1,42,125,44,-1,44,125,126,-1,44,126,46,-1,126,127,46,-1,46,127,128,-1,46,128,47,-1,47,128,129,-1,47,129,35,-1,35,129,130,-1,35,130,33,-1,29,33,131,-1,131,33,130,-1,27,29,132,-1,132,29,131,-1,28,27,133,-1,133,27,132,-1,26,28,134,-1,134,28,133,-1,26,134,135,-1,26,135,49,-1,49,135,136,-1,49,136,51,-1,51,136,137,-1,51,137,53,-1,53,137,138,-1,53,138,55,-1,55,138,139,-1,55,139,57,-1,57,139,140,-1,57,140,59,-1,59,140,93,-1,59,93,61,-1,86,141,142,-1,86,142,31,-1,31,142,143,-1,31,143,32,-1,32,143,144,-1,32,144,24,-1,77,145,146,-1,77,146,75,-1,75,146,147,-1,75,147,90,-1,90,147,148,-1,90,148,88,-1,88,148,141,-1,88,141,86,-1,70,149,150,-1,70,150,68,-1,68,150,151,-1,68,151,81,-1,81,151,152,-1,81,152,79,-1,79,152,145,-1,79,145,77,-1,43,153,154,-1,43,154,41,-1,41,154,155,-1,41,155,72,-1,72,155,149,-1,72,149,70,-1,40,156,157,-1,40,157,34,-1,34,157,158,-1,34,158,36,-1,36,158,159,-1,36,159,45,-1,45,159,153,-1,45,153,43,-1,37,160,161,-1,37,161,38,-1,38,161,162,-1,38,162,39,-1,39,162,156,-1,39,156,40,-1,37,25,160,-1,160,25,163,-1,25,24,163,-1,163,24,144,-1,
        ]
    }
}
Shape{
    appearance Appearance {
        material  Material 	{
            diffuseColor 0.2235294117647059 0.2235294117647059 0.2235294117647059
            specularColor 0.11372549019607843 0.11372549019607843 0.11372549019607843
            ambientIntensity 0.2
            transparency 0
            shininess 0.5
        }
    }
    geometry IndexedFaceSet {
        ccw TRUE
        solid FALSE
        coord DEF co Coordinate {
            point [
                -0.0998 0.6299 -0.3527, -0.0998 0.6299 -0.3472, -0.0864 0.6299 -0.349, -0.0945 0.6299 -0.3654, -0.0955 0.6299 -0.3644, -0.0887 0.6299 -0.3686, -0.0805 0.6299 -0.3504, -0.078 0.6299 -0.3515, -0.0917 0.6299 -0.3674, -0.0978 0.6299 -0.3612, -0.0992 0.6299 -0.3576, -0.0746 0.6299 -0.3559, -0.0741 0.6299 -0.3582, -0.074 0.6299 -0.3598, -0.0743 0.6299 -0.3621, -0.0789 0.6299 -0.3678, -0.0812 0.6299 -0.3687, -0.0769 0.6299 -0.3665, -0.0846 0.6299 -0.3691, -0.0767 0.6299 -0.3526, -0.0755 0.6299 -0.354, -0.0749 0.6299 -0.3639, -0.0761 0.6299 -0.3656, -0.0761 0.6299 -0.3656
            ]
        }
        coordIndex [
            0,1,2,-1,3,4,2,-1,5,6,7,-1,6,5,2,-1,2,5,8,-1,2,8,3,-1,4,9,2,-1,2,9,10,-1,2,10,0,-1,11,12,5,-1,5,12,13,-1,5,13,14,-1,15,16,17,-1,17,16,18,-1,17,18,5,-1,7,19,5,-1,5,19,20,-1,5,20,11,-1,14,21,5,-1,5,21,22,-1,5,22,17,-1,
        ]
    }
}
Shape{
    appearance Appearance {
        material  Material 	{
            diffuseColor 1.0 1.0 1.0
            specularColor 0.5019607843137255 0.5019607843137255 0.5019607843137255
            ambientIntensity 0.2
            transparency 0
            shininess 0.5
        }
    }
    geometry IndexedFaceSet {
        ccw TRUE
        solid FALSE
        coord DEF co Coordinate {
            point [
                -0.1234 0.6299 -0.3636, -0.1234 0.6339 -0.3636, -0.127 0.6339 -0.3658, -0.1399 0.6339 -0.3691, -0.1399 0.6299 -0.3691, -0.1333 0.6299 -0.3683, -0.1333 0.6339 -0.3683, -0.128 0.6299 -0.3662, -0.127 0.6299 -0.3658, -0.1234 0.6339 -0.3739, -0.1234 0.6299 -0.3739, -0.1304 0.6339 -0.3764, -0.128 0.6299 -0.3756, -0.1389 0.6299 -0.3773, -0.1389 0.6339 -0.3773, -0.1324 0.6299 -0.3766, -0.1304 0.6299 -0.3764, -0.1481 0.6339 -0.3762, -0.1445 0.6299 -0.3766, -0.1481 0.6299 -0.3762, -0.1533 0.6299 -0.3741, -0.1533 0.6339 -0.3741, -0.1556 0.6299 -0.3727, -0.1556 0.6339 -0.3727, -0.1587 0.6299 -0.37, -0.1587 0.6339 -0.37, -0.1605 0.6299 -0.3673, -0.1605 0.6339 -0.3673, -0.1616 0.6299 -0.3641, -0.1616 0.6339 -0.3641, -0.162 0.6299 -0.3604, -0.162 0.6339 -0.3604, -0.1615 0.6299 -0.3563, -0.1615 0.6339 -0.3563, -0.1604 0.6299 -0.3534, -0.1604 0.6339 -0.3534, -0.1587 0.6299 -0.3509, -0.1587 0.6339 -0.3509, -0.1563 0.6299 -0.3488, -0.1563 0.6339 -0.3488, -0.1496 0.6299 -0.3451, -0.1496 0.6339 -0.3451, -0.1457 0.6299 -0.3435, -0.1457 0.6339 -0.3435, -0.1395 0.6299 -0.3408, -0.1395 0.6339 -0.3408, -0.136 0.6299 -0.3386, -0.136 0.6339 -0.3386, -0.135 0.6299 -0.3375, -0.135 0.6339 -0.3375, -0.1343 0.6299 -0.3362, -0.1343 0.6339 -0.3362, -0.1339 0.6299 -0.3346, -0.1339 0.6339 -0.3346, -0.1338 0.6299 -0.3333, -0.1338 0.6339 -0.3333, -0.134 0.6299 -0.3317, -0.134 0.6339 -0.3317, -0.1345 0.6299 -0.3303, -0.1345 0.6339 -0.3303, -0.1353 0.6299 -0.3291, -0.1353 0.6339 -0.3291, -0.1368 0.6299 -0.3277, -0.1368 0.6339 -0.3277, -0.1391 0.6299 -0.3265, -0.1391 0.6339 -0.3265, -0.1418 0.6299 -0.3258, -0.1418 0.6339 -0.3258, -0.1447 0.6299 -0.3256, -0.1447 0.6339 -0.3256, -0.1518 0.6299 -0.3264, -0.1518 0.6339 -0.3264, -0.1574 0.6299 -0.3286, -0.1574 0.6339 -0.3286, -0.1593 0.6299 -0.3297, -0.1593 0.6339 -0.3297, -0.1593 0.6339 -0.32, -0.1593 0.6299 -0.32, -0.1528 0.6299 -0.3181, -0.1528 0.6339 -0.3181, -0.1457 0.6299 -0.3174, -0.1457 0.6339 -0.3174, -0.1377 0.6299 -0.3184, -0.1377 0.6339 -0.3184, -0.1323 0.6299 -0.3205, -0.1323 0.6339 -0.3205, -0.1299 0.6299 -0.322, -0.1299 0.6339 -0.322, -0.128 0.6299 -0.3237, -0.1267 0.6339 -0.3249, -0.1267 0.6299 -0.3249, -0.1249 0.6299 -0.3276, -0.1249 0.6339 -0.3276, -0.1238 0.6299 -0.3308, -0.1238 0.6339 -0.3308, -0.1235 0.6299 -0.3342, -0.1235 0.6339 -0.3342, -0.124 0.6299 -0.3384, -0.124 0.6339 -0.3384, -0.1251 0.6299 -0.3414, -0.1251 0.6339 -0.3414, -0.1263 0.6299 -0.3432, -0.1263 0.6339 -0.3432, -0.1386 0.6299 -0.3508, -0.1386 0.6339 -0.3508, -0.1327 0.6339 -0.3481, -0.1279 0.6299 -0.3449, -0.1279 0.6339 -0.3449, -0.128 0.6299 -0.345, -0.1327 0.6299 -0.3481, -0.1452 0.6299 -0.3536, -0.1452 0.6339 -0.3536, -0.1491 0.6299 -0.3559, -0.1491 0.6339 -0.3559, -0.1504 0.6299 -0.3572, -0.1504 0.6339 -0.3572, -0.1512 0.6299 -0.3586, -0.1512 0.6339 -0.3586, -0.1516 0.6299 -0.3601, -0.1516 0.6339 -0.3601, -0.1517 0.6299 -0.3614, -0.1517 0.6339 -0.3614, -0.1515 0.6299 -0.3633, -0.1515 0.6339 -0.3633, -0.151 0.6299 -0.3647, -0.151 0.6339 -0.3647, -0.1501 0.6299 -0.366, -0.1501 0.6339 -0.366, -0.149 0.6299 -0.367, -0.149 0.6339 -0.367, -0.1481 0.6299 -0.3676, -0.1481 0.6339 -0.3676, -0.1455 0.6299 -0.3685, -0.1455 0.6339 -0.3685, -0.1403 0.6299 -0.3691, -0.1403 0.6339 -0.3691, -0.2117 0.6339 -0.3188, -0.2221 0.6339 -0.3188, -0.2117 0.6299 -0.3188, -0.2221 0.6299 -0.3188, -0.1961 0.6339 -0.3618, -0.1961 0.6299 -0.3618, -0.1954 0.6299 -0.3645, -0.1954 0.6339 -0.3645, -0.1949 0.6299 -0.3664, -0.1949 0.6339 -0.3664, -0.1946 0.6339 -0.3664, -0.1946 0.6299 -0.3664, -0.1934 0.6339 -0.3617, -0.1934 0.6299 -0.3617, -0.1785 0.6299 -0.3188, -0.1785 0.6339 -0.3188, -0.1833 0.6299 -0.3327, -0.1672 0.6339 -0.3188, -0.1672 0.6299 -0.3188, -0.1897 0.6299 -0.3758, -0.1897 0.6339 -0.3758, -0.1833 0.6299 -0.3596, -0.1853 0.6299 -0.3862, -0.1853 0.6339 -0.3862, -0.1893 0.6299 -0.3766, -0.1833 0.6299 -0.3897, -0.1831 0.6339 -0.3901, -0.1831 0.6299 -0.3901, -0.181 0.6299 -0.3923, -0.181 0.6339 -0.3923, -0.1791 0.6299 -0.3934, -0.1791 0.6339 -0.3934, -0.1769 0.6299 -0.3941, -0.1769 0.6339 -0.3941, -0.175 0.6299 -0.3943, -0.175 0.6339 -0.3943, -0.1714 0.6299 -0.3938, -0.1714 0.6339 -0.3938, -0.1693 0.6299 -0.3931, -0.1693 0.6339 -0.3931, -0.1693 0.6339 -0.4021, -0.1693 0.6299 -0.4021, -0.1735 0.6299 -0.4028, -0.1735 0.6339 -0.4028, -0.1758 0.6299 -0.4029, -0.1758 0.6339 -0.4029, -0.18 0.6299 -0.4024, -0.18 0.6339 -0.4024, -0.1833 0.6299 -0.4011, -0.1839 0.6339 -0.4008, -0.1839 0.6299 -0.4008, -0.1874 0.6299 -0.3983, -0.1874 0.6339 -0.3983, -0.1876 0.6299 -0.3982, -0.1876 0.6339 -0.3982, -0.1913 0.6299 -0.3939, -0.1913 0.6339 -0.3939, -0.1961 0.6299 -0.3847, -0.1961 0.6339 -0.3847, -0.1962 0.6299 -0.3846, -0.1962 0.6339 -0.3846, -0.1993 0.6299 -0.3766, -0.276 0.6339 -0.3668, -0.276 0.6339 -0.3759, -0.276 0.6299 -0.3668, -0.276 0.6299 -0.3759, -0.2433 0.6299 -0.3668, -0.2433 0.6339 -0.3668, -0.2583 0.6299 -0.3668, -0.2433 0.6339 -0.3399, -0.2433 0.6299 -0.3399, -0.2719 0.6299 -0.3399, -0.2719 0.6339 -0.3399, -0.2583 0.6299 -0.3399, -0.2719 0.6339 -0.3307, -0.2719 0.6299 -0.3307, -0.2433 0.6299 -0.3307, -0.2433 0.6339 -0.3307, -0.2583 0.6299 -0.3307, -0.2433 0.6339 -0.3051, -0.2433 0.6299 -0.3051, -0.2742 0.6299 -0.3051, -0.2742 0.6339 -0.3051, -0.2583 0.6299 -0.3051, -0.2742 0.6339 -0.2959, -0.2742 0.6299 -0.2959, -0.2329 0.6299 -0.2959, -0.2329 0.6339 -0.2959, -0.2583 0.6299 -0.2959, -0.2329 0.6339 -0.3759, -0.2329 0.6299 -0.3759, -0.2583 0.6299 -0.3759, -0.3409 0.6339 -0.3535, -0.3369 0.6339 -0.3585, -0.3442 0.6339 -0.3647, -0.3354 0.6339 -0.3598, -0.336 0.6339 -0.3707, -0.3301 0.6339 -0.3633, -0.3269 0.6339 -0.3742, -0.3233 0.6339 -0.3657, -0.3132 0.6339 -0.3759, -0.3131 0.6339 -0.3668, -0.2911 0.6339 -0.3759, -0.3015 0.6339 -0.3668, -0.2911 0.6339 -0.2959, -0.3015 0.6339 -0.3051, -0.314 0.6339 -0.2959, -0.3136 0.6339 -0.3051, -0.3262 0.6339 -0.2972, -0.3239 0.6339 -0.3062, -0.3359 0.6339 -0.3007, -0.3308 0.6339 -0.3087, -0.3442 0.6339 -0.3065, -0.3367 0.6339 -0.3126, -0.347 0.6339 -0.3092, -0.3393 0.6339 -0.3153, -0.352 0.6339 -0.3161, -0.3423 0.6339 -0.3199, -0.355 0.6339 -0.3237, -0.3445 0.6339 -0.3259, -0.3563 0.6339 -0.3349, -0.3455 0.6339 -0.3352, -0.3561 0.6339 -0.34, -0.3452 0.6339 -0.3402, -0.3541 0.6339 -0.3493, -0.3436 0.6339 -0.3476, -0.3502 0.6339 -0.3576, -0.3132 0.6299 -0.3759, -0.2911 0.6299 -0.3759, -0.3269 0.6299 -0.3742, -0.336 0.6299 -0.3707, -0.3442 0.6299 -0.3647, -0.3502 0.6299 -0.3576, -0.3541 0.6299 -0.3493, -0.3561 0.6299 -0.34, -0.3563 0.6299 -0.3349, -0.355 0.6299 -0.3237, -0.352 0.6299 -0.3161, -0.347 0.6299 -0.3092, -0.3442 0.6299 -0.3065, -0.3359 0.6299 -0.3007, -0.3262 0.6299 -0.2972, -0.314 0.6299 -0.2959, -0.2911 0.6299 -0.2959, -0.3136 0.6299 -0.3051, -0.3015 0.6299 -0.3051, -0.3015 0.6299 -0.3668, -0.3131 0.6299 -0.3668, -0.3369 0.6299 -0.3585, -0.3354 0.6299 -0.3598, -0.3301 0.6299 -0.3633, -0.3233 0.6299 -0.3657, -0.3455 0.6299 -0.3352, -0.3452 0.6299 -0.3402, -0.3436 0.6299 -0.3476, -0.3409 0.6299 -0.3535, -0.3367 0.6299 -0.3126, -0.3393 0.6299 -0.3153, -0.3423 0.6299 -0.3199, -0.3445 0.6299 -0.3259, -0.3239 0.6299 -0.3062, -0.3308 0.6299 -0.3087, -0.3308 0.6299 -0.3087
            ]
        }
        coordIndex [
            0,1,2,-1,3,4,5,-1,3,5,6,-1,6,5,7,-1,6,7,2,-1,2,7,8,-1,2,8,0,-1,9,1,10,-1,10,1,0,-1,9,10,11,-1,11,10,12,-1,13,14,15,-1,15,14,11,-1,15,11,16,-1,16,11,12,-1,14,13,17,-1,17,13,18,-1,18,19,17,-1,17,19,20,-1,17,20,21,-1,21,20,22,-1,21,22,23,-1,23,22,24,-1,23,24,25,-1,25,24,26,-1,25,26,27,-1,27,26,28,-1,27,28,29,-1,29,28,30,-1,29,30,31,-1,31,30,32,-1,31,32,33,-1,33,32,34,-1,33,34,35,-1,35,34,36,-1,35,36,37,-1,37,36,38,-1,37,38,39,-1,39,38,40,-1,39,40,41,-1,41,40,42,-1,41,42,43,-1,43,42,44,-1,43,44,45,-1,45,44,46,-1,45,46,47,-1,47,46,48,-1,47,48,49,-1,49,48,50,-1,49,50,51,-1,51,50,52,-1,51,52,53,-1,53,52,54,-1,53,54,55,-1,55,54,56,-1,55,56,57,-1,57,56,58,-1,57,58,59,-1,59,58,60,-1,59,60,61,-1,61,60,62,-1,61,62,63,-1,63,62,64,-1,63,64,65,-1,65,64,66,-1,65,66,67,-1,67,66,68,-1,67,68,69,-1,69,68,70,-1,69,70,71,-1,71,70,72,-1,71,72,73,-1,73,72,74,-1,73,74,75,-1,76,75,77,-1,77,75,74,-1,76,77,78,-1,76,78,79,-1,79,78,80,-1,79,80,81,-1,81,80,82,-1,81,82,83,-1,83,82,84,-1,83,84,85,-1,85,84,86,-1,85,86,87,-1,86,88,87,-1,87,88,89,-1,88,90,89,-1,89,90,91,-1,89,91,92,-1,92,91,93,-1,92,93,94,-1,94,93,95,-1,94,95,96,-1,96,95,97,-1,96,97,98,-1,98,97,99,-1,98,99,100,-1,100,99,101,-1,100,101,102,-1,103,104,105,-1,102,101,106,-1,102,106,107,-1,107,106,108,-1,107,108,105,-1,105,108,109,-1,105,109,103,-1,104,103,110,-1,104,110,111,-1,111,110,112,-1,111,112,113,-1,113,112,114,-1,113,114,115,-1,115,114,116,-1,115,116,117,-1,117,116,118,-1,117,118,119,-1,119,118,120,-1,119,120,121,-1,121,120,122,-1,121,122,123,-1,123,122,124,-1,123,124,125,-1,125,124,126,-1,125,126,127,-1,127,126,128,-1,127,128,129,-1,129,128,130,-1,129,130,131,-1,131,130,132,-1,131,132,133,-1,133,132,134,-1,133,134,135,-1,135,134,4,-1,135,4,3,-1,59,61,87,-1,87,61,85,-1,85,61,63,-1,85,63,83,-1,125,25,27,-1,111,43,104,-1,104,43,45,-1,125,27,123,-1,123,27,29,-1,123,29,121,-1,121,29,31,-1,121,31,119,-1,119,31,33,-1,119,33,117,-1,117,33,35,-1,117,35,115,-1,115,35,37,-1,115,37,113,-1,113,37,39,-1,113,39,111,-1,111,39,41,-1,111,41,43,-1,25,125,23,-1,23,125,127,-1,23,127,21,-1,14,3,11,-1,11,3,6,-1,11,6,9,-1,9,6,2,-1,9,2,1,-1,63,65,83,-1,83,65,67,-1,83,67,81,-1,81,67,69,-1,81,69,79,-1,79,69,71,-1,79,71,76,-1,76,71,73,-1,76,73,75,-1,127,129,21,-1,21,129,131,-1,21,131,17,-1,17,131,133,-1,17,133,14,-1,14,133,135,-1,14,135,3,-1,87,89,59,-1,59,89,92,-1,59,92,57,-1,57,92,94,-1,57,94,55,-1,55,94,96,-1,55,96,53,-1,53,96,98,-1,53,98,51,-1,51,98,100,-1,51,100,49,-1,49,100,102,-1,49,102,47,-1,47,102,107,-1,47,107,45,-1,45,107,105,-1,45,105,104,-1,136,137,138,-1,138,137,139,-1,140,136,141,-1,141,136,138,-1,140,141,142,-1,140,142,143,-1,143,142,144,-1,143,144,145,-1,146,145,147,-1,147,145,144,-1,148,146,149,-1,149,146,147,-1,150,151,152,-1,152,151,148,-1,152,148,149,-1,153,151,154,-1,154,151,150,-1,155,156,157,-1,157,156,153,-1,157,153,154,-1,158,159,160,-1,160,159,156,-1,160,156,155,-1,158,161,159,-1,159,161,162,-1,161,163,162,-1,162,163,164,-1,162,164,165,-1,165,164,166,-1,165,166,167,-1,167,166,168,-1,167,168,169,-1,169,168,170,-1,169,170,171,-1,171,170,172,-1,171,172,173,-1,173,172,174,-1,173,174,175,-1,176,175,177,-1,177,175,174,-1,176,177,178,-1,176,178,179,-1,179,178,180,-1,179,180,181,-1,181,180,182,-1,181,182,183,-1,183,182,184,-1,183,184,185,-1,184,186,185,-1,185,186,187,-1,185,187,188,-1,188,187,189,-1,188,189,190,-1,190,189,191,-1,190,191,192,-1,192,191,193,-1,192,193,194,-1,194,193,195,-1,194,195,196,-1,139,137,197,-1,197,137,196,-1,197,196,195,-1,143,145,196,-1,137,136,196,-1,196,136,140,-1,196,140,143,-1,151,153,148,-1,148,153,156,-1,148,156,146,-1,145,146,196,-1,196,146,156,-1,196,156,194,-1,194,156,159,-1,194,159,192,-1,192,159,162,-1,192,162,190,-1,190,162,165,-1,175,176,173,-1,173,176,179,-1,173,179,171,-1,171,179,181,-1,171,181,169,-1,169,181,183,-1,169,183,167,-1,167,183,185,-1,167,185,165,-1,165,185,188,-1,165,188,190,-1,198,199,200,-1,200,199,201,-1,202,203,204,-1,204,203,198,-1,204,198,200,-1,205,203,206,-1,206,203,202,-1,207,208,209,-1,209,208,205,-1,209,205,206,-1,210,208,211,-1,211,208,207,-1,212,213,214,-1,214,213,210,-1,214,210,211,-1,215,213,216,-1,216,213,212,-1,217,218,219,-1,219,218,215,-1,219,215,216,-1,220,218,221,-1,221,218,217,-1,222,223,224,-1,224,223,220,-1,224,220,221,-1,225,223,226,-1,226,223,222,-1,201,199,227,-1,227,199,225,-1,227,225,226,-1,199,198,225,-1,225,198,203,-1,208,210,205,-1,205,210,213,-1,218,220,215,-1,215,220,223,-1,215,223,213,-1,213,223,225,-1,213,225,205,-1,205,225,203,-1,228,229,230,-1,230,229,231,-1,230,231,232,-1,232,231,233,-1,232,233,234,-1,234,233,235,-1,234,235,236,-1,236,235,237,-1,236,237,238,-1,238,237,239,-1,238,239,240,-1,240,239,241,-1,240,241,242,-1,242,241,243,-1,242,243,244,-1,244,243,245,-1,244,245,246,-1,246,245,247,-1,246,247,248,-1,248,247,249,-1,248,249,250,-1,250,249,251,-1,250,251,252,-1,252,251,253,-1,252,253,254,-1,254,253,255,-1,254,255,256,-1,256,255,257,-1,256,257,258,-1,258,257,259,-1,258,259,260,-1,260,259,261,-1,260,261,262,-1,262,261,228,-1,262,228,230,-1,236,238,263,-1,263,238,264,-1,236,263,265,-1,236,265,234,-1,234,265,266,-1,234,266,232,-1,232,266,267,-1,232,267,230,-1,230,267,268,-1,230,268,262,-1,262,268,269,-1,262,269,260,-1,260,269,270,-1,260,270,258,-1,258,270,271,-1,258,271,256,-1,256,271,272,-1,256,272,254,-1,254,272,273,-1,254,273,252,-1,252,273,274,-1,252,274,250,-1,250,274,275,-1,250,275,248,-1,248,275,276,-1,248,276,246,-1,246,276,277,-1,246,277,244,-1,244,277,278,-1,244,278,242,-1,240,242,279,-1,279,242,278,-1,238,240,264,-1,264,240,279,-1,243,241,280,-1,280,241,281,-1,241,239,281,-1,281,239,282,-1,239,237,282,-1,282,237,283,-1,229,284,285,-1,229,285,231,-1,231,285,286,-1,231,286,233,-1,233,286,287,-1,233,287,235,-1,235,287,283,-1,235,283,237,-1,257,288,289,-1,257,289,259,-1,259,289,290,-1,259,290,261,-1,261,290,291,-1,261,291,228,-1,228,291,284,-1,228,284,229,-1,249,292,293,-1,249,293,251,-1,251,293,294,-1,251,294,253,-1,253,294,295,-1,253,295,255,-1,255,295,288,-1,255,288,257,-1,243,280,296,-1,243,296,245,-1,245,296,297,-1,245,297,247,-1,247,297,292,-1,247,292,249,-1,
        ]
    }
}
Shape{
    appearance Appearance {
        material  Material 	{
            diffuseColor 0.2235294117647059 0.2235294117647059 0.2235294117647059
            specularColor 0.11372549019607843 0.11372549019607843 0.11372549019607843
            ambientIntensity 0.2
            transparency 0
            shininess 0.5
        }
    }
    geometry IndexedFaceSet {
        ccw TRUE
        solid FALSE
        coord DEF co Coordinate {
            point [
                -0.3015 0.6299 -0.3051, -0.3015 0.6299 -0.3668, -0.3136 0.6299 -0.3051, -0.3131 0.6299 -0.3668, -0.3233 0.6299 -0.3657, -0.3301 0.6299 -0.3633, -0.3354 0.6299 -0.3598, -0.3369 0.6299 -0.3585, -0.3409 0.6299 -0.3535, -0.3436 0.6299 -0.3476, -0.3452 0.6299 -0.3402, -0.3455 0.6299 -0.3352, -0.3445 0.6299 -0.3259, -0.3423 0.6299 -0.3199, -0.3393 0.6299 -0.3153, -0.3367 0.6299 -0.3126, -0.3239 0.6299 -0.3062, -0.3308 0.6299 -0.3087, -0.3308 0.6299 -0.3087
            ]
        }
        coordIndex [
            0,1,2,-1,2,1,3,-1,2,3,4,-1,4,5,2,-1,2,5,6,-1,2,6,7,-1,7,8,2,-1,2,8,9,-1,2,9,10,-1,10,11,2,-1,2,11,12,-1,2,12,13,-1,13,14,2,-1,2,14,15,-1,2,15,16,-1,16,15,17,-1,
        ]
    }
}
Shape{
    appearance Appearance {
        material  Material 	{
            diffuseColor 1.0 1.0 1.0
            specularColor 0.5019607843137255 0.5019607843137255 0.5019607843137255
            ambientIntensity 0.2
            transparency 0
            shininess 0.5
        }
    }
    geometry IndexedFaceSet {
        ccw TRUE
        solid FALSE
        coord DEF co Coordinate {
            point [
                -0.3832 0.6339 -0.345, -0.3951 0.6339 -0.3117, -0.3913 0.6339 -0.2959, -0.3608 0.6339 -0.3759, -0.3722 0.6339 -0.3759, -0.3799 0.6339 -0.354, -0.3958 0.6339 -0.3093, -0.3964 0.6339 -0.3061, -0.4023 0.6339 -0.2959, -0.3967 0.6339 -0.3061, -0.3973 0.6339 -0.3095, -0.3979 0.6339 -0.3117, -0.41 0.6339 -0.345, -0.4328 0.6339 -0.3759, -0.4214 0.6339 -0.3759, -0.4132 0.6339 -0.354, -0.4023 0.6299 -0.2959, -0.4328 0.6299 -0.3759, -0.3913 0.6299 -0.2959, -0.3608 0.6299 -0.3759, -0.3722 0.6299 -0.3759, -0.3799 0.6299 -0.354, -0.4132 0.6299 -0.354, -0.4214 0.6299 -0.3759, -0.3832 0.6299 -0.345, -0.41 0.6299 -0.345, -0.3979 0.6299 -0.3117, -0.3967 0.6299 -0.3061, -0.3973 0.6299 -0.3095, -0.3964 0.6299 -0.3061, -0.3951 0.6299 -0.3117, -0.3958 0.6299 -0.3093, -0.3958 0.6299 -0.3093
            ]
        }
        coordIndex [
            0,1,2,-1,3,4,5,-1,1,6,2,-1,2,6,7,-1,2,7,8,-1,8,7,9,-1,8,9,10,-1,10,11,8,-1,8,11,12,-1,8,12,13,-1,14,13,15,-1,15,13,12,-1,15,12,5,-1,5,12,0,-1,5,0,3,-1,3,0,2,-1,8,13,16,-1,16,13,17,-1,2,8,18,-1,18,8,16,-1,3,2,19,-1,19,2,18,-1,4,3,20,-1,20,3,19,-1,5,4,21,-1,21,4,20,-1,15,5,22,-1,22,5,21,-1,14,15,23,-1,23,15,22,-1,13,14,17,-1,17,14,23,-1,0,12,24,-1,24,12,25,-1,12,11,25,-1,25,11,26,-1,9,27,28,-1,9,28,10,-1,10,28,26,-1,10,26,11,-1,9,7,27,-1,27,7,29,-1,1,30,31,-1,1,31,6,-1,6,31,29,-1,6,29,7,-1,1,0,30,-1,30,0,24,-1,
        ]
    }
}
Shape{
    appearance Appearance {
        material  Material 	{
            diffuseColor 0.2235294117647059 0.2235294117647059 0.2235294117647059
            specularColor 0.11372549019607843 0.11372549019607843 0.11372549019607843
            ambientIntensity 0.2
            transparency 0
            shininess 0.5
        }
    }
    geometry IndexedFaceSet {
        ccw TRUE
        solid FALSE
        coord DEF co Coordinate {
            point [
                -0.3967 0.6299 -0.3061, -0.3964 0.6299 -0.3061, -0.3973 0.6299 -0.3095, -0.3958 0.6299 -0.3093, -0.3979 0.6299 -0.3117, -0.3951 0.6299 -0.3117, -0.41 0.6299 -0.345, -0.3832 0.6299 -0.345, -0.3832 0.6299 -0.345
            ]
        }
        coordIndex [
            0,1,2,-1,2,1,3,-1,2,3,4,-1,4,3,5,-1,4,5,6,-1,6,5,7,-1,
        ]
    }
}
Shape{
    appearance Appearance {
        material  Material 	{
            diffuseColor 1.0 1.0 1.0
            specularColor 0.5019607843137255 0.5019607843137255 0.5019607843137255
            ambientIntensity 0.2
            transparency 0
            shininess 0.5
        }
    }
    geometry IndexedFaceSet {
        ccw TRUE
        solid FALSE
        coord DEF co Coordinate {
            point [
                0.3424 0.6339 -0.3873, 0.334 0.6339 -0.3977, 0.3476 0.6339 -0.3369, 0.1574 0.6339 -0.309, 0.1751 0.6339 -0.2789, 0.2514 0.6339 -0.3187, 0.2847 0.6339 -0.3376, 0.29 0.6339 -0.3357, 0.2946 0.6339 -0.3352, 0.2371 0.6339 -0.3512, 0.2726 0.6339 -0.3546, 0.2371 0.6339 -0.3569, 0.2726 0.6339 -0.3602, 0.2801 0.6339 -0.3406, 0.2764 0.6339 -0.3447, 0.2739 0.6339 -0.3494, 0.3599 0.6339 -0.3293, 0.3586 0.6339 -0.3717, 0.3481 0.6339 -0.3751, 0.2871 0.6339 -0.2998, 0.294 0.6339 -0.2994, 0.3043 0.6339 -0.3375, 0.1386 0.6339 -0.2527, 0.1341 0.6339 -0.2527, 0.1107 0.6339 -0.2219, 0.1233 0.6339 -0.254, 0.1068 0.6339 -0.2233, 0.1133 0.6339 -0.2578, 0.09 0.6339 -0.232, 0.0748 0.6339 -0.2452, 0.2988 0.6339 -0.2339, 0.2946 0.6339 -0.2362, 0.3123 0.6339 -0.1946, 0.2868 0.6339 -0.2196, 0.3006 0.6339 -0.181, 0.2744 0.6339 -0.2041, 0.2872 0.6339 -0.1696, 0.2587 0.6339 -0.1922, 0.2734 0.6339 -0.161, 0.3093 0.6339 -0.3741, 0.3047 0.6339 -0.3772, 0.3229 0.6339 -0.4061, 0.2994 0.6339 -0.3791, 0.2734 0.6339 -0.3032, 0.3076 0.6339 -0.301, 0.3202 0.6339 -0.3058, 0.3088 0.6339 -0.3404, 0.3318 0.6339 -0.3139, 0.3126 0.6339 -0.3444, 0.3412 0.6339 -0.3247, 0.3153 0.6339 -0.3494, 0.3167 0.6339 -0.3548, 0.1632 0.6339 -0.3759, 0.1608 0.6339 -0.3762, 0.1563 0.6339 -0.3415, 0.2472 0.6339 -0.1509, 0.2402 0.6339 -0.1845, 0.2189 0.6339 -0.1474, 0.1415 0.6339 -0.177, 0.1604 0.6339 -0.2065, 0.1229 0.6339 -0.1984, 0.1484 0.6339 -0.2226, 0.1407 0.6339 -0.2414, 0.3702 0.6339 -0.3188, 0.3937 0.6339 -0.3478, 0.3787 0.6339 -0.361, 0.38 0.6339 -0.2708, 0.4173 0.6339 -0.2784, 0.3817 0.6339 -0.2846, 0.4176 0.6339 -0.2857, 0.3811 0.6339 -0.2932, 0.4155 0.6339 -0.305, 0.377 0.6339 -0.3072, 0.4081 0.6339 -0.3264, 0.3962 0.6339 -0.3448, 0.1045 0.6339 -0.264, 0.0979 0.6339 -0.2714, 0.0634 0.6339 -0.2616, 0.0926 0.6339 -0.2812, 0.0567 0.6339 -0.2791, 0.0899 0.6339 -0.2922, 0.0544 0.6339 -0.2965, 0.0897 0.6339 -0.2971, 0.1307 0.6339 -0.3415, 0.1272 0.6339 -0.3762, 0.1205 0.6339 -0.3396, 0.1096 0.6339 -0.3726, 0.1105 0.6339 -0.3349, 0.0921 0.6339 -0.3645, 0.102 0.6339 -0.3281, 0.0771 0.6339 -0.3524, 0.1012 0.6339 -0.3272, 0.0754 0.6339 -0.3506, 0.095 0.6339 -0.3183, 0.0648 0.6339 -0.3361, 0.091 0.6339 -0.3081, 0.0574 0.6339 -0.3182, 0.0544 0.6339 -0.2996, 0.3116 0.6339 -0.2293, 0.3188 0.6339 -0.1938, 0.3248 0.6339 -0.2276, 0.3254 0.6339 -0.1935, 0.3306 0.6339 -0.2279, 0.3448 0.6339 -0.1955, 0.3447 0.6339 -0.2312, 0.3661 0.6339 -0.203, 0.3574 0.6339 -0.2379, 0.3852 0.6339 -0.2156, 0.3673 0.6339 -0.2468, 0.3908 0.6339 -0.2208, 0.3752 0.6339 -0.2581, 0.403 0.6339 -0.2358, 0.4127 0.6339 -0.2559, 0.2992 0.6339 -0.3357, 0.2613 0.6339 -0.3097, 0.1773 0.6339 -0.3569, 0.1773 0.6339 -0.3586, 0.1591 0.6339 -0.341, 0.2213 0.6339 -0.1816, 0.2183 0.6339 -0.1815, 0.1954 0.6339 -0.1498, 0.2005 0.6339 -0.1835, 0.1669 0.6339 -0.1599, 0.1825 0.6339 -0.19, 0.1664 0.6339 -0.2008, 0.3129 0.6339 -0.37, 0.3154 0.6339 -0.3653, 0.3167 0.6339 -0.36, 0.173 0.6339 -0.37, 0.1709 0.6339 -0.3721, 0.3097 0.6339 -0.4116, 0.2963 0.6339 -0.4137, 0.2946 0.6339 -0.3796, 0.294 0.6339 -0.4138, 0.29 0.6339 -0.3791, 0.2803 0.6339 -0.4121, 0.2849 0.6339 -0.3774, 0.2676 0.6339 -0.4072, 0.2805 0.6339 -0.3745, 0.2563 0.6339 -0.3993, 0.2767 0.6339 -0.3705, 0.2474 0.6339 -0.3894, 0.274 0.6339 -0.3656, 0.2407 0.6339 -0.3767, 0.2374 0.6339 -0.3627, 0.1769 0.6339 -0.3626, 0.1754 0.6339 -0.3664, 0.1574 0.6339 -0.3413, 0.167 0.6339 -0.3746, 0.1597 0.6339 -0.3409, 0.1638 0.6339 -0.3414, 0.1677 0.6339 -0.3429, 0.1712 0.6339 -0.3453, 0.1742 0.6339 -0.3486, 0.1763 0.6339 -0.3525, 0.0544 0.6299 -0.2965, 0.0567 0.6299 -0.2791, 0.059 0.6299 -0.2731, 0.0634 0.6299 -0.2616, 0.0748 0.6299 -0.2452, 0.09 0.6299 -0.232, 0.1068 0.6299 -0.2233, 0.1107 0.6299 -0.2219, 0.1229 0.6299 -0.1984, 0.1415 0.6299 -0.177, 0.1546 0.6299 -0.1682, 0.1669 0.6299 -0.1599, 0.1954 0.6299 -0.1498, 0.2189 0.6299 -0.1474, 0.2472 0.6299 -0.1509, 0.2734 0.6299 -0.161, 0.285 0.6299 -0.1682, 0.2872 0.6299 -0.1696, 0.3006 0.6299 -0.181, 0.3123 0.6299 -0.1946, 0.3188 0.6299 -0.1938, 0.3254 0.6299 -0.1935, 0.3448 0.6299 -0.1955, 0.3661 0.6299 -0.203, 0.3852 0.6299 -0.2156, 0.3908 0.6299 -0.2208, 0.4127 0.6299 -0.2559, 0.403 0.6299 -0.2358, 0.4162 0.6299 -0.2731, 0.4173 0.6299 -0.2784, 0.4176 0.6299 -0.2857, 0.4155 0.6299 -0.305, 0.4081 0.6299 -0.3264, 0.3962 0.6299 -0.3448, 0.3937 0.6299 -0.3478, 0.3787 0.6299 -0.361, 0.3586 0.6299 -0.3717, 0.3481 0.6299 -0.3751, 0.3474 0.6299 -0.3766, 0.3424 0.6299 -0.3873, 0.334 0.6299 -0.3977, 0.3229 0.6299 -0.4061, 0.3176 0.6299 -0.4083, 0.3097 0.6299 -0.4116, 0.2963 0.6299 -0.4137, 0.294 0.6299 -0.4138, 0.2371 0.6299 -0.3569, 0.2803 0.6299 -0.4121, 0.2705 0.6299 -0.4083, 0.2676 0.6299 -0.4072, 0.2563 0.6299 -0.3993, 0.2474 0.6299 -0.3894, 0.2407 0.6299 -0.3767, 0.2407 0.6299 -0.3766, 0.2374 0.6299 -0.3627, 0.2371 0.6299 -0.3512, 0.1574 0.6299 -0.309, 0.1751 0.6299 -0.2789, 0.2514 0.6299 -0.3187, 0.2613 0.6299 -0.3097, 0.2734 0.6299 -0.3032, 0.2871 0.6299 -0.2998, 0.294 0.6299 -0.2994, 0.3076 0.6299 -0.301, 0.3202 0.6299 -0.3058, 0.3318 0.6299 -0.3139, 0.3412 0.6299 -0.3247, 0.3476 0.6299 -0.3369, 0.3599 0.6299 -0.3293, 0.3702 0.6299 -0.3188, 0.377 0.6299 -0.3072, 0.3811 0.6299 -0.2932, 0.3817 0.6299 -0.2846, 0.3803 0.6299 -0.2731, 0.38 0.6299 -0.2708, 0.3752 0.6299 -0.2581, 0.3673 0.6299 -0.2468, 0.3574 0.6299 -0.2379, 0.3447 0.6299 -0.2312, 0.3306 0.6299 -0.2279, 0.3248 0.6299 -0.2276, 0.3116 0.6299 -0.2293, 0.2988 0.6299 -0.2339, 0.2946 0.6299 -0.2362, 0.2868 0.6299 -0.2196, 0.2744 0.6299 -0.2041, 0.2587 0.6299 -0.1922, 0.2402 0.6299 -0.1845, 0.2213 0.6299 -0.1816, 0.2183 0.6299 -0.1815, 0.2005 0.6299 -0.1835, 0.1825 0.6299 -0.19, 0.1664 0.6299 -0.2008, 0.1604 0.6299 -0.2065, 0.1484 0.6299 -0.2226, 0.1407 0.6299 -0.2414, 0.1386 0.6299 -0.2527, 0.1341 0.6299 -0.2527, 0.1233 0.6299 -0.254, 0.1133 0.6299 -0.2578, 0.1045 0.6299 -0.264, 0.0979 0.6299 -0.2714, 0.097 0.6299 -0.2731, 0.0926 0.6299 -0.2812, 0.0899 0.6299 -0.2922, 0.0897 0.6299 -0.2971, 0.091 0.6299 -0.3081, 0.095 0.6299 -0.3183, 0.1012 0.6299 -0.3272, 0.102 0.6299 -0.3281, 0.1105 0.6299 -0.3349, 0.1205 0.6299 -0.3396, 0.1307 0.6299 -0.3415, 0.1563 0.6299 -0.3415, 0.1574 0.6299 -0.3413, 0.1591 0.6299 -0.341, 0.1597 0.6299 -0.3409, 0.1638 0.6299 -0.3414, 0.1677 0.6299 -0.3429, 0.1712 0.6299 -0.3453, 0.1742 0.6299 -0.3486, 0.1763 0.6299 -0.3525, 0.1773 0.6299 -0.3569, 0.1773 0.6299 -0.3586, 0.1769 0.6299 -0.3626, 0.1754 0.6299 -0.3664, 0.173 0.6299 -0.37, 0.1709 0.6299 -0.3721, 0.167 0.6299 -0.3746, 0.1632 0.6299 -0.3759, 0.1608 0.6299 -0.3762, 0.1272 0.6299 -0.3762, 0.1096 0.6299 -0.3726, 0.0921 0.6299 -0.3645, 0.0771 0.6299 -0.3524, 0.0754 0.6299 -0.3506, 0.0648 0.6299 -0.3361, 0.0574 0.6299 -0.3182, 0.0544 0.6299 -0.2996, 0.2946 0.6299 -0.3352, 0.29 0.6299 -0.3357, 0.2847 0.6299 -0.3376, 0.2801 0.6299 -0.3406, 0.2764 0.6299 -0.3447, 0.2739 0.6299 -0.3494, 0.2726 0.6299 -0.3546, 0.2726 0.6299 -0.3602, 0.274 0.6299 -0.3656, 0.2767 0.6299 -0.3705, 0.2805 0.6299 -0.3745, 0.2849 0.6299 -0.3774, 0.29 0.6299 -0.3791, 0.2946 0.6299 -0.3796, 0.2994 0.6299 -0.3791, 0.3047 0.6299 -0.3772, 0.3093 0.6299 -0.3741, 0.3129 0.6299 -0.37, 0.3154 0.6299 -0.3653, 0.3167 0.6299 -0.36, 0.3167 0.6299 -0.3548, 0.3153 0.6299 -0.3494, 0.3126 0.6299 -0.3444, 0.3088 0.6299 -0.3404, 0.3043 0.6299 -0.3375, 0.2992 0.6299 -0.3357, 0.2992 0.6299 -0.3357
            ]
        }
        coordIndex [
            0,1,2,-1,3,4,5,-1,6,3,7,-1,7,3,8,-1,9,10,11,-1,11,10,12,-1,6,13,3,-1,3,13,14,-1,3,14,9,-1,9,14,15,-1,9,15,10,-1,16,17,2,-1,2,17,18,-1,2,18,0,-1,19,20,21,-1,22,23,24,-1,24,23,25,-1,24,25,26,-1,26,25,27,-1,26,27,28,-1,28,27,29,-1,30,31,32,-1,32,31,33,-1,32,33,34,-1,34,33,35,-1,34,35,36,-1,36,35,37,-1,36,37,38,-1,39,1,40,-1,40,1,41,-1,40,41,42,-1,19,21,43,-1,20,44,21,-1,21,44,45,-1,21,45,46,-1,46,45,47,-1,46,47,48,-1,48,47,49,-1,48,49,50,-1,50,49,2,-1,50,2,51,-1,52,53,54,-1,38,37,55,-1,55,37,56,-1,55,56,57,-1,58,59,60,-1,60,59,61,-1,60,61,24,-1,24,61,62,-1,24,62,22,-1,63,64,16,-1,16,64,65,-1,16,65,17,-1,66,67,68,-1,68,67,69,-1,68,69,70,-1,70,69,71,-1,70,71,72,-1,72,71,73,-1,72,73,63,-1,63,73,74,-1,63,74,64,-1,27,75,29,-1,29,75,76,-1,29,76,77,-1,77,76,78,-1,77,78,79,-1,79,78,80,-1,79,80,81,-1,81,80,82,-1,54,53,83,-1,83,53,84,-1,83,84,85,-1,85,84,86,-1,85,86,87,-1,87,86,88,-1,87,88,89,-1,89,88,90,-1,89,90,91,-1,91,90,92,-1,91,92,93,-1,93,92,94,-1,93,94,95,-1,95,94,96,-1,95,96,82,-1,82,96,97,-1,82,97,81,-1,30,32,98,-1,98,32,99,-1,98,99,100,-1,100,99,101,-1,100,101,102,-1,102,101,103,-1,102,103,104,-1,104,103,105,-1,104,105,106,-1,106,105,107,-1,106,107,108,-1,108,107,109,-1,108,109,110,-1,110,109,111,-1,110,111,66,-1,66,111,112,-1,66,112,67,-1,8,3,113,-1,113,3,5,-1,113,5,21,-1,21,5,114,-1,21,114,43,-1,115,116,117,-1,56,118,57,-1,57,118,119,-1,57,119,120,-1,120,119,121,-1,120,121,122,-1,122,121,123,-1,122,123,58,-1,58,123,124,-1,58,124,59,-1,39,125,1,-1,1,125,126,-1,1,126,2,-1,2,126,127,-1,2,127,51,-1,117,128,129,-1,41,130,42,-1,42,130,131,-1,42,131,132,-1,132,131,133,-1,132,133,134,-1,134,133,135,-1,134,135,136,-1,136,135,137,-1,136,137,138,-1,138,137,139,-1,138,139,140,-1,140,139,141,-1,140,141,142,-1,142,141,143,-1,142,143,12,-1,12,143,144,-1,12,144,11,-1,116,145,117,-1,117,145,146,-1,117,146,128,-1,54,147,52,-1,52,147,117,-1,52,117,148,-1,148,117,129,-1,117,149,115,-1,115,149,150,-1,115,150,151,-1,151,152,115,-1,115,152,153,-1,115,153,154,-1,81,155,156,-1,81,156,79,-1,79,156,157,-1,79,157,77,-1,157,158,77,-1,77,158,159,-1,77,159,29,-1,29,159,160,-1,29,160,28,-1,28,160,161,-1,28,161,26,-1,26,161,162,-1,26,162,24,-1,24,162,163,-1,24,163,60,-1,60,163,164,-1,60,164,58,-1,122,58,165,-1,165,58,164,-1,165,166,122,-1,122,166,167,-1,122,167,120,-1,120,167,168,-1,120,168,57,-1,57,168,169,-1,57,169,55,-1,55,169,170,-1,55,170,38,-1,38,170,36,-1,36,170,171,-1,36,171,172,-1,36,172,173,-1,36,173,34,-1,34,173,174,-1,34,174,32,-1,32,174,175,-1,32,175,99,-1,99,175,176,-1,99,176,101,-1,101,176,177,-1,101,177,103,-1,103,177,178,-1,103,178,105,-1,105,178,179,-1,105,179,107,-1,107,179,180,-1,107,180,109,-1,181,111,182,-1,182,111,109,-1,182,109,180,-1,183,67,181,-1,181,67,112,-1,181,112,111,-1,183,184,67,-1,67,184,185,-1,67,185,69,-1,69,185,186,-1,69,186,71,-1,71,186,187,-1,71,187,73,-1,73,187,188,-1,73,188,74,-1,74,188,189,-1,74,189,64,-1,64,189,190,-1,64,190,65,-1,65,190,191,-1,65,191,17,-1,17,191,192,-1,17,192,18,-1,18,192,193,-1,18,193,0,-1,193,194,0,-1,0,194,195,-1,0,195,1,-1,1,195,196,-1,1,196,41,-1,41,196,197,-1,41,197,130,-1,197,198,130,-1,130,198,199,-1,130,199,131,-1,131,199,200,-1,131,200,133,-1,201,11,144,-1,133,200,202,-1,203,137,202,-1,202,137,135,-1,202,135,133,-1,203,204,137,-1,137,204,205,-1,137,205,139,-1,139,205,206,-1,139,206,141,-1,141,206,207,-1,141,207,143,-1,143,207,208,-1,143,208,144,-1,144,208,209,-1,144,209,201,-1,9,11,210,-1,210,11,201,-1,3,9,211,-1,211,9,210,-1,4,3,212,-1,212,3,211,-1,5,4,213,-1,213,4,212,-1,5,213,214,-1,5,214,114,-1,114,214,215,-1,114,215,43,-1,43,215,216,-1,43,216,19,-1,19,216,217,-1,19,217,20,-1,20,217,218,-1,20,218,44,-1,44,218,219,-1,44,219,45,-1,45,219,220,-1,45,220,47,-1,47,220,221,-1,47,221,49,-1,49,221,222,-1,49,222,2,-1,2,222,223,-1,2,223,16,-1,16,223,224,-1,16,224,63,-1,63,224,225,-1,63,225,72,-1,72,225,226,-1,72,226,70,-1,70,226,227,-1,70,227,68,-1,68,227,66,-1,66,227,228,-1,228,229,66,-1,66,229,230,-1,66,230,110,-1,110,230,231,-1,110,231,108,-1,108,231,232,-1,108,232,106,-1,106,232,233,-1,106,233,104,-1,104,233,234,-1,104,234,102,-1,102,234,235,-1,102,235,100,-1,100,235,236,-1,100,236,98,-1,98,236,237,-1,98,237,30,-1,30,237,238,-1,30,238,31,-1,31,238,239,-1,31,239,33,-1,33,239,240,-1,33,240,35,-1,35,240,241,-1,35,241,37,-1,37,241,242,-1,37,242,56,-1,56,242,243,-1,56,243,118,-1,118,243,244,-1,118,244,119,-1,119,244,245,-1,119,245,121,-1,121,245,246,-1,121,246,123,-1,123,246,247,-1,123,247,124,-1,124,247,248,-1,124,248,59,-1,59,248,249,-1,59,249,61,-1,61,249,250,-1,61,250,62,-1,62,250,251,-1,62,251,22,-1,23,22,252,-1,252,22,251,-1,23,252,253,-1,23,253,25,-1,25,253,254,-1,25,254,27,-1,27,254,255,-1,27,255,75,-1,75,255,256,-1,75,256,76,-1,76,256,257,-1,76,257,78,-1,257,258,78,-1,78,258,259,-1,78,259,80,-1,80,259,260,-1,80,260,82,-1,82,260,261,-1,82,261,95,-1,95,261,262,-1,95,262,93,-1,93,262,263,-1,93,263,91,-1,91,263,264,-1,91,264,89,-1,89,264,265,-1,89,265,87,-1,87,265,266,-1,87,266,85,-1,85,266,267,-1,85,267,83,-1,54,83,268,-1,268,83,267,-1,54,268,269,-1,54,269,147,-1,147,269,270,-1,147,270,117,-1,117,270,271,-1,117,271,149,-1,149,271,272,-1,149,272,150,-1,150,272,273,-1,150,273,151,-1,151,273,274,-1,151,274,152,-1,152,274,275,-1,152,275,153,-1,153,275,276,-1,153,276,154,-1,154,276,277,-1,154,277,115,-1,115,277,278,-1,115,278,116,-1,116,278,279,-1,116,279,145,-1,145,279,280,-1,145,280,146,-1,146,280,281,-1,146,281,128,-1,128,281,282,-1,128,282,129,-1,129,282,283,-1,129,283,148,-1,148,283,284,-1,148,284,52,-1,52,284,285,-1,52,285,53,-1,84,53,286,-1,286,53,285,-1,84,286,287,-1,84,287,86,-1,86,287,288,-1,86,288,88,-1,88,288,289,-1,88,289,90,-1,90,289,290,-1,90,290,92,-1,92,290,291,-1,92,291,94,-1,94,291,292,-1,94,292,96,-1,96,292,293,-1,96,293,97,-1,97,293,155,-1,97,155,81,-1,8,294,295,-1,8,295,7,-1,7,295,296,-1,7,296,6,-1,6,296,297,-1,6,297,13,-1,13,297,298,-1,13,298,14,-1,14,298,299,-1,14,299,15,-1,15,299,300,-1,15,300,10,-1,10,300,301,-1,10,301,12,-1,12,301,302,-1,12,302,142,-1,142,302,303,-1,142,303,140,-1,140,303,304,-1,140,304,138,-1,138,304,305,-1,138,305,136,-1,136,305,306,-1,136,306,134,-1,134,306,307,-1,134,307,132,-1,132,307,308,-1,132,308,42,-1,42,308,309,-1,42,309,40,-1,40,309,310,-1,40,310,39,-1,39,310,311,-1,39,311,125,-1,125,311,312,-1,125,312,126,-1,126,312,313,-1,126,313,127,-1,127,313,314,-1,127,314,51,-1,51,314,315,-1,51,315,50,-1,50,315,316,-1,50,316,48,-1,48,316,317,-1,48,317,46,-1,46,317,318,-1,46,318,21,-1,21,318,319,-1,21,319,113,-1,113,319,294,-1,113,294,8,-1,
        ]
    }
}
Shape{
    appearance Appearance {
        material  Material 	{
            diffuseColor 0.2235294117647059 0.2235294117647059 0.2235294117647059
            specularColor 0.11372549019607843 0.11372549019607843 0.11372549019607843
            ambientIntensity 0.2
            transparency 0
            shininess 0.5
        }
    }
    geometry IndexedFaceSet {
        ccw TRUE
        solid FALSE
        coord DEF co Coordinate {
            point [
                0.2992 0.6299 -0.3357, 0.2946 0.6299 -0.3796, 0.2946 0.6299 -0.3352, 0.29 0.6299 -0.3791, 0.29 0.6299 -0.3357, 0.3126 0.6299 -0.3444, 0.3153 0.6299 -0.3494, 0.3167 0.6299 -0.3548, 0.3154 0.6299 -0.3653, 0.3129 0.6299 -0.37, 0.3093 0.6299 -0.3741, 0.2739 0.6299 -0.3494, 0.2764 0.6299 -0.3447, 0.2805 0.6299 -0.3745, 0.2801 0.6299 -0.3406, 0.3047 0.6299 -0.3772, 0.2994 0.6299 -0.3791, 0.274 0.6299 -0.3656, 0.2726 0.6299 -0.3602, 0.2726 0.6299 -0.3546, 0.2849 0.6299 -0.3774, 0.2847 0.6299 -0.3376, 0.3167 0.6299 -0.36, 0.3043 0.6299 -0.3375, 0.3088 0.6299 -0.3404, 0.2767 0.6299 -0.3705, 0.2767 0.6299 -0.3705
            ]
        }
        coordIndex [
            0,1,2,-1,2,1,3,-1,2,3,4,-1,5,6,7,-1,8,9,0,-1,0,9,10,-1,11,12,13,-1,13,12,14,-1,10,15,0,-1,0,15,16,-1,0,16,1,-1,17,18,19,-1,3,20,4,-1,4,20,13,-1,4,13,21,-1,21,13,14,-1,8,0,22,-1,22,0,23,-1,22,23,7,-1,7,23,24,-1,7,24,5,-1,11,13,19,-1,19,13,25,-1,19,25,17,-1,
        ]
    }
}
Shape{
    appearance Appearance {
        material  Material 	{
            diffuseColor 0.6666666666666666 0.6980392156862745 0.7686274509803922
            specularColor 0.3333333333333333 0.34901960784313724 0.3843137254901961
            ambientIntensity 0.2
            transparency 0
            shininess 0.5
        }
    }
    geometry IndexedFaceSet {
        ccw TRUE
        solid FALSE
        coord DEF co Coordinate {
            point [
                1.3189 -0.4429 -0.4917, 1.3189 -0.2854 -0.4917, 1.3189 -0.4429 -0.3346, 1.3189 -0.2854 -0.4528, 1.3189 -0.2657 -0.3346, 1.3189 0.4626 -0.4917, 1.3189 0.6201 -0.4917, 1.3189 0.4626 -0.4528, 1.3189 0.6201 -0.3346, 1.3189 0.4429 -0.3346, 1.3189 0.4429 -0.0791, 1.3189 -0.2657 -0.0791, 1.2402 -0.2854 -0.4528, 1.2402 -0.2854 -0.4917, 1.2402 -0.4429 -0.4917, 1.2402 -0.4429 -0.3346, 1.2402 -0.2657 -0.3346, 1.2402 0.4626 -0.4528, 1.2402 0.6201 -0.4917, 1.2402 0.4626 -0.4917, 1.2402 0.6201 -0.3346, 1.2402 0.4429 -0.3346, 1.2402 0.4429 -0.0791, 1.2402 -0.2657 -0.0791, 1.2429 0.6201 -0.5122, 1.2429 0.4626 -0.5122, 1.2508 0.6201 -0.5313, 1.2508 0.4626 -0.5313, 1.2633 0.6201 -0.5477, 1.2633 0.4626 -0.5477, 1.2797 0.6201 -0.5603, 1.2797 0.4626 -0.5603, 1.2988 0.6201 -0.5682, 1.2988 0.4626 -0.5682, 1.3193 0.6201 -0.5709, 1.3193 0.4626 -0.5709, 1.2429 -0.2854 -0.5122, 1.2429 -0.4429 -0.5122, 1.2508 -0.2854 -0.5313, 1.2508 -0.4429 -0.5313, 1.2633 -0.2854 -0.5477, 1.2633 -0.4429 -0.5477, 1.2797 -0.2854 -0.5603, 1.2797 -0.4429 -0.5603, 1.2988 -0.2854 -0.5682, 1.2988 -0.4429 -0.5682, 1.3193 -0.2854 -0.5709, 1.3193 -0.4429 -0.5709, 1.3193 0.4626 -0.4921, 1.3193 0.6201 -0.4921, 1.3192 0.4626 -0.4921, 1.3192 0.6201 -0.4921, 1.3191 0.4626 -0.4921, 1.3191 0.6201 -0.4921, 1.319 0.4626 -0.492, 1.319 0.6201 -0.492, 1.319 0.4626 -0.4919, 1.319 0.6201 -0.4919, 1.3189 0.4626 -0.4918, 1.3189 0.6201 -0.4918, 1.3193 -0.4429 -0.4921, 1.3193 -0.2854 -0.4921, 1.3192 -0.4429 -0.4921, 1.3192 -0.2854 -0.4921, 1.3191 -0.4429 -0.4921, 1.3191 -0.2854 -0.4921, 1.319 -0.4429 -0.492, 1.319 -0.2854 -0.492, 1.319 -0.4429 -0.4919, 1.319 -0.2854 -0.4919, 1.3189 -0.4429 -0.4918, 1.3189 -0.2854 -0.4918, 1.5439 0.5909 -0.5709, 1.5453 0.5807 -0.5709, 1.5059 0.6201 -0.5709, 1.5256 0.6148 -0.5709, 1.5337 0.6085 -0.5709, 1.54 0.6004 -0.5709, 1.5161 0.6187 -0.5709, 1.5453 0.502 -0.5709, 1.5059 0.4626 -0.5709, 1.5439 0.4918 -0.5709, 1.54 0.4823 -0.5709, 1.5337 0.4741 -0.5709, 1.5256 0.4679 -0.5709, 1.5161 0.4639 -0.5709, 1.5439 -0.3146 -0.5709, 1.5453 -0.3248 -0.5709, 1.5059 -0.2854 -0.5709, 1.5161 -0.2868 -0.5709, 1.5256 -0.2907 -0.5709, 1.5337 -0.297 -0.5709, 1.54 -0.3051 -0.5709, 1.5453 -0.4035 -0.5709, 1.5059 -0.4429 -0.5709, 1.5439 -0.4137 -0.5709, 1.54 -0.4232 -0.5709, 1.5337 -0.4314 -0.5709, 1.5256 -0.4376 -0.5709, 1.5161 -0.4416 -0.5709, 1.5439 0.4918 -0.4921, 1.5453 0.502 -0.4921, 1.5059 0.4626 -0.4921, 1.5256 0.4679 -0.4921, 1.5337 0.4741 -0.4921, 1.54 0.4823 -0.4921, 1.5453 0.5807 -0.4921, 1.5059 0.6201 -0.4921, 1.5439 0.5909 -0.4921, 1.54 0.6004 -0.4921, 1.5337 0.6085 -0.4921, 1.5256 0.6148 -0.4921, 1.5161 0.6187 -0.4921, 1.5161 0.4639 -0.4921, 1.5439 -0.4137 -0.4921, 1.5453 -0.4035 -0.4921, 1.5059 -0.4429 -0.4921, 1.5256 -0.4376 -0.4921, 1.5337 -0.4314 -0.4921, 1.54 -0.4232 -0.4921, 1.5453 -0.3248 -0.4921, 1.5059 -0.2854 -0.4921, 1.5439 -0.3146 -0.4921, 1.54 -0.3051 -0.4921, 1.5337 -0.297 -0.4921, 1.5256 -0.2907 -0.4921, 1.5161 -0.2868 -0.4921, 1.5161 -0.4416 -0.4921, -1.063 0.4429 -0.0787, -1.063 0.6398 -0.0787, 1.063 0.6398 -0.0787, 1.063 -0.2657 -0.0787, 1.063 -0.4626 -0.0787, -1.063 -0.4626 -0.0787, -1.063 -0.2657 -0.0787, -1.2398 -0.2657 -0.0787, -1.2398 0.4429 -0.0787, 1.063 0.4429 -0.0787, 1.2398 0.4429 -0.0787, 1.2398 -0.2657 -0.0787, 1.2398 -0.2657 0.0, 1.2398 0.4429 0.0, 1.063 -0.2657 0.0, 1.063 0.4429 0.0, 1.063 0.6398 0.0, -1.063 0.6398 0.0, -1.063 0.4429 0.0, -1.2398 0.4429 0.0, -1.2398 -0.2657 0.0, -1.063 -0.2657 0.0, -1.063 -0.4626 0.0, 1.063 -0.4626 0.0, -1.2402 -0.2854 -0.4917, -1.2402 -0.4429 -0.4917, -1.2429 -0.4429 -0.5122, -1.2429 -0.2854 -0.5122, -1.2508 -0.4429 -0.5313, -1.2508 -0.2854 -0.5313, -1.2633 -0.4429 -0.5477, -1.2633 -0.2854 -0.5477, -1.2797 -0.4429 -0.5603, -1.2797 -0.2854 -0.5603, -1.2988 -0.4429 -0.5682, -1.2988 -0.2854 -0.5682, -1.3193 -0.4429 -0.5709, -1.3193 -0.2854 -0.5709, -1.3193 -0.2854 -0.4921, -1.3193 -0.4429 -0.4921, -1.3192 -0.2854 -0.4921, -1.3192 -0.4429 -0.4921, -1.3191 -0.2854 -0.4921, -1.3191 -0.4429 -0.4921, -1.319 -0.2854 -0.492, -1.319 -0.4429 -0.492, -1.319 -0.2854 -0.4919, -1.319 -0.4429 -0.4919, -1.3189 -0.2854 -0.4918, -1.3189 -0.4429 -0.4918, -1.3189 -0.2854 -0.4917, -1.3189 -0.4429 -0.4917, -1.5439 -0.4137 -0.5709, -1.5453 -0.4035 -0.5709, -1.5059 -0.4429 -0.5709, -1.5256 -0.4376 -0.5709, -1.5337 -0.4314 -0.5709, -1.54 -0.4232 -0.5709, -1.5161 -0.4416 -0.5709, -1.5439 -0.3146 -0.5709, -1.5059 -0.2854 -0.5709, -1.5453 -0.3248 -0.5709, -1.54 -0.3051 -0.5709, -1.5337 -0.297 -0.5709, -1.5161 -0.2868 -0.5709, -1.5256 -0.2907 -0.5709, -1.5453 -0.3248 -0.4921, -1.5059 -0.2854 -0.4921, -1.5453 -0.4035 -0.4921, -1.5059 -0.4429 -0.4921, -1.5439 -0.4137 -0.4921, -1.54 -0.4232 -0.4921, -1.5337 -0.4314 -0.4921, -1.5256 -0.4376 -0.4921, -1.5161 -0.4416 -0.4921, -1.5256 -0.2907 -0.4921, -1.5337 -0.297 -0.4921, -1.5161 -0.2868 -0.4921, -1.54 -0.3051 -0.4921, -1.5439 -0.3146 -0.4921, -1.3189 -0.2657 -0.3346, -1.3189 0.4626 -0.4528, -1.3189 -0.2854 -0.4528, -1.3189 -0.4429 -0.3346, -1.3189 0.6201 -0.4917, -1.3189 0.4626 -0.4917, -1.3189 0.6201 -0.3346, -1.3189 0.4429 -0.3346, -1.3189 0.4429 -0.0791, -1.3189 -0.2657 -0.0791, -1.2402 -0.4429 -0.3346, -1.2402 -0.2854 -0.4528, -1.2402 -0.2657 -0.3346, -1.2402 0.4626 -0.4917, -1.2402 0.6201 -0.4917, -1.2402 0.4626 -0.4528, -1.2402 0.6201 -0.3346, -1.2402 0.4429 -0.3346, -1.2402 0.4429 -0.0791, -1.2402 -0.2657 -0.0791, -1.2399 -0.2657 -0.0788, -1.2602 -0.2657 -0.0027, -1.24 -0.2657 -0.0788, -1.2793 -0.2657 -0.0106, -1.24 -0.2657 -0.0789, -1.2957 -0.2657 -0.0232, -1.2401 -0.2657 -0.0789, -1.3083 -0.2657 -0.0396, -1.2401 -0.2657 -0.079, -1.3162 -0.2657 -0.0587, -1.2401 0.4429 -0.079, -1.3162 0.4429 -0.0587, -1.2401 0.4429 -0.0789, -1.3083 0.4429 -0.0396, -1.24 0.4429 -0.0789, -1.2957 0.4429 -0.0232, -1.24 0.4429 -0.0788, -1.2793 0.4429 -0.0106, -1.2399 0.4429 -0.0788, -1.2602 0.4429 -0.0027, -1.3189 0.6201 -0.4918, -1.2429 0.6201 -0.5122, -1.319 0.6201 -0.4919, -1.2508 0.6201 -0.5313, -1.319 0.6201 -0.492, -1.2633 0.6201 -0.5477, -1.3191 0.6201 -0.4921, -1.2797 0.6201 -0.5603, -1.3192 0.6201 -0.4921, -1.2988 0.6201 -0.5682, -1.3193 0.6201 -0.4921, -1.3193 0.6201 -0.5709, -1.2429 0.4626 -0.5122, -1.2508 0.4626 -0.5313, -1.2633 0.4626 -0.5477, -1.2797 0.4626 -0.5603, -1.2988 0.4626 -0.5682, -1.3193 0.4626 -0.5709, -1.3193 0.4626 -0.4921, -1.3192 0.4626 -0.4921, -1.3191 0.4626 -0.4921, -1.319 0.4626 -0.492, -1.319 0.4626 -0.4919, -1.3189 0.4626 -0.4918, -1.5059 0.6201 -0.4921, -1.5059 0.6201 -0.5709, -1.5439 0.4918 -0.5709, -1.5453 0.502 -0.5709, -1.5059 0.4626 -0.5709, -1.5256 0.4679 -0.5709, -1.5337 0.4741 -0.5709, -1.54 0.4823 -0.5709, -1.5161 0.4639 -0.5709, -1.5439 0.5909 -0.5709, -1.5453 0.5807 -0.5709, -1.54 0.6004 -0.5709, -1.5337 0.6085 -0.5709, -1.5161 0.6187 -0.5709, -1.5256 0.6148 -0.5709, -1.5453 0.5807 -0.4921, -1.5453 0.502 -0.4921, -1.5059 0.4626 -0.4921, -1.5439 0.4918 -0.4921, -1.54 0.4823 -0.4921, -1.5337 0.4741 -0.4921, -1.5256 0.4679 -0.4921, -1.5161 0.4639 -0.4921, -1.5256 0.6148 -0.4921, -1.5337 0.6085 -0.4921, -1.5161 0.6187 -0.4921, -1.54 0.6004 -0.4921, -1.5439 0.5909 -0.4921, 1.2399 0.4429 -0.0788, 1.2602 0.4429 -0.0027, 1.24 0.4429 -0.0788, 1.2793 0.4429 -0.0106, 1.24 0.4429 -0.0789, 1.2957 0.4429 -0.0232, 1.2401 0.4429 -0.0789, 1.3083 0.4429 -0.0396, 1.2401 0.4429 -0.079, 1.3162 0.4429 -0.0587, 1.2401 -0.2657 -0.079, 1.3162 -0.2657 -0.0587, 1.2401 -0.2657 -0.0789, 1.3083 -0.2657 -0.0396, 1.24 -0.2657 -0.0789, 1.2957 -0.2657 -0.0232, 1.24 -0.2657 -0.0788, 1.2793 -0.2657 -0.0106, 1.2399 -0.2657 -0.0788, 1.2602 -0.2657 -0.0027, 1.2602 -0.2657 -0.0027
            ]
        }
        coordIndex [
            0,1,2,-1,2,1,3,-1,2,3,4,-1,5,6,7,-1,7,6,8,-1,7,8,9,-1,10,11,9,-1,9,11,4,-1,9,4,7,-1,7,4,3,-1,12,13,14,-1,14,15,12,-1,12,15,16,-1,12,16,17,-1,18,19,20,-1,20,19,17,-1,20,17,21,-1,21,17,16,-1,21,16,22,-1,22,16,23,-1,19,18,24,-1,19,24,25,-1,25,24,26,-1,25,26,27,-1,27,26,28,-1,27,28,29,-1,29,28,30,-1,29,30,31,-1,31,30,32,-1,31,32,33,-1,33,32,34,-1,33,34,35,-1,14,13,36,-1,14,36,37,-1,37,36,38,-1,37,38,39,-1,39,38,40,-1,39,40,41,-1,41,40,42,-1,41,42,43,-1,43,42,44,-1,43,44,45,-1,45,44,46,-1,45,46,47,-1,48,49,50,-1,50,49,51,-1,50,51,52,-1,52,51,53,-1,52,53,54,-1,54,53,55,-1,54,55,56,-1,56,55,57,-1,56,57,58,-1,58,57,59,-1,58,59,5,-1,5,59,6,-1,60,61,62,-1,62,61,63,-1,62,63,64,-1,64,63,65,-1,64,65,66,-1,66,65,67,-1,66,67,68,-1,68,67,69,-1,68,69,70,-1,70,69,71,-1,70,71,0,-1,0,71,1,-1,72,73,74,-1,74,73,34,-1,75,76,77,-1,72,74,77,-1,77,74,78,-1,77,78,75,-1,34,73,35,-1,35,73,79,-1,35,79,80,-1,80,79,81,-1,80,81,82,-1,83,84,82,-1,82,84,85,-1,82,85,80,-1,86,87,88,-1,88,87,46,-1,88,89,90,-1,90,91,88,-1,88,91,92,-1,88,92,86,-1,46,87,47,-1,47,87,93,-1,47,93,94,-1,94,93,95,-1,94,95,96,-1,97,98,96,-1,96,98,99,-1,96,99,94,-1,100,101,102,-1,102,101,48,-1,103,104,105,-1,48,101,49,-1,49,101,106,-1,49,106,107,-1,107,106,108,-1,107,108,109,-1,110,111,109,-1,109,111,112,-1,109,112,107,-1,100,102,105,-1,105,102,113,-1,105,113,103,-1,114,115,116,-1,116,115,60,-1,117,118,119,-1,60,115,61,-1,61,115,120,-1,61,120,121,-1,121,120,122,-1,121,122,123,-1,123,124,121,-1,121,124,125,-1,121,125,126,-1,114,116,119,-1,119,116,127,-1,119,127,117,-1,106,101,73,-1,73,101,79,-1,120,115,87,-1,87,115,93,-1,20,8,18,-1,18,8,6,-1,2,15,0,-1,0,15,14,-1,11,23,4,-1,4,23,16,-1,22,10,21,-1,21,10,9,-1,128,129,130,-1,131,132,133,-1,134,135,136,-1,137,138,139,-1,139,131,137,-1,137,131,133,-1,137,133,130,-1,130,133,134,-1,130,134,128,-1,128,134,136,-1,140,141,142,-1,142,141,143,-1,144,145,143,-1,143,145,146,-1,147,148,146,-1,146,148,149,-1,146,149,143,-1,143,149,150,-1,143,150,142,-1,142,150,151,-1,140,142,139,-1,139,142,131,-1,151,150,132,-1,132,150,133,-1,130,129,144,-1,144,129,145,-1,152,153,154,-1,152,154,155,-1,155,154,156,-1,155,156,157,-1,157,156,158,-1,157,158,159,-1,159,158,160,-1,159,160,161,-1,161,160,162,-1,161,162,163,-1,163,162,164,-1,163,164,165,-1,166,167,168,-1,168,167,169,-1,168,169,170,-1,170,169,171,-1,170,171,172,-1,172,171,173,-1,172,173,174,-1,174,173,175,-1,174,175,176,-1,176,175,177,-1,176,177,178,-1,178,177,179,-1,180,181,182,-1,183,184,185,-1,180,182,185,-1,185,182,186,-1,185,186,183,-1,187,188,189,-1,189,188,165,-1,189,165,181,-1,181,165,164,-1,181,164,182,-1,187,190,188,-1,188,190,191,-1,188,191,192,-1,192,191,193,-1,194,166,195,-1,166,194,167,-1,167,194,196,-1,167,196,197,-1,197,196,198,-1,197,198,199,-1,200,201,199,-1,199,201,202,-1,199,202,197,-1,203,204,205,-1,205,204,206,-1,205,206,195,-1,195,206,207,-1,195,207,194,-1,196,194,181,-1,181,194,189,-1,208,209,210,-1,178,179,210,-1,210,179,211,-1,210,211,208,-1,212,213,214,-1,214,213,209,-1,214,209,215,-1,215,209,208,-1,215,208,216,-1,216,208,217,-1,153,152,218,-1,218,152,219,-1,218,219,220,-1,221,222,223,-1,223,222,224,-1,223,224,225,-1,226,227,225,-1,225,227,220,-1,225,220,223,-1,223,220,219,-1,153,218,179,-1,179,218,211,-1,134,149,135,-1,135,149,148,-1,146,128,147,-1,147,128,136,-1,149,134,150,-1,150,134,133,-1,128,146,129,-1,129,146,145,-1,135,148,228,-1,228,148,229,-1,228,229,230,-1,230,229,231,-1,230,231,232,-1,232,231,233,-1,232,233,234,-1,234,233,235,-1,234,235,236,-1,236,235,237,-1,236,237,227,-1,227,237,217,-1,226,216,238,-1,238,216,239,-1,238,239,240,-1,240,239,241,-1,240,241,242,-1,242,241,243,-1,242,243,244,-1,244,243,245,-1,244,245,246,-1,246,245,247,-1,246,247,136,-1,136,247,147,-1,148,147,247,-1,148,247,229,-1,229,247,245,-1,229,245,231,-1,231,245,243,-1,231,243,233,-1,233,243,241,-1,233,241,235,-1,235,241,239,-1,235,239,237,-1,237,239,216,-1,237,216,217,-1,227,226,236,-1,236,226,238,-1,236,238,234,-1,234,238,240,-1,234,240,232,-1,232,240,242,-1,232,242,230,-1,230,242,244,-1,230,244,228,-1,228,244,246,-1,228,246,135,-1,135,246,136,-1,216,226,215,-1,215,226,225,-1,227,217,220,-1,220,217,208,-1,208,211,220,-1,220,211,218,-1,225,224,215,-1,215,224,214,-1,214,224,212,-1,212,224,222,-1,212,222,248,-1,248,222,249,-1,248,249,250,-1,250,249,251,-1,250,251,252,-1,252,251,253,-1,252,253,254,-1,254,253,255,-1,254,255,256,-1,256,255,257,-1,256,257,258,-1,258,257,259,-1,167,164,169,-1,169,164,162,-1,169,162,171,-1,171,162,160,-1,171,160,173,-1,173,160,158,-1,173,158,175,-1,175,158,156,-1,175,156,177,-1,177,156,154,-1,177,154,179,-1,179,154,153,-1,222,221,260,-1,222,260,249,-1,249,260,261,-1,249,261,251,-1,251,261,262,-1,251,262,253,-1,253,262,263,-1,253,263,255,-1,255,263,264,-1,255,264,257,-1,257,264,265,-1,257,265,259,-1,258,266,256,-1,256,266,267,-1,256,267,254,-1,254,267,268,-1,254,268,252,-1,252,268,269,-1,252,269,250,-1,250,269,270,-1,250,270,248,-1,248,270,271,-1,248,271,212,-1,212,271,213,-1,182,164,197,-1,197,164,167,-1,272,258,273,-1,273,258,259,-1,274,275,276,-1,277,278,279,-1,274,276,279,-1,279,276,280,-1,279,280,277,-1,281,273,282,-1,282,273,259,-1,282,259,275,-1,275,259,265,-1,275,265,276,-1,281,283,273,-1,273,283,284,-1,273,284,285,-1,285,284,286,-1,287,258,272,-1,258,287,266,-1,266,287,288,-1,266,288,289,-1,289,288,290,-1,289,290,291,-1,292,293,291,-1,291,293,294,-1,291,294,289,-1,295,296,297,-1,297,296,298,-1,297,298,272,-1,272,298,299,-1,272,299,287,-1,288,287,275,-1,275,287,282,-1,223,219,209,-1,209,219,210,-1,210,219,178,-1,178,219,152,-1,178,152,176,-1,176,152,155,-1,176,155,174,-1,174,155,157,-1,174,157,172,-1,172,157,159,-1,172,159,170,-1,170,159,161,-1,170,161,168,-1,168,161,163,-1,168,163,166,-1,166,163,165,-1,166,165,195,-1,195,165,188,-1,289,276,266,-1,266,276,265,-1,266,265,267,-1,267,265,264,-1,267,264,268,-1,268,264,263,-1,268,263,269,-1,269,263,262,-1,269,262,270,-1,270,262,261,-1,270,261,271,-1,271,261,260,-1,271,260,213,-1,213,260,221,-1,213,221,209,-1,209,221,223,-1,137,143,138,-1,138,143,141,-1,144,143,130,-1,130,143,137,-1,142,151,131,-1,131,151,132,-1,138,141,300,-1,300,141,301,-1,300,301,302,-1,302,301,303,-1,302,303,304,-1,304,303,305,-1,304,305,306,-1,306,305,307,-1,306,307,308,-1,308,307,309,-1,308,309,22,-1,22,309,10,-1,23,11,310,-1,310,11,311,-1,310,311,312,-1,312,311,313,-1,312,313,314,-1,314,313,315,-1,314,315,316,-1,316,315,317,-1,316,317,318,-1,318,317,319,-1,318,319,139,-1,139,319,140,-1,141,140,319,-1,141,319,301,-1,301,319,317,-1,301,317,303,-1,303,317,315,-1,303,315,305,-1,305,315,313,-1,305,313,307,-1,307,313,311,-1,307,311,309,-1,309,311,11,-1,309,11,10,-1,22,23,308,-1,308,23,310,-1,308,310,306,-1,306,310,312,-1,306,312,304,-1,304,312,314,-1,304,314,302,-1,302,314,316,-1,302,316,300,-1,300,316,318,-1,300,318,138,-1,138,318,139,-1,9,8,21,-1,21,8,20,-1,16,15,4,-1,4,15,2,-1,0,14,70,-1,70,14,37,-1,70,37,68,-1,68,37,39,-1,68,39,66,-1,66,39,41,-1,66,41,64,-1,64,41,43,-1,64,43,62,-1,62,43,45,-1,62,45,60,-1,60,45,47,-1,49,34,51,-1,51,34,32,-1,51,32,53,-1,53,32,30,-1,53,30,55,-1,55,30,28,-1,55,28,57,-1,57,28,26,-1,57,26,59,-1,59,26,24,-1,59,24,6,-1,6,24,18,-1,74,34,107,-1,107,34,49,-1,116,60,94,-1,94,60,47,-1,17,7,12,-1,12,7,3,-1,7,17,5,-1,5,17,19,-1,5,19,58,-1,58,19,25,-1,58,25,56,-1,56,25,27,-1,56,27,54,-1,54,27,29,-1,54,29,52,-1,52,29,31,-1,52,31,50,-1,50,31,33,-1,50,33,48,-1,48,33,35,-1,48,35,102,-1,102,35,80,-1,121,88,61,-1,61,88,46,-1,61,46,63,-1,63,46,44,-1,63,44,65,-1,65,44,42,-1,65,42,67,-1,67,42,40,-1,67,40,69,-1,69,40,38,-1,69,38,71,-1,71,38,36,-1,71,36,1,-1,1,36,13,-1,1,13,3,-1,3,13,12,-1,182,197,202,-1,182,202,186,-1,186,202,201,-1,186,201,183,-1,183,201,200,-1,183,200,184,-1,184,200,199,-1,184,199,185,-1,185,199,198,-1,185,198,180,-1,180,198,196,-1,180,196,181,-1,195,188,192,-1,195,192,205,-1,205,192,193,-1,205,193,203,-1,203,193,191,-1,203,191,204,-1,204,191,190,-1,204,190,206,-1,206,190,187,-1,206,187,207,-1,207,187,189,-1,207,189,194,-1,276,289,294,-1,276,294,280,-1,280,294,293,-1,280,293,277,-1,277,293,292,-1,277,292,278,-1,278,292,291,-1,278,291,279,-1,279,291,290,-1,279,290,274,-1,274,290,288,-1,274,288,275,-1,282,287,299,-1,282,299,281,-1,281,299,298,-1,281,298,283,-1,283,298,296,-1,283,296,284,-1,284,296,295,-1,284,295,286,-1,286,295,297,-1,286,297,285,-1,285,297,272,-1,285,272,273,-1,74,107,112,-1,74,112,78,-1,78,112,111,-1,78,111,75,-1,75,111,110,-1,75,110,76,-1,76,110,109,-1,76,109,77,-1,77,109,108,-1,77,108,72,-1,72,108,106,-1,72,106,73,-1,102,80,85,-1,102,85,113,-1,113,85,84,-1,113,84,103,-1,103,84,83,-1,103,83,104,-1,104,83,82,-1,104,82,105,-1,105,82,81,-1,105,81,100,-1,100,81,79,-1,100,79,101,-1,88,121,126,-1,88,126,89,-1,89,126,125,-1,89,125,90,-1,90,125,124,-1,90,124,91,-1,91,124,123,-1,91,123,92,-1,92,123,122,-1,92,122,86,-1,86,122,120,-1,86,120,87,-1,93,115,114,-1,93,114,95,-1,95,114,119,-1,95,119,96,-1,96,119,118,-1,96,118,97,-1,97,118,117,-1,97,117,98,-1,98,117,127,-1,98,127,99,-1,99,127,116,-1,99,116,94,-1,
        ]
    }
}